student_id,tests_taken,quant_accuracy,logical_accuracy,verbal_accuracy,di_accuracy,avg_time_per_question,attempted_ratio,easy_accuracy,medium_accuracy,hard_accuracy,retake_count,consistency_score,overall_accuracy,level
S00001,6,59.02,67.45,57.78,43.89,68.5,82.24,67.28,49.91,39.09,1,84.89,57.04,Advanced
S00002,5,75.7,82.47,85.54,81.11,43.36,86.98,97.9,73.74,83.25,1,88.16,81.2,Advanced
S00003,1,72.11,62.96,75.33,62.16,70.57,80.9,98.61,67.02,45.57,0,78.32,68.14,Advanced
S00004,3,79.54,82.26,75.79,75.6,43.89,86.42,74.12,77.96,49.08,0,100.0,78.3,Advanced
S00005,2,34.39,21.72,23.13,33.71,80.63,82.13,54.44,30.72,13.71,2,81.4,28.24,Beginner
S00006,1,69.22,73.23,65.42,73.74,69.58,85.95,55.97,56.43,53.48,2,93.27,70.4,Advanced
S00007,1,72.77,61.16,59.95,31.19,86.17,93.35,65.15,55.77,31.84,0,73.8,56.27,Intermediate
S00008,5,52.84,74.53,66.63,59.1,69.34,92.99,82.5,61.56,50.38,0,87.87,63.27,Advanced
S00009,6,46.21,41.32,53.62,68.62,65.25,100,63.87,46.09,34.78,1,86.91,52.44,Intermediate
S00010,6,74.94,72.3,78.72,97.83,31.12,89.72,82.51,78.36,73.52,1,83.52,80.95,Advanced
S00011,4,48.14,88.89,60.69,62.65,41.67,73.45,90.72,79.99,62.13,0,42.51,65.09,Advanced
S00012,1,95.94,97.83,100.0,75.53,56.3,100,98.41,100.0,71.41,0,93.74,92.33,Advanced
S00013,5,45.47,56.57,52.37,54.98,78.24,100,77.57,73.19,36.22,1,88.71,52.35,Intermediate
S00014,1,53.99,75.03,87.65,91.62,54.07,88.26,92.96,58.36,61.07,0,76.51,77.07,Advanced
S00015,7,74.01,51.44,69.08,42.04,48.0,85.51,76.52,68.04,36.92,0,68.69,59.14,Intermediate
S00016,7,59.54,68.08,74.26,52.78,62.83,93.69,82.31,42.19,36.08,1,79.73,63.67,Intermediate
S00017,8,22.82,20.6,35.71,25.38,99.04,66.39,34.61,18.69,11.24,1,91.05,26.13,Beginner
S00018,6,82.95,94.52,92.43,100.0,41.78,91.72,100.0,94.81,51.37,1,97.46,92.47,Advanced
S00019,2,93.1,31.99,74.67,48.57,73.59,90.52,84.96,62.93,56.59,1,21.98,62.08,Intermediate
S00020,4,59.08,75.15,63.96,59.73,46.55,92.14,63.99,62.51,34.37,1,83.67,64.48,Intermediate
S00021,4,100.0,81.25,69.84,80.35,52.74,90.95,97.44,95.0,59.97,0,79.95,82.86,Advanced
S00022,3,57.69,50.33,52.57,47.7,70.37,77.32,63.25,52.24,32.16,2,85.35,52.07,Intermediate
S00023,1,57.75,70.83,58.72,24.0,70.26,79.68,73.35,70.54,52.62,1,55.42,52.83,Intermediate
S00024,4,73.28,74.18,56.43,78.22,73.94,99.11,89.98,89.23,66.16,0,93.2,70.53,Advanced
S00025,6,63.36,46.61,56.23,83.28,64.23,86.68,63.59,48.17,36.93,0,61.18,62.37,Intermediate
S00026,1,45.82,54.61,39.67,47.01,69.79,72.23,60.44,43.51,37.49,0,83.75,46.78,Beginner
S00027,5,51.96,61.95,63.54,52.25,55.8,82.47,43.38,34.37,16.87,0,89.67,57.43,Beginner
S00028,1,56.09,66.8,47.86,70.06,44.32,81.33,89.33,84.04,65.82,0,75.4,60.2,Advanced
S00029,5,49.37,51.11,56.02,70.08,72.09,87.96,84.37,65.25,68.53,1,83.91,56.64,Advanced
S00030,6,28.4,44.22,36.16,41.69,61.27,73.01,51.91,44.13,28.85,1,78.26,37.62,Beginner
S00031,7,36.71,54.71,50.39,46.76,73.14,87.33,51.33,20.08,27.18,1,84.36,47.14,Beginner
S00032,3,46.34,55.22,52.57,63.62,81.83,85.03,54.17,51.82,56.65,1,78.84,54.44,Intermediate
S00033,3,76.29,66.62,71.89,93.2,22.94,100,96.56,63.52,29.43,1,71.94,77.0,Advanced
S00034,1,48.86,56.34,55.16,51.15,86.63,73.98,66.08,38.54,28.52,3,79.58,52.88,Beginner
S00035,6,74.11,98.8,84.34,76.64,45.86,98.18,87.34,100.0,70.78,0,69.37,83.47,Advanced
S00036,11,72.36,43.62,46.76,58.41,57.77,88.0,89.21,49.27,40.46,0,65.36,55.29,Intermediate
S00037,4,57.73,49.82,75.46,46.61,60.05,100,72.55,44.09,36.08,1,80.61,57.41,Intermediate
S00038,8,17.43,28.87,40.76,54.97,87.42,75.16,42.39,34.84,15.72,2,79.92,35.51,Beginner
S00039,3,41.88,48.06,0.0,28.81,81.91,69.96,49.06,16.17,0.0,0,74.65,29.69,Beginner
S00040,1,52.8,59.96,46.6,44.99,55.14,91.45,64.11,63.55,47.36,0,91.05,51.09,Intermediate
S00041,7,63.23,43.11,31.61,48.49,60.88,78.0,88.52,49.23,26.59,1,69.28,46.61,Intermediate
S00042,6,65.93,57.88,83.1,71.01,60.47,84.83,69.39,62.73,53.28,0,86.81,69.48,Advanced
S00043,5,71.67,48.6,52.2,54.36,73.9,84.77,58.04,40.22,34.37,1,63.9,56.71,Intermediate
S00044,2,67.82,94.67,70.26,85.79,51.57,93.27,91.47,74.77,54.54,0,62.62,79.64,Advanced
S00045,5,65.33,75.19,82.91,67.92,41.38,100,82.07,57.37,52.65,0,88.22,72.84,Advanced
S00046,7,52.26,67.98,77.29,65.79,55.25,100,64.38,65.4,61.06,0,75.1,65.83,Advanced
S00047,4,88.65,75.66,59.16,54.77,18.97,95.69,100.0,97.68,69.1,1,89.53,69.56,Advanced
S00048,4,35.17,51.19,46.02,54.63,79.31,88.59,66.0,61.01,56.97,1,69.83,46.75,Advanced
S00049,2,75.92,99.21,100.0,92.4,51.39,87.72,100.0,85.69,89.39,0,81.87,91.88,Advanced
S00050,1,65.37,49.6,39.66,62.33,57.88,85.17,81.02,43.84,31.06,3,74.29,54.24,Beginner
S00051,1,66.06,74.91,52.12,58.28,41.79,100,84.72,76.31,77.8,0,82.29,62.84,Advanced
S00052,3,39.4,48.22,51.55,68.82,69.61,89.55,84.26,65.13,64.42,0,78.86,52.0,Intermediate
S00053,3,60.24,53.12,45.71,35.62,63.51,92.59,63.39,58.4,40.94,0,92.63,48.67,Intermediate
S00054,1,38.34,65.94,9.86,37.18,50.95,92.27,50.52,64.06,27.41,2,51.96,37.83,Intermediate
S00055,5,81.99,86.39,79.87,72.15,28.96,93.84,94.56,78.18,77.76,0,95.51,80.1,Advanced
S00056,4,100.0,90.24,95.4,100.0,27.35,100,95.06,90.82,66.35,0,89.61,96.41,Advanced
S00057,9,72.51,57.64,61.68,67.54,73.1,95.32,74.05,46.06,38.55,0,72.26,64.84,Intermediate
S00058,4,62.27,38.08,58.57,67.13,59.38,86.69,67.33,44.19,36.03,0,67.39,56.51,Intermediate
S00059,7,79.64,54.03,68.98,90.09,34.63,100,92.44,73.28,42.24,0,70.78,73.19,Advanced
S00060,6,86.77,100.0,100.0,99.83,47.31,89.97,98.48,92.72,46.53,0,91.14,96.65,Advanced
S00061,8,56.41,68.63,54.27,60.72,66.67,85.15,78.25,64.47,51.95,0,84.66,60.0,Intermediate
S00062,5,29.87,40.96,23.22,68.14,92.64,79.92,64.18,26.01,8.86,1,54.35,40.55,Beginner
S00063,5,49.94,69.86,50.2,65.31,78.69,93.28,60.31,43.03,23.34,1,63.37,58.83,Intermediate
S00064,3,62.02,60.98,55.54,72.41,49.23,82.68,84.83,67.72,63.96,0,99.73,62.74,Advanced
S00065,2,64.66,39.17,44.38,56.88,36.39,93.7,73.78,50.53,31.24,1,66.46,51.27,Intermediate
S00066,5,60.56,56.09,60.3,81.48,43.49,87.73,77.32,67.6,44.23,1,84.5,64.6,Intermediate
S00067,2,61.11,61.8,42.47,56.64,73.03,89.21,54.12,36.39,40.37,1,96.95,55.5,Intermediate
S00068,6,40.99,60.02,49.64,60.54,64.67,86.11,61.3,56.56,57.63,0,74.09,52.8,Intermediate
S00069,7,29.89,48.76,75.48,66.84,73.93,76.19,63.36,51.14,25.1,0,80.63,55.24,Intermediate
S00070,3,40.17,55.61,63.81,61.76,68.59,86.53,69.94,72.31,54.0,1,79.83,55.34,Intermediate
S00071,5,31.4,34.37,47.33,56.3,69.99,88.33,60.29,63.34,14.38,0,100.0,42.35,Intermediate
S00072,6,53.27,65.46,54.03,62.44,53.9,100,75.61,63.28,62.17,0,78.6,58.8,Advanced
S00073,5,75.84,80.95,75.33,79.47,70.37,100,84.55,75.27,49.65,2,92.58,77.9,Advanced
S00074,4,84.86,85.57,67.3,76.82,56.36,94.87,90.69,56.23,68.07,2,91.02,78.64,Advanced
S00075,9,87.71,76.72,64.31,72.04,60.29,93.07,98.92,61.16,75.96,1,83.12,75.2,Advanced
S00076,7,40.34,46.29,54.19,44.31,62.41,71.3,41.45,35.26,32.39,3,91.76,46.28,Intermediate
S00077,5,47.16,34.75,63.18,51.21,54.44,96.6,88.77,64.69,40.17,1,83.72,49.08,Intermediate
S00078,5,100.0,100.0,88.19,95.85,59.47,95.2,88.6,75.1,48.53,1,94.0,96.01,Advanced
S00079,1,43.89,19.11,31.71,17.62,77.14,72.05,40.79,31.11,0.0,2,68.27,28.08,Beginner
S00080,5,67.66,93.0,68.42,73.49,44.4,88.55,100.0,89.16,71.26,0,64.78,75.64,Advanced
S00081,3,36.85,53.1,43.89,37.9,76.09,64.98,65.38,47.41,28.17,1,76.95,42.94,Beginner
S00082,1,31.76,24.9,41.91,13.59,99.01,97.93,63.64,41.72,38.14,2,74.68,28.04,Beginner
S00083,2,66.21,39.37,64.54,52.34,68.43,78.79,75.62,53.96,13.18,0,66.71,55.61,Intermediate
S00084,2,43.7,51.2,62.04,59.61,54.18,87.26,87.7,71.16,29.07,0,94.34,54.14,Intermediate
S00085,1,59.4,64.65,74.01,57.71,47.03,80.35,73.2,66.66,59.71,0,74.52,63.94,Advanced
S00086,3,58.78,81.68,44.29,65.01,66.38,90.7,74.6,86.32,47.72,0,65.91,62.44,Advanced
S00087,5,57.3,58.67,51.33,57.1,61.15,76.33,52.98,65.94,24.12,0,94.79,56.1,Intermediate
S00088,1,65.55,72.73,81.39,62.22,76.76,92.13,89.99,63.24,59.66,0,72.5,70.47,Advanced
S00089,6,22.33,14.58,48.61,40.52,86.98,81.43,52.86,28.8,13.9,1,72.52,31.51,Beginner
S00090,1,89.7,75.94,100.0,65.32,52.33,88.46,97.53,88.61,81.4,0,68.77,82.74,Advanced
S00091,4,43.46,59.59,45.6,37.16,66.71,66.94,64.6,31.52,19.6,1,76.67,46.46,Beginner
S00092,3,58.54,66.92,52.11,75.35,59.96,81.9,64.73,46.94,31.04,0,73.82,63.23,Intermediate
S00093,4,53.59,73.31,70.06,45.68,53.47,90.56,84.94,61.59,28.9,1,56.56,60.66,Intermediate
S00094,1,62.03,69.69,69.96,75.96,73.6,87.42,72.73,73.38,48.48,0,85.97,69.41,Advanced
S00095,8,44.36,47.24,53.4,50.09,68.26,98.09,63.54,53.93,30.12,1,95.99,48.77,Intermediate
S00096,4,45.08,65.96,59.34,38.21,78.08,89.27,81.4,61.62,74.67,0,67.61,52.15,Intermediate
S00097,5,63.6,51.25,29.44,33.76,58.72,75.34,56.72,44.62,25.59,0,79.05,44.51,Intermediate
S00098,9,41.98,62.85,56.69,67.91,49.42,85.54,65.64,61.06,64.84,0,59.2,57.36,Advanced
S00099,5,50.15,55.54,21.76,30.45,84.8,69.33,61.86,22.72,11.97,1,95.52,39.47,Beginner
S00100,6,73.99,46.72,25.95,26.71,51.85,78.23,61.43,57.86,54.19,0,67.62,43.34,Intermediate
S00101,1,75.45,56.04,63.3,62.61,57.01,84.09,82.89,73.7,27.3,0,81.76,64.35,Advanced
S00102,4,42.87,42.74,55.54,58.07,56.9,81.52,66.67,63.95,46.46,0,96.93,49.8,Intermediate
S00103,6,100.0,88.21,95.52,75.96,48.91,98.74,100.0,100.0,61.79,0,77.71,89.92,Advanced
S00104,4,84.24,58.49,93.91,63.85,32.05,77.27,88.58,98.27,82.85,1,52.84,75.12,Advanced
S00105,8,50.0,61.3,40.11,29.03,64.29,73.29,77.51,63.67,20.11,1,84.41,45.11,Intermediate
S00106,2,91.09,77.7,68.93,88.52,53.39,96.33,95.43,76.31,66.19,0,74.36,81.56,Advanced
S00107,9,48.48,56.98,58.8,65.75,55.32,80.11,66.4,51.3,41.19,0,80.36,57.5,Advanced
S00108,5,35.11,29.31,40.39,48.59,82.67,74.46,61.3,31.87,28.2,2,93.3,38.35,Intermediate
S00109,5,63.5,40.97,47.64,47.53,114.36,81.29,65.82,40.12,34.14,2,80.23,49.91,Intermediate
S00110,6,71.3,41.94,46.37,45.67,73.3,92.5,54.91,49.0,33.13,0,74.4,51.32,Intermediate
S00111,5,46.56,47.54,25.54,57.28,62.21,70.68,69.59,41.16,33.41,2,75.89,44.23,Beginner
S00112,7,91.95,83.02,85.77,95.58,54.92,89.51,83.71,83.02,68.87,0,90.35,89.08,Advanced
S00113,6,55.65,48.36,50.45,43.96,64.23,77.59,64.33,46.72,15.02,0,88.83,49.61,Intermediate
S00114,4,69.58,75.61,88.52,90.8,51.28,95.86,100.0,91.07,77.82,2,91.15,81.13,Advanced
S00115,2,83.85,66.16,73.16,86.62,58.61,99.03,93.52,90.55,75.16,0,80.35,77.45,Advanced
S00116,1,59.77,65.26,62.56,61.06,61.34,81.61,84.58,71.05,37.17,1,94.0,62.16,Advanced
S00117,1,23.56,32.25,5.42,0.0,79.04,82.36,22.88,18.29,0.0,3,94.82,15.31,Beginner
S00118,3,54.24,68.68,57.37,65.24,60.96,80.36,50.9,56.29,36.38,0,65.48,61.38,Intermediate
S00119,2,42.34,23.66,56.63,41.73,54.04,86.58,58.46,27.37,16.75,1,74.53,41.09,Beginner
S00120,5,74.92,65.1,70.29,77.63,42.83,92.18,71.74,55.07,45.37,1,79.8,71.98,Advanced
S00121,2,60.63,38.9,53.47,31.84,75.85,85.26,81.34,53.94,51.02,0,65.86,46.21,Intermediate
S00122,5,100.0,100.0,94.84,100.0,33.99,100,100.0,100.0,70.73,0,86.75,98.71,Advanced
S00123,8,55.43,69.48,46.76,64.54,45.84,84.7,62.11,81.5,67.36,0,84.15,59.05,Advanced
S00124,2,40.09,26.68,22.52,28.33,83.56,64.81,37.21,20.76,23.48,2,75.51,29.4,Beginner
S00125,5,72.73,46.98,50.33,59.69,61.2,88.06,93.65,77.44,24.53,1,77.26,57.43,Intermediate
S00126,1,17.93,0.0,7.52,13.04,78.84,67.81,23.31,9.1,13.04,4,84.26,9.62,Beginner
S00127,5,47.47,60.81,17.77,10.04,59.64,100,32.07,32.43,34.49,0,85.87,34.02,Beginner
S00128,5,100.0,100.0,60.56,91.74,35.8,86.77,100.0,75.51,70.39,0,67.83,88.07,Advanced
S00129,5,52.09,55.68,47.6,39.86,56.09,84.11,84.83,41.81,30.12,1,86.56,48.81,Beginner
S00130,1,81.26,85.1,90.52,81.95,51.92,93.68,98.76,63.1,62.64,0,91.82,84.71,Advanced
S00131,7,44.34,49.89,66.3,47.89,77.59,83.98,76.38,51.85,40.81,0,79.55,52.1,Intermediate
S00132,4,100.0,92.93,100.0,70.91,39.43,91.93,98.28,73.56,82.75,1,70.29,90.96,Advanced
S00133,2,28.13,27.93,31.23,28.92,86.22,80.46,51.4,35.49,19.2,2,100.0,29.05,Beginner
S00134,5,65.54,56.01,64.19,66.62,41.5,92.48,84.06,65.0,47.17,0,90.42,63.09,Intermediate
S00135,4,54.69,46.42,45.73,42.58,62.85,78.56,64.42,51.29,37.26,3,90.06,47.35,Intermediate
S00136,3,88.22,48.28,61.62,57.16,68.78,100,89.24,58.66,46.6,0,52.93,63.82,Advanced
S00137,1,84.85,65.02,68.95,74.19,57.13,75.38,94.54,74.22,51.15,1,79.42,73.25,Advanced
S00138,3,59.93,54.14,46.31,56.65,83.35,98.59,64.81,62.59,32.85,0,86.9,54.26,Intermediate
S00139,1,63.77,61.92,70.73,50.14,59.98,96.92,88.88,71.16,66.0,0,83.19,61.64,Intermediate
S00140,5,92.25,94.71,100.0,100.0,44.31,92.56,100.0,100.0,88.65,2,95.16,96.74,Advanced
S00141,3,36.82,77.33,71.81,56.45,59.33,78.93,57.72,64.26,27.92,0,34.26,60.6,Intermediate
S00142,6,92.6,67.9,54.61,96.63,44.6,95.42,90.75,71.91,60.93,0,48.68,77.93,Advanced
S00143,2,35.05,48.38,64.38,50.92,73.08,75.97,70.94,54.98,30.81,0,78.87,49.68,Intermediate
S00144,5,32.95,47.46,17.13,37.65,64.23,85.17,64.52,53.36,33.13,2,69.64,33.8,Intermediate
S00145,1,55.94,79.91,57.43,38.17,72.56,94.53,40.21,46.46,32.83,1,80.18,57.86,Intermediate
S00146,5,30.24,42.84,30.89,57.77,87.19,67.95,59.12,46.9,18.63,2,77.28,40.43,Intermediate
S00147,7,56.49,78.48,90.01,59.57,39.82,80.13,83.62,75.97,49.25,0,55.56,71.14,Intermediate
S00148,5,73.42,82.87,87.54,69.17,44.97,94.15,86.8,52.99,71.95,0,79.45,78.25,Advanced
S00149,7,58.92,72.55,84.13,67.72,57.73,97.81,95.01,63.39,67.24,0,68.08,70.83,Advanced
S00150,4,57.06,40.7,70.61,78.41,59.54,75.48,46.91,64.65,31.5,0,76.31,61.69,Advanced
S00151,3,74.03,76.4,94.35,77.88,41.38,88.17,100.0,73.72,63.22,0,78.87,80.66,Advanced
S00152,1,54.23,57.8,35.1,55.9,69.28,95.57,68.97,43.48,33.34,1,90.33,50.76,Intermediate
S00153,4,49.37,61.24,63.31,48.0,72.32,78.47,50.98,74.73,57.92,0,87.38,55.48,Advanced
S00154,3,21.99,25.58,21.03,43.58,91.67,72.44,44.47,31.26,22.36,0,89.14,28.04,Beginner
S00155,8,78.61,85.36,82.89,94.97,61.43,98.24,99.54,78.21,86.51,0,93.16,85.45,Advanced
S00156,8,55.79,62.17,47.77,68.47,67.55,97.17,64.78,62.44,46.36,1,78.55,58.55,Advanced
S00157,7,54.82,38.81,51.18,67.87,74.57,86.29,65.35,57.52,45.19,0,78.37,53.17,Intermediate
S00158,3,49.84,44.12,38.08,53.11,77.37,89.56,59.72,46.48,48.81,1,76.26,46.29,Intermediate
S00159,4,51.84,30.54,32.35,48.26,60.79,83.75,58.95,54.26,42.2,2,61.37,40.75,Beginner
S00160,5,88.85,74.88,96.3,90.43,57.92,92.93,100.0,92.7,88.79,0,78.55,87.61,Advanced
S00161,3,43.5,50.0,67.34,44.91,64.94,94.09,77.38,68.02,39.67,1,80.59,51.44,Intermediate
S00162,6,62.87,62.49,62.07,62.28,69.58,85.59,92.96,69.78,41.85,0,100.0,62.43,Advanced
S00163,6,0.0,11.46,4.75,0.0,86.61,87.37,27.27,10.15,3.77,3,87.09,4.05,Beginner
S00164,3,79.74,65.53,62.88,68.06,64.61,98.22,77.34,72.96,28.6,0,89.77,69.05,Intermediate
S00165,2,65.46,66.86,50.12,69.34,40.86,90.32,85.64,66.38,54.72,0,86.73,62.95,Advanced
S00166,4,100.0,100.0,99.5,98.6,46.03,89.76,100.0,100.0,87.07,0,90.4,99.53,Advanced
S00167,7,27.76,25.64,46.57,37.91,74.15,90.22,31.7,26.95,34.85,1,96.15,34.47,Beginner
S00168,7,79.13,81.87,75.0,74.83,44.72,90.67,88.52,83.71,63.46,0,100.0,77.71,Advanced
S00169,1,70.2,73.27,53.74,70.13,49.16,90.57,100.0,50.43,48.76,1,89.84,66.83,Advanced
S00170,4,53.28,41.13,64.13,35.49,62.49,95.41,82.13,70.52,36.07,1,71.21,48.51,Intermediate
S00171,5,43.73,64.75,60.3,70.47,55.5,95.51,59.72,57.68,61.74,0,76.1,59.81,Intermediate
S00172,10,34.51,27.46,31.53,40.07,67.79,86.19,74.08,52.19,26.76,0,100.0,33.39,Intermediate
S00173,9,99.01,92.95,86.86,100.0,49.92,98.57,100.0,100.0,73.02,0,88.86,94.71,Advanced
S00174,6,81.81,70.83,73.45,75.61,59.57,100,100.0,87.14,71.47,0,94.57,75.42,Advanced
S00175,5,49.19,22.82,47.43,69.57,71.17,85.79,59.43,48.28,24.49,1,53.19,47.25,Intermediate
S00176,2,38.35,30.05,26.53,30.17,43.74,93.37,32.19,53.17,13.54,1,84.27,31.28,Beginner
S00177,8,52.83,70.58,56.92,37.17,73.3,67.78,57.94,49.94,40.86,2,80.66,54.37,Intermediate
S00178,4,60.47,35.13,67.67,58.44,69.04,76.24,51.75,19.21,10.78,2,67.48,55.43,Beginner
S00179,3,31.05,28.88,49.42,22.51,68.16,81.55,42.95,43.05,10.78,0,91.74,32.97,Intermediate
S00180,5,34.02,39.9,23.02,24.3,58.32,91.73,53.6,46.33,0.0,1,94.83,30.31,Beginner
S00181,1,72.67,48.7,83.08,75.37,64.87,76.23,84.53,81.19,49.46,0,77.62,69.96,Advanced
S00182,4,53.27,33.32,49.4,41.36,67.14,88.6,68.51,49.23,29.81,0,76.77,44.34,Intermediate
S00183,3,18.2,13.78,46.4,45.32,62.88,69.29,51.29,24.03,31.51,2,90.79,30.93,Beginner
S00184,1,10.08,35.33,16.53,22.07,99.35,69.89,38.98,22.33,0.0,2,80.68,21.0,Beginner
S00185,4,41.36,31.86,51.68,23.31,91.35,85.06,53.1,45.24,7.89,0,62.17,37.05,Beginner
S00186,3,53.65,73.72,63.06,53.68,79.79,91.51,61.52,73.35,48.76,0,66.23,61.03,Advanced
S00187,4,90.92,100.0,100.0,93.84,31.38,92.42,100.0,90.49,84.67,2,85.24,96.19,Advanced
S00188,2,66.67,54.76,33.85,28.3,72.32,78.85,57.87,34.57,32.71,0,92.56,45.89,Beginner
S00189,2,75.85,61.3,78.39,72.51,66.89,87.48,79.67,68.42,37.63,0,83.66,72.01,Advanced
S00190,2,40.85,31.84,32.51,43.62,73.73,86.26,43.08,38.17,6.22,0,86.4,37.2,Beginner
S00191,4,64.96,79.79,87.71,62.45,56.06,87.65,76.82,81.29,43.33,0,73.02,73.73,Advanced
S00192,3,75.03,52.5,64.6,61.86,49.16,95.59,70.25,69.13,15.27,0,77.3,63.5,Advanced
S00193,2,81.56,62.48,76.28,98.91,42.35,100,100.0,98.41,58.1,0,51.21,79.81,Advanced
S00194,5,82.28,68.44,60.08,66.88,28.05,79.4,100.0,79.34,52.77,0,72.69,69.42,Advanced
S00195,7,51.87,44.92,61.5,52.68,68.68,75.79,61.44,66.4,44.75,1,85.98,52.74,Intermediate
S00196,2,49.47,61.41,59.16,44.41,77.17,78.44,59.28,61.41,56.83,2,81.05,53.61,Intermediate
S00197,3,60.73,59.1,62.65,45.89,65.72,93.02,76.15,60.06,53.93,0,94.03,57.09,Intermediate
S00198,7,59.21,46.33,63.1,65.67,51.86,86.96,89.29,64.89,51.51,0,87.85,58.58,Intermediate
S00199,2,42.62,51.24,20.95,15.06,57.5,96.29,45.44,59.84,34.34,0,72.53,32.47,Intermediate
S00200,5,99.77,93.0,96.76,98.3,25.12,100,100.0,94.93,87.02,0,100.0,96.96,Advanced
S00201,4,38.7,55.79,28.31,16.46,90.95,99.34,38.74,38.06,16.34,0,70.39,34.81,Beginner
S00202,6,95.85,100.0,74.51,73.77,65.14,90.5,89.18,88.33,47.2,0,98.68,86.03,Advanced
S00203,3,85.25,90.3,76.82,89.64,50.52,81.26,100.0,100.0,63.93,0,80.42,85.5,Advanced
S00204,5,56.44,49.43,45.18,78.74,63.24,81.57,66.74,78.01,50.78,0,66.73,57.45,Intermediate
S00205,4,58.17,58.42,34.47,43.4,65.18,83.29,79.49,37.87,41.38,0,96.38,48.62,Intermediate
S00206,6,79.32,53.99,78.55,46.3,69.91,81.33,72.43,63.34,32.32,0,55.13,64.54,Intermediate
S00207,9,100.0,80.1,66.74,49.41,49.93,89.43,85.77,67.91,60.67,0,64.31,74.06,Advanced
S00208,9,71.74,69.18,66.23,88.7,47.83,82.02,82.65,56.55,81.18,0,72.92,73.96,Advanced
S00209,6,69.3,93.05,77.06,92.08,50.42,81.48,91.37,69.36,57.0,0,64.95,82.87,Advanced
S00210,4,65.56,67.04,54.73,32.17,46.29,78.77,82.0,48.39,19.91,1,86.74,54.87,Intermediate
S00211,6,82.04,85.81,83.3,78.72,44.99,100,88.33,52.47,75.1,0,95.49,82.47,Advanced
S00212,1,52.01,38.6,64.75,54.24,64.76,89.22,82.89,31.89,40.46,0,80.64,52.4,Intermediate
S00213,9,27.07,34.35,50.91,29.35,66.61,77.54,59.31,31.93,35.84,2,84.89,35.42,Beginner
S00214,1,62.47,59.26,38.83,70.46,64.79,79.24,77.25,42.23,19.58,0,88.54,57.75,Intermediate
S00215,3,57.41,47.74,60.38,30.95,56.37,89.43,60.43,52.57,28.79,1,78.88,49.12,Beginner
S00216,8,36.59,39.56,69.36,57.0,71.01,68.05,66.76,42.15,12.88,0,81.07,50.63,Beginner
S00217,7,89.67,72.8,63.9,82.82,73.95,89.77,84.65,78.7,68.69,0,64.86,77.3,Advanced
S00218,9,98.11,100.0,83.49,97.9,52.68,98.77,100.0,71.82,66.15,0,85.07,94.87,Advanced
S00219,1,59.08,45.27,44.14,48.04,84.97,88.48,60.11,47.05,28.03,1,82.38,49.13,Beginner
S00220,3,48.28,44.89,72.34,55.21,55.27,86.0,52.61,44.38,24.18,1,84.35,55.18,Intermediate
S00221,4,57.62,49.0,63.13,44.48,56.87,64.92,67.88,49.74,28.66,2,79.94,53.56,Beginner
S00222,6,74.76,92.78,78.59,85.38,59.45,93.28,84.75,82.44,77.52,1,82.09,82.88,Advanced
S00223,5,52.91,33.08,29.59,31.81,78.87,77.15,38.32,56.32,16.89,0,85.81,36.85,Intermediate
S00224,6,45.3,66.57,52.53,64.68,71.16,84.84,58.5,44.59,18.91,0,73.53,57.27,Intermediate
S00225,6,57.26,62.96,35.87,57.18,58.86,82.45,69.5,50.01,54.03,0,82.15,53.32,Advanced
S00226,4,55.22,58.01,56.77,40.64,54.61,86.94,55.1,48.28,37.28,0,82.39,52.66,Intermediate
S00227,1,75.57,55.99,67.39,69.24,69.79,77.37,76.22,66.85,43.02,1,79.21,67.05,Intermediate
S00228,6,100.0,100.0,94.75,100.0,42.41,98.74,100.0,100.0,75.35,0,96.99,98.69,Advanced
S00229,6,83.01,84.46,79.41,86.2,53.89,85.82,81.53,86.5,69.55,0,87.62,83.27,Advanced
S00230,3,56.0,46.11,55.76,53.24,57.08,83.25,72.23,68.98,26.58,0,85.54,52.78,Intermediate
S00231,6,78.34,93.39,96.79,94.49,71.14,91.06,99.5,74.86,82.01,1,86.32,90.75,Advanced
S00232,8,89.95,68.04,75.74,64.53,50.99,90.56,76.77,76.95,43.37,0,65.63,74.56,Intermediate
S00233,1,34.02,31.78,23.25,17.58,65.73,63.09,46.42,22.5,12.89,3,95.39,26.66,Beginner
S00234,5,87.41,85.38,92.78,100.0,50.65,85.42,88.79,79.93,88.68,0,100.0,91.39,Advanced
S00235,7,62.38,18.78,35.5,39.81,73.61,83.82,53.1,57.62,27.88,0,55.16,39.12,Intermediate
S00236,4,59.47,50.51,19.84,52.51,79.85,89.85,61.77,60.07,26.09,1,72.81,45.58,Intermediate
S00237,5,79.69,76.03,72.86,84.56,18,94.47,98.51,92.63,68.15,0,87.18,78.28,Advanced
S00238,4,52.54,50.87,74.03,57.87,66.43,82.39,69.39,67.71,39.22,0,96.37,58.83,Intermediate
S00239,10,43.27,53.97,69.79,38.21,53.98,93.07,58.18,53.42,40.62,2,65.84,51.31,Intermediate
S00240,3,61.61,84.42,81.15,77.61,61.76,100,86.97,60.76,55.36,0,73.56,76.2,Advanced
S00241,5,51.39,57.61,68.63,37.32,75.12,88.97,76.39,73.21,48.26,0,80.8,53.74,Advanced
S00242,7,51.35,44.76,52.73,58.56,71.82,89.05,72.37,48.85,49.57,0,89.58,51.85,Intermediate
S00243,3,69.1,100.0,100.0,97.45,26.84,98.45,100.0,90.59,78.07,2,74.43,91.64,Advanced
S00244,7,59.75,51.34,65.34,53.45,64.98,75.86,68.16,46.07,26.11,1,85.28,57.47,Intermediate
S00245,1,27.57,41.87,13.87,24.89,81.76,84.47,65.7,40.34,28.53,0,86.43,27.05,Beginner
S00246,1,71.0,45.88,49.68,97.09,21.83,90.25,81.19,66.66,61.91,0,42.9,65.91,Intermediate
S00247,3,57.7,62.49,73.78,52.41,59.85,88.54,82.64,63.03,46.02,0,78.17,61.59,Intermediate
S00248,5,39.84,43.66,36.53,46.13,76.01,86.14,53.77,22.76,17.81,1,83.83,41.54,Beginner
S00249,6,38.78,45.87,0.0,29.23,72.93,99.1,41.92,30.34,7.68,2,80.4,28.47,Beginner
S00250,6,19.68,19.77,5.65,11.32,104.77,85.99,27.59,30.36,0.0,2,92.51,14.1,Beginner
S00251,4,45.18,40.98,66.8,46.19,47.96,87.66,54.5,38.38,39.99,0,80.86,49.79,Beginner
S00252,4,100.0,81.95,97.26,47.39,41.89,80.41,100.0,83.16,56.57,0,55.48,81.65,Advanced
S00253,3,69.54,62.89,69.07,30.27,67.61,96.07,64.46,52.79,40.3,0,80.52,57.94,Intermediate
S00254,3,76.14,74.93,46.78,60.33,65.12,79.7,58.68,72.82,68.88,0,99.03,64.54,Intermediate
S00255,4,43.97,24.76,40.01,49.23,60.11,61.52,62.01,47.55,30.93,1,78.68,39.49,Beginner
S00256,5,86.37,86.95,100.0,87.64,27.92,88.79,100.0,100.0,83.56,0,90.99,90.24,Advanced
S00257,5,45.84,65.26,82.33,59.99,66.02,83.14,81.19,43.88,51.35,2,63.27,63.36,Intermediate
S00258,3,30.31,53.54,57.37,55.46,67.11,93.25,67.97,45.33,30.87,0,64.63,49.17,Intermediate
S00259,4,89.76,79.02,100.0,94.58,50.56,100,96.83,80.83,85.39,0,91.18,90.84,Advanced
S00260,9,83.92,79.63,99.41,93.7,38.35,96.39,100.0,83.24,72.4,0,98.36,89.17,Advanced
S00261,4,39.67,24.97,30.97,24.58,53.67,84.5,61.81,40.82,41.41,2,82.32,30.05,Beginner
S00262,6,27.3,20.44,14.49,20.36,77.11,72.34,35.48,40.81,0.19,3,100.0,20.65,Beginner
S00263,5,48.81,51.7,71.23,49.37,39.47,84.72,89.46,63.65,48.43,0,86.11,55.28,Intermediate
S00264,1,48.24,63.7,73.59,53.23,54.26,83.53,88.54,76.62,28.79,0,61.49,59.69,Intermediate
S00265,7,51.28,58.43,60.58,54.91,60.42,91.27,77.96,27.08,47.51,2,89.24,56.3,Intermediate
S00266,7,75.75,78.41,45.44,48.69,58.01,96.54,67.2,73.67,46.26,0,90.78,62.07,Advanced
S00267,8,55.41,57.98,47.26,57.46,67.22,70.81,58.99,67.53,26.11,0,91.09,54.53,Intermediate
S00268,8,47.14,18.73,35.28,43.58,69.23,70.1,32.28,36.76,12.64,1,80.12,36.18,Beginner
S00269,9,35.45,41.05,24.45,30.14,74.19,85.18,58.78,46.22,28.81,1,100.0,32.77,Intermediate
S00270,2,75.99,72.03,33.15,76.91,54.5,87.06,72.15,77.52,37.83,2,58.56,64.52,Intermediate
S00271,5,35.96,48.33,20.64,15.72,63.67,77.13,68.64,35.71,16.08,1,83.18,30.16,Beginner
S00272,2,83.68,82.68,60.96,82.46,46.11,73.99,84.34,99.53,37.29,0,87.87,77.44,Advanced
S00273,6,59.78,27.92,42.67,91.11,51.54,79.17,47.18,27.57,20.74,3,43.57,55.37,Beginner
S00274,1,65.45,39.65,74.92,47.46,42.64,94.91,81.48,63.72,50.64,0,57.4,56.87,Advanced
S00275,6,45.39,39.66,37.2,42.0,80.16,79.11,46.43,38.63,36.31,2,81.77,41.06,Beginner
S00276,5,40.5,57.42,87.34,63.78,71.53,93.96,68.51,61.11,44.02,0,53.29,62.26,Intermediate
S00277,5,58.28,41.2,47.51,41.51,64.15,82.83,61.25,43.02,30.74,2,71.84,47.13,Intermediate
S00278,2,76.33,76.62,81.37,75.78,41.87,95.78,95.54,70.61,35.08,0,93.81,77.53,Advanced
S00279,3,96.69,100.0,83.32,58.2,41.51,81.34,77.97,70.04,69.5,1,85.35,84.55,Advanced
S00280,8,50.65,24.13,22.38,29.24,86.42,82.18,45.82,36.65,23.57,0,61.24,31.6,Beginner
S00281,4,50.67,6.38,29.71,26.79,68.18,85.51,54.73,19.41,4.77,2,61.39,28.39,Beginner
S00282,6,65.14,68.24,63.25,71.31,62.55,73.7,75.33,59.73,45.7,1,100.0,66.99,Intermediate
S00283,4,11.6,24.94,8.69,30.35,87.63,76.72,26.51,36.34,15.75,1,77.04,18.9,Beginner
S00284,2,88.35,92.53,85.51,72.68,47.52,100,78.97,68.18,93.47,0,100.0,84.77,Advanced
S00285,5,48.38,57.0,67.86,30.96,41.14,91.23,66.38,65.47,41.42,0,64.13,51.05,Intermediate
S00286,5,39.8,40.22,10.19,5.56,103.38,78.68,46.99,41.76,8.34,1,87.86,23.94,Beginner
S00287,5,24.15,57.18,31.1,28.58,93.47,58.16,53.7,29.12,39.33,0,63.13,35.25,Beginner
S00288,7,50.1,71.81,78.37,59.94,39.3,79.5,70.92,73.89,34.81,2,60.9,65.05,Intermediate
S00289,3,63.12,75.42,64.66,52.18,40.05,89.4,84.21,64.36,66.82,0,82.47,63.85,Advanced
S00290,1,65.4,96.21,39.05,63.25,58.82,86.98,54.82,35.77,44.94,2,54.65,65.98,Intermediate
S00291,3,52.15,43.83,44.53,50.87,79.61,72.81,74.21,56.47,36.82,0,95.52,47.84,Intermediate
S00292,3,33.26,18.49,48.07,27.19,90.87,75.9,39.69,34.49,25.79,2,73.88,31.75,Beginner
S00293,8,64.8,51.51,52.39,47.62,48.91,77.87,79.22,64.59,54.59,0,84.73,54.08,Advanced
S00294,4,53.13,92.34,94.63,80.25,32.73,87.86,96.61,66.9,64.74,1,48.64,80.09,Advanced
S00295,4,64.09,82.53,71.56,66.2,52.34,100,92.5,70.06,57.45,0,62.63,71.1,Advanced
S00296,4,41.68,47.49,45.86,43.19,68.36,85.77,74.7,43.07,62.85,3,88.1,44.55,Intermediate
S00297,1,48.72,44.89,39.89,47.61,62.06,94.31,50.18,52.16,33.02,2,98.79,45.28,Intermediate
S00298,2,69.22,88.93,73.19,100.0,64.25,90.48,100.0,75.4,84.19,0,63.35,82.83,Advanced
S00299,1,55.42,77.68,67.4,65.02,59.82,100,77.6,100.0,65.23,0,70.05,66.38,Advanced
S00300,1,64.22,68.29,76.32,80.99,61.08,90.25,92.16,57.73,46.82,0,88.57,72.46,Advanced
S00301,5,50.4,62.72,63.5,46.55,35.57,86.88,85.74,61.15,58.71,0,73.99,55.79,Intermediate
S00302,3,66.68,76.23,72.73,33.97,75.24,82.12,77.14,64.96,55.13,1,63.39,62.4,Advanced
S00303,3,68.41,67.16,63.22,49.81,67.04,99.74,80.47,80.0,61.7,0,81.3,62.15,Advanced
S00304,3,100.0,86.54,97.7,70.17,30.29,100,78.08,86.6,82.06,0,66.33,88.6,Advanced
S00305,2,84.25,88.66,75.74,84.35,57.27,84.05,100.0,60.17,62.91,2,95.5,83.25,Advanced
S00306,1,89.1,52.94,54.36,81.97,41.9,100,86.93,75.66,64.4,0,39.88,69.59,Advanced
S00307,6,79.6,53.69,53.36,50.17,67.23,84.3,59.66,60.64,21.04,1,78.48,59.2,Intermediate
S00308,5,71.88,100.0,92.43,100.0,30.28,98.26,100.0,100.0,77.43,1,61.47,91.08,Advanced
S00309,3,43.03,31.44,45.58,55.27,60.05,83.59,71.32,44.37,49.75,0,90.07,43.83,Intermediate
S00310,1,53.88,41.05,25.74,53.72,68.05,78.91,71.05,42.08,38.77,2,71.63,43.6,Intermediate
S00311,9,29.11,41.32,26.74,70.85,72.9,90.31,61.4,28.03,24.21,0,71.01,42.01,Intermediate
S00312,1,43.64,53.16,73.47,75.89,66.89,90.93,55.6,46.61,44.6,3,85.96,61.54,Advanced
S00313,1,59.83,80.92,54.76,67.27,57.67,91.22,84.93,76.53,44.93,1,66.14,65.7,Advanced
S00314,6,76.05,70.18,93.01,88.78,60.94,88.43,91.04,68.92,53.42,2,83.75,82.01,Advanced
S00315,5,58.55,44.57,43.19,52.97,73.14,86.02,77.42,47.64,45.1,0,83.39,49.82,Intermediate
S00316,5,37.47,43.27,18.39,11.85,75.35,68.06,60.51,52.27,30.66,2,83.66,27.75,Beginner
S00317,6,55.68,57.92,55.56,46.81,48.65,91.67,76.07,65.03,44.66,1,89.85,53.99,Advanced
S00318,1,4.15,0.0,4.32,18.55,89.92,77.18,39.15,1.63,0.0,2,93.77,6.75,Beginner
S00319,6,88.39,73.59,92.79,49.42,45.55,84.75,100.0,71.3,70.36,1,54.95,76.05,Advanced
S00320,2,51.16,54.28,69.21,76.64,68.42,98.56,73.6,57.67,35.43,0,90.55,62.82,Intermediate
S00321,3,47.32,59.57,61.66,61.9,50.47,82.35,73.73,48.01,32.05,2,89.3,57.61,Intermediate
S00322,3,73.09,48.54,51.04,82.56,90.61,79.33,72.23,58.66,41.11,0,55.77,63.81,Intermediate
S00323,6,58.7,66.36,70.33,72.38,58.14,90.29,66.33,44.87,43.89,2,89.78,66.94,Advanced
S00324,5,87.38,81.01,85.52,100.0,70.25,86.46,84.45,91.39,63.88,0,84.38,88.48,Advanced
S00325,6,100.0,76.36,71.2,74.64,43.45,80.94,100.0,86.02,78.38,0,74.44,80.55,Advanced
S00326,3,52.57,54.53,44.7,67.64,57.51,95.06,64.32,47.19,9.35,1,80.38,54.86,Intermediate
S00327,3,46.73,39.86,54.81,41.55,57.16,85.26,53.43,49.41,27.19,2,80.85,45.74,Intermediate
S00328,7,57.23,60.05,80.42,54.03,54.04,73.59,67.66,58.39,31.97,0,71.7,62.93,Intermediate
S00329,3,67.06,53.18,71.06,73.19,42.25,91.53,76.51,72.92,58.77,0,77.14,66.12,Advanced
S00330,4,57.99,65.84,67.18,52.52,46.6,82.42,72.23,61.37,34.48,0,77.82,60.88,Advanced
S00331,6,88.0,91.94,97.9,88.98,61.98,98.03,80.28,88.89,68.3,0,90.7,91.71,Advanced
S00332,6,43.7,43.69,30.91,31.53,92.01,85.77,58.94,35.48,7.05,1,85.86,37.46,Beginner
S00333,1,51.8,53.19,40.27,47.6,55.02,90.37,42.99,39.65,30.88,2,86.96,48.22,Intermediate
S00334,6,42.23,49.62,40.19,53.24,76.61,88.91,59.77,36.1,18.83,0,82.16,46.32,Beginner
S00335,3,80.41,65.88,62.22,53.91,53.93,98.41,74.59,75.59,61.09,2,81.72,65.61,Advanced
S00336,2,53.1,79.87,58.13,41.53,75.09,85.27,77.71,52.8,44.06,0,58.64,58.16,Intermediate
S00337,5,71.67,80.76,67.23,73.18,55.32,84.71,89.24,54.24,64.61,1,92.2,73.21,Advanced
S00338,4,31.82,25.91,34.09,0.0,89.08,75.46,40.94,15.75,17.89,2,70.1,22.95,Beginner
S00339,7,76.63,68.92,70.11,76.01,45.64,94.63,91.26,79.46,71.82,1,89.51,72.92,Advanced
S00340,4,91.62,92.12,83.73,94.97,39.79,94.55,100.0,81.74,56.63,0,87.5,90.61,Advanced
S00341,4,40.22,39.36,45.83,45.7,48.67,92.55,63.38,33.15,28.25,0,96.12,42.78,Intermediate
S00342,9,77.09,100.0,100.0,100.0,45.3,100,100.0,100.0,68.92,1,73.66,94.27,Advanced
S00343,2,34.38,22.72,25.16,31.05,65.26,88.64,41.85,39.5,40.36,2,84.2,28.32,Beginner
S00344,4,47.12,49.3,73.45,56.19,94.66,76.41,52.42,42.83,15.98,0,91.48,56.51,Intermediate
S00345,5,50.62,47.17,84.06,64.04,66.05,91.1,71.95,70.0,58.59,1,83.52,61.47,Intermediate
S00346,4,59.25,68.65,74.55,49.67,66.37,88.07,84.75,87.1,53.02,0,75.64,63.03,Advanced
S00347,4,91.08,73.67,77.31,62.38,45.18,78.91,100.0,84.86,61.25,0,70.66,76.11,Advanced
S00348,8,56.13,61.38,69.12,46.23,51.16,85.23,69.07,52.65,35.28,0,87.07,58.22,Intermediate
S00349,3,76.91,87.85,66.35,79.38,40.01,80.51,75.36,54.58,59.4,0,81.36,77.62,Advanced
S00350,6,61.75,51.06,73.01,52.23,70.76,93.03,84.7,61.17,44.34,0,84.8,59.51,Intermediate
S00351,2,34.28,30.12,4.41,11.55,52.4,60.44,43.79,8.55,13.64,2,93.42,20.09,Beginner
S00352,2,66.33,42.11,79.77,80.77,55.51,87.13,69.75,64.58,49.12,0,68.62,67.24,Advanced
S00353,9,40.26,32.64,19.87,14.6,68.25,76.78,43.07,56.5,22.14,2,100.0,26.84,Beginner
S00354,7,63.65,62.98,79.85,62.98,60.11,89.78,92.54,80.38,46.54,0,80.61,67.37,Advanced
S00355,8,22.47,37.15,54.0,55.89,83.9,87.52,64.63,42.37,55.45,1,85.79,42.38,Intermediate
S00356,1,53.88,36.23,42.79,69.75,56.02,96.5,58.11,55.72,30.06,0,70.23,50.66,Intermediate
S00357,6,38.88,56.9,85.2,66.15,63.2,92.29,70.73,42.43,40.88,0,66.96,61.78,Advanced
S00358,9,47.26,47.48,54.79,60.36,70.02,81.77,84.83,52.64,26.6,1,97.68,52.47,Beginner
S00359,4,19.81,31.33,62.11,25.29,69.35,80.03,36.8,42.82,7.72,2,75.72,34.63,Beginner
S00360,5,76.33,75.19,78.05,64.6,71.08,92.03,77.58,60.87,31.13,0,93.82,73.54,Advanced
S00361,3,93.14,77.78,76.54,95.87,52.85,81.8,92.36,82.56,69.81,0,74.9,85.83,Advanced
S00362,1,49.61,51.3,68.31,46.6,89.75,77.36,75.59,64.43,27.23,0,76.69,53.96,Intermediate
S00363,7,60.56,74.46,79.85,28.77,53.76,92.3,92.33,57.25,52.27,0,47.94,60.91,Intermediate
S00364,5,73.93,70.1,79.63,100.0,65.31,87.73,85.17,91.63,59.82,0,88.98,80.91,Advanced
S00365,5,61.9,70.72,56.77,58.25,88.98,99.86,65.93,56.43,49.9,0,91.51,61.91,Advanced
S00366,7,45.08,57.06,29.82,45.4,66.85,88.51,56.28,28.28,15.73,1,86.49,44.34,Intermediate
S00367,5,31.62,38.17,49.41,53.62,78.62,65.72,51.56,39.95,26.58,2,91.96,43.2,Intermediate
S00368,7,42.03,41.45,40.99,20.12,69.74,76.95,64.91,40.74,12.69,2,94.69,36.15,Beginner
S00369,1,90.56,86.06,95.28,91.55,32.89,87.95,100.0,71.55,75.78,1,86.24,90.86,Advanced
S00370,7,100.0,62.39,65.83,76.18,51.39,85.03,100.0,86.51,60.66,0,57.4,76.1,Advanced
S00371,7,66.13,48.47,38.74,30.66,52.17,93.68,81.57,69.76,34.73,1,75.59,46.0,Intermediate
S00372,4,49.25,62.91,67.39,58.5,42.17,92.88,76.89,62.0,63.09,0,78.68,59.51,Intermediate
S00373,4,31.04,40.1,41.58,17.38,76.19,76.39,60.15,28.85,15.12,1,80.8,32.53,Beginner
S00374,6,42.96,56.71,44.08,37.98,67.48,88.18,55.19,67.57,19.2,1,69.05,45.43,Intermediate
S00375,4,94.96,100.0,90.38,96.33,34.84,98.14,100.0,96.43,80.56,1,79.47,95.42,Advanced
S00376,9,45.36,63.96,40.03,69.56,82.8,88.99,83.31,51.78,36.16,0,64.33,54.73,Intermediate
S00377,4,57.62,62.77,61.71,73.08,67.18,97.17,79.8,65.74,47.35,0,93.71,63.8,Advanced
S00378,1,87.42,88.4,88.92,88.18,57.94,89.07,89.3,58.53,79.21,2,82.6,88.23,Advanced
S00379,3,98.27,87.13,61.23,100.0,48.87,91.43,100.0,82.43,58.42,0,71.9,86.66,Advanced
S00380,10,52.93,64.06,71.36,85.4,64.23,87.92,87.18,60.03,38.28,0,77.24,68.44,Intermediate
S00381,10,54.26,46.86,66.59,79.07,63.96,80.94,73.2,55.1,42.64,3,94.16,61.69,Advanced
S00382,6,33.34,18.66,52.96,83.96,87.63,87.16,70.88,65.5,46.49,0,58.59,47.23,Intermediate
S00383,6,81.62,90.06,87.95,68.83,19.95,88.61,95.16,63.4,43.77,0,80.37,82.11,Advanced
S00384,3,59.01,43.56,58.91,63.83,71.32,94.95,55.01,48.48,16.22,2,71.61,56.33,Intermediate
S00385,5,74.95,80.27,28.85,77.2,33.61,82.33,89.13,65.75,34.28,0,59.57,65.32,Intermediate
S00386,2,33.38,38.07,36.21,25.05,78.04,81.83,58.94,33.75,32.54,1,99.74,33.18,Beginner
S00387,9,49.8,38.1,41.28,56.82,76.26,77.95,53.7,33.82,28.57,2,78.65,46.5,Intermediate
S00388,3,52.01,64.55,91.04,81.0,77.95,93.42,85.82,79.65,46.25,0,93.01,72.15,Advanced
S00389,5,36.94,66.28,34.46,40.94,60.16,93.12,64.94,62.28,23.98,1,63.37,44.66,Intermediate
S00390,2,56.0,52.22,94.89,55.43,66.71,89.1,73.73,50.6,54.62,0,68.57,64.64,Intermediate
S00391,5,63.7,45.79,49.87,47.64,70.1,88.81,58.24,48.57,45.16,0,82.17,51.75,Intermediate
S00392,1,45.35,21.9,40.24,15.47,69.3,85.15,57.13,33.86,48.33,1,71.31,30.74,Intermediate
S00393,3,53.44,32.43,33.76,31.73,72.33,87.98,44.05,56.04,24.55,1,81.68,37.84,Beginner
S00394,5,59.05,47.27,67.2,47.73,65.83,95.23,47.96,48.9,31.24,1,80.6,55.31,Intermediate
S00395,1,49.38,51.88,27.66,51.74,68.15,87.46,77.33,56.66,40.64,3,87.06,45.16,Intermediate
S00396,1,81.48,84.02,86.37,100.0,49.12,98.53,100.0,79.82,73.32,0,82.24,87.97,Advanced
S00397,3,46.24,56.41,47.33,31.82,70.44,82.79,62.39,43.65,7.64,1,78.91,45.45,Intermediate
S00398,3,21.35,22.49,58.39,19.07,81.74,84.12,32.11,27.97,20.32,1,72.28,30.32,Beginner
S00399,1,50.1,25.28,46.54,60.42,67.12,80.87,47.58,55.85,15.95,1,66.75,45.58,Intermediate
S00400,4,62.38,63.19,71.21,80.44,49.31,95.3,65.43,66.93,58.85,0,100.0,69.31,Advanced
S00401,4,31.01,18.46,43.0,20.3,74.42,83.65,51.12,9.74,22.53,0,83.25,28.19,Beginner
S00402,9,59.78,54.8,59.63,41.74,69.75,89.05,65.7,44.64,46.93,2,79.6,53.99,Intermediate
S00403,1,51.81,74.34,63.99,80.03,57.6,81.53,90.71,68.39,45.28,0,62.25,67.54,Advanced
S00404,1,83.78,84.69,100.0,76.4,18,91.31,100.0,84.12,61.45,0,99.84,86.22,Advanced
S00405,5,40.9,63.46,65.52,31.02,56.09,82.87,88.01,51.52,34.64,1,56.21,50.23,Intermediate
S00406,4,100.0,85.68,84.99,75.51,51.87,100,100.0,100.0,71.92,0,85.14,86.54,Advanced
S00407,1,90.18,98.89,92.75,100.0,38.37,100,100.0,87.33,91.65,0,82.81,95.46,Advanced
S00408,2,40.45,47.6,43.44,49.56,71.37,94.91,37.98,49.38,6.13,1,92.57,45.26,Intermediate
S00409,7,75.2,68.59,76.92,81.53,55.84,88.88,84.42,72.67,65.22,0,79.67,75.56,Advanced
S00410,2,95.38,65.12,100.0,100.0,18,88.75,100.0,100.0,79.14,0,83.28,90.13,Advanced
S00411,9,76.97,27.95,67.12,47.05,80.57,92.08,67.34,52.83,25.14,2,36.68,54.77,Intermediate
S00412,4,100.0,82.68,100.0,94.55,47.88,90.64,100.0,69.97,78.39,0,66.72,94.31,Advanced
S00413,4,89.86,49.49,59.91,67.97,72.8,96.92,85.33,57.82,60.95,0,58.43,66.81,Advanced
S00414,1,50.2,75.75,75.82,70.52,57.33,93.43,85.97,63.98,58.04,0,70.12,68.07,Advanced
S00415,4,72.93,62.79,70.21,41.32,52.11,81.63,83.32,53.27,62.81,0,75.39,61.81,Intermediate
S00416,5,41.0,66.29,73.41,39.0,39.13,81.67,73.72,49.26,34.04,1,62.98,54.92,Intermediate
S00417,5,58.82,52.91,45.96,36.91,46.92,100,79.35,38.55,42.15,0,94.15,48.65,Intermediate
S00418,3,31.25,44.95,12.98,34.99,86.95,72.93,44.75,40.62,14.85,1,79.47,31.04,Beginner
S00419,1,32.19,38.94,36.54,49.53,88.27,91.62,48.45,49.81,27.71,0,78.87,39.3,Intermediate
S00420,2,46.61,68.36,31.69,45.82,69.56,100,56.86,48.27,10.62,0,68.4,48.12,Intermediate
S00421,5,57.61,67.37,50.5,37.01,69.47,85.65,65.19,46.27,13.22,0,93.38,53.12,Intermediate
S00422,1,56.71,68.64,60.8,73.74,61.62,71.68,81.35,70.74,32.75,0,83.13,64.97,Intermediate
S00423,1,50.17,38.06,81.11,85.88,56.66,94.16,94.46,42.5,42.47,0,84.65,63.81,Intermediate
S00424,8,63.65,72.81,52.71,75.53,54.68,79.16,85.67,67.86,59.02,0,80.21,66.17,Advanced
S00425,4,55.89,56.07,61.03,75.76,66.28,92.53,73.91,75.08,50.7,1,83.2,62.19,Advanced
S00426,5,70.15,62.97,65.04,92.04,53.78,93.44,89.96,81.32,65.74,1,75.84,72.55,Advanced
S00427,6,67.79,62.01,53.06,44.81,62.74,86.85,75.36,56.13,42.94,0,90.85,56.92,Advanced
S00428,1,48.21,54.43,42.39,54.89,66.31,86.12,65.54,35.21,19.1,0,99.56,49.98,Intermediate
S00429,6,65.88,79.53,74.03,93.75,32.87,88.41,84.98,88.67,58.44,0,75.22,78.3,Advanced
S00430,2,95.53,86.01,93.51,62.65,49.17,98.34,95.24,84.07,60.42,0,77.71,84.42,Advanced
S00431,4,67.37,75.79,94.12,84.14,39.68,87.02,98.36,74.59,59.21,0,76.52,80.35,Advanced
S00432,4,50.07,60.93,17.28,40.04,59.59,79.6,44.48,68.73,19.64,0,76.92,42.08,Intermediate
S00433,1,80.12,47.53,75.03,91.49,49.62,90.86,76.99,61.81,63.4,0,65.33,73.54,Advanced
S00434,4,40.95,33.94,38.07,33.91,41.81,75.41,65.51,33.13,24.81,1,89.22,36.72,Beginner
S00435,1,61.9,45.71,38.42,33.13,86.74,81.21,66.14,25.95,48.32,1,69.76,44.79,Beginner
S00436,3,58.1,46.83,45.21,46.88,71.15,82.93,78.74,50.84,63.6,1,86.66,49.26,Intermediate
S00437,1,66.2,64.62,60.94,65.87,33.34,92.37,65.32,82.41,66.38,1,90.1,64.41,Advanced
S00438,4,80.78,76.45,92.47,83.42,53.96,80.87,92.68,65.64,55.35,2,79.49,83.28,Advanced
S00439,7,76.95,80.35,71.83,60.28,40.32,91.5,94.27,70.26,68.24,1,97.97,72.35,Advanced
S00440,6,83.08,83.63,100.0,100.0,51.58,100,100.0,71.84,80.89,0,87.24,91.68,Advanced
S00441,4,71.9,84.59,58.43,42.96,64.06,90.2,87.18,67.12,69.93,0,63.7,64.47,Advanced
S00442,5,54.32,21.29,32.59,31.54,81.6,84.55,57.17,47.93,9.75,1,54.3,34.94,Beginner
S00443,1,89.01,93.64,73.22,95.34,44.77,95.36,100.0,94.42,82.96,0,100.0,87.8,Advanced
S00444,4,65.51,76.26,76.98,56.78,70.12,90.53,70.31,46.11,31.5,0,75.51,68.88,Intermediate
S00445,1,73.91,62.37,72.89,70.95,74.27,88.95,94.3,74.61,44.4,0,91.17,70.03,Advanced
S00446,4,60.4,64.71,48.0,56.34,59.6,83.63,54.05,43.51,26.56,2,91.46,57.36,Intermediate
S00447,3,56.16,74.76,29.15,41.7,64.86,80.56,62.04,58.86,20.5,2,65.73,50.44,Intermediate
S00448,1,34.69,44.91,49.47,25.43,66.02,93.23,52.9,26.84,23.67,1,82.83,38.62,Beginner
S00449,1,74.95,61.83,64.4,81.2,50.61,91.45,84.98,90.06,62.09,0,64.1,70.59,Advanced
S00450,6,51.68,60.56,39.81,77.94,69.54,79.16,59.46,42.57,21.86,1,76.92,57.5,Intermediate
S00451,6,56.09,26.6,48.79,75.06,80.25,90.27,78.62,61.12,50.36,1,45.55,51.63,Beginner
S00452,6,54.48,38.36,51.18,50.84,54.48,97.74,67.49,71.2,41.44,0,81.74,48.72,Intermediate
S00453,4,66.33,58.44,61.71,65.93,76.64,91.04,71.91,62.75,37.45,0,97.85,63.1,Intermediate
S00454,1,89.89,70.08,87.11,78.24,44.89,85.02,94.34,77.62,88.78,0,68.25,81.33,Advanced
S00455,1,76.02,93.08,76.35,75.81,51.49,100,82.79,79.48,43.56,0,71.26,80.31,Advanced
S00456,2,58.25,61.46,75.05,52.94,45.3,86.97,80.09,68.14,46.51,1,83.24,61.93,Advanced
S00457,8,41.29,79.15,28.14,59.28,61.12,89.88,69.28,60.63,39.96,0,45.54,51.97,Intermediate
S00458,4,60.01,87.86,70.91,65.47,55.25,80.89,84.98,92.25,44.67,0,67.35,71.06,Advanced
S00459,4,100.0,61.41,92.85,100.0,54.04,83.42,100.0,91.81,69.8,0,67.63,88.56,Advanced
S00460,5,19.88,18.32,7.83,12.81,90.65,81.43,55.76,27.54,0.97,2,100.0,14.71,Beginner
S00461,5,55.2,35.81,42.3,55.5,47.83,83.55,58.81,35.47,28.74,1,70.46,47.2,Intermediate
S00462,1,64.61,86.89,66.19,45.89,52.46,100,88.13,57.43,55.52,0,66.9,65.9,Advanced
S00463,3,38.95,60.71,44.29,44.05,55.88,89.55,65.14,36.95,38.41,3,76.11,47.0,Intermediate
S00464,6,25.02,28.79,27.15,29.3,78.06,85.19,50.4,26.37,6.62,1,100.0,27.56,Beginner
S00465,1,41.98,44.42,36.32,43.22,87.32,91.22,61.37,30.01,49.93,2,97.87,41.48,Beginner
S00466,4,52.52,41.49,52.11,72.74,93.82,99.07,50.76,59.94,8.22,1,83.38,54.72,Intermediate
S00467,2,35.88,51.46,52.31,49.39,74.84,78.63,49.36,49.86,21.48,0,77.33,47.26,Beginner
S00468,5,58.63,34.38,46.7,42.85,61.31,77.15,83.87,56.22,54.13,0,79.46,45.64,Intermediate
S00469,9,70.69,63.93,74.22,70.33,42.14,98.94,84.71,73.31,65.61,0,86.47,69.79,Advanced
S00470,4,90.43,80.79,78.18,72.6,60.73,92.13,90.52,100.0,69.81,0,88.3,80.5,Advanced
S00471,2,57.67,61.42,72.36,62.28,52.25,100,77.12,63.31,38.26,0,78.36,63.43,Advanced
S00472,5,55.28,71.38,100.0,66.48,38.53,99.42,100.0,63.65,36.93,0,58.88,73.29,Intermediate
S00473,3,59.22,50.51,67.88,61.77,48.8,82.14,70.87,72.36,58.95,0,95.53,59.84,Advanced
S00474,7,35.56,35.55,36.23,45.63,91.34,71.06,41.34,35.83,26.55,2,99.09,38.24,Intermediate
S00475,2,53.46,73.39,75.47,58.75,40.45,90.29,81.65,71.92,41.09,0,63.38,65.27,Advanced
S00476,3,55.29,57.5,77.21,58.6,62.68,95.84,71.61,66.4,56.82,0,89.37,62.15,Advanced
S00477,1,67.39,66.51,71.06,89.03,48.27,88.1,94.12,68.09,75.04,0,92.65,73.5,Advanced
S00478,2,56.72,56.87,79.54,60.49,44.31,85.44,59.09,57.99,59.44,1,94.98,63.4,Advanced
S00479,6,74.35,80.93,72.44,67.52,64.72,89.41,78.6,82.81,54.33,1,88.63,73.81,Advanced
S00480,5,43.51,16.06,48.56,59.19,73.56,88.03,46.2,30.45,20.34,2,61.5,41.83,Beginner
S00481,3,46.33,82.71,72.87,63.79,55.4,100,88.45,47.31,54.39,0,68.03,66.43,Advanced
S00482,5,25.74,16.2,36.6,15.38,87.15,75.3,44.19,24.08,10.11,2,86.06,23.48,Beginner
S00483,3,69.17,63.57,42.16,37.68,75.03,71.28,69.7,49.92,62.69,0,88.01,53.14,Advanced
S00484,7,64.25,80.91,78.84,59.11,48.34,81.39,99.91,92.33,32.34,0,64.84,70.78,Advanced
S00485,1,45.09,54.51,29.39,32.48,73.7,92.46,58.72,44.86,28.31,2,93.47,40.37,Intermediate
S00486,3,57.55,70.25,33.13,57.04,71.36,87.81,81.19,72.03,39.88,0,83.24,54.49,Advanced
S00487,3,85.74,66.42,72.82,78.62,70.45,92.2,79.9,61.14,27.97,0,76.63,75.9,Intermediate
S00488,3,72.97,69.87,66.38,66.56,74.84,88.83,77.82,66.78,31.28,1,82.3,68.94,Advanced
S00489,1,82.65,44.56,62.65,57.79,77.26,93.11,63.98,71.26,38.2,0,61.69,61.91,Intermediate
S00490,4,51.49,52.96,69.65,38.83,82.51,96.41,66.16,61.27,33.29,1,83.22,53.23,Intermediate
S00491,1,51.43,71.57,24.88,27.06,80.27,83.99,57.73,40.71,17.91,2,77.07,43.74,Intermediate
S00492,10,67.61,70.0,66.47,62.94,64.56,100,71.87,65.8,43.94,1,95.55,66.75,Advanced
S00493,3,88.38,67.0,59.73,84.94,67.01,83.55,100.0,69.07,51.18,0,54.17,75.01,Advanced
S00494,1,28.72,25.93,37.49,0.0,68.0,74.99,39.45,26.52,4.43,2,64.04,23.03,Beginner
S00495,4,64.91,74.95,64.57,62.81,45.92,73.92,96.21,64.23,94.95,0,94.2,66.81,Advanced
S00496,9,72.15,82.61,59.25,69.56,54.58,86.52,93.11,59.15,62.88,0,82.79,70.89,Advanced
S00497,6,72.57,53.36,66.41,62.12,67.57,83.76,90.71,61.98,49.14,0,77.27,63.61,Advanced
S00498,8,100.0,84.87,81.81,92.03,55.09,82.18,99.83,83.07,68.03,0,80.95,89.68,Advanced
S00499,1,83.5,77.64,93.69,77.05,68.17,100,100.0,83.07,69.2,1,72.1,82.97,Advanced
S00500,6,58.03,48.26,45.42,49.54,77.66,88.53,75.37,64.49,25.45,2,87.23,50.31,Intermediate
S00501,1,36.29,64.19,60.34,59.3,57.51,77.91,50.35,44.87,46.85,0,72.44,55.03,Intermediate
S00502,6,83.02,73.53,86.05,77.09,50.17,78.91,75.45,61.57,69.93,0,81.91,79.92,Advanced
S00503,4,78.25,80.71,87.9,94.24,65.76,93.05,87.47,82.39,51.65,0,90.02,85.28,Advanced
S00504,8,90.97,80.15,73.47,68.71,45.49,92.56,80.4,96.28,75.76,0,77.25,78.32,Advanced
S00505,1,59.59,64.5,63.39,64.48,74.59,84.39,82.0,67.15,52.98,1,100.0,62.99,Advanced
S00506,7,57.67,62.65,63.68,47.93,58.83,89.02,82.29,55.37,41.4,1,78.87,57.98,Intermediate
S00507,3,63.63,72.22,77.88,78.92,59.47,97.11,84.9,46.38,71.21,0,84.05,73.16,Advanced
S00508,5,48.93,60.92,49.9,61.84,74.86,85.73,51.22,39.22,46.58,2,83.81,55.4,Intermediate
S00509,8,55.47,84.85,80.93,74.69,50.85,75.9,53.68,39.09,48.69,1,68.61,73.99,Advanced
S00510,1,31.5,42.07,55.21,43.18,79.82,82.98,26.94,28.65,7.19,2,81.42,42.99,Beginner
S00511,4,65.62,54.6,68.23,66.23,48.39,85.15,87.92,63.83,52.05,0,80.11,63.67,Advanced
S00512,7,94.14,100.0,90.49,100.0,35.98,87.98,100.0,81.13,83.7,0,93.71,96.16,Advanced
S00513,4,71.15,69.94,71.88,55.58,53.87,79.5,78.46,71.39,67.83,0,81.71,67.14,Advanced
S00514,5,75.43,56.99,100.0,87.49,54.21,92.7,73.85,62.97,59.38,0,66.36,79.98,Advanced
S00515,1,91.02,91.69,100.0,100.0,47.18,100,100.0,100.0,83.9,0,100.0,95.68,Advanced
S00516,2,60.24,50.19,76.48,88.19,67.81,92.04,59.27,62.28,41.84,0,82.06,68.77,Intermediate
S00517,2,74.67,79.35,58.64,82.62,37.0,88.11,81.24,67.9,59.24,0,74.95,73.82,Advanced
S00518,1,13.08,25.08,41.02,44.99,78.5,74.62,39.13,49.23,16.82,0,98.18,31.04,Intermediate
S00519,3,100.0,86.62,72.43,92.0,33.66,94.57,100.0,100.0,88.19,0,73.77,87.76,Advanced
S00520,4,23.63,28.68,40.0,38.45,66.98,68.64,31.59,31.31,36.55,1,83.07,32.69,Intermediate
S00521,4,45.44,61.42,56.04,52.24,51.8,76.96,77.6,42.89,36.54,1,79.37,53.79,Intermediate
S00522,5,58.5,69.55,62.23,55.29,53.96,79.72,73.98,85.07,50.46,0,71.76,61.39,Intermediate
S00523,2,10.68,37.86,33.09,47.12,78.81,77.35,37.36,47.37,11.1,2,55.6,32.19,Beginner
S00524,4,44.84,55.04,45.89,50.36,51.3,93.49,76.75,35.7,40.82,1,98.09,49.03,Advanced
S00525,4,28.52,38.5,32.02,38.96,74.75,75.51,41.36,26.52,13.53,3,80.32,34.5,Beginner
S00526,5,26.12,33.0,9.35,14.82,76.24,79.84,48.31,41.36,12.82,1,93.29,20.82,Beginner
S00527,2,41.36,38.32,58.04,27.93,106.59,74.45,72.41,36.02,30.7,1,82.33,41.41,Beginner
S00528,1,77.79,54.23,38.23,68.54,90.34,84.96,86.32,74.39,60.02,1,49.42,59.7,Advanced
S00529,8,85.82,83.8,64.96,73.68,56.86,84.64,74.24,87.33,64.93,0,100.0,77.07,Advanced
S00530,2,82.9,71.88,100.0,88.48,62.74,92.61,100.0,73.35,72.28,1,86.4,85.81,Advanced
S00531,2,38.72,35.61,15.9,49.42,116.7,79.7,40.2,28.5,14.25,1,71.05,34.91,Intermediate
S00532,5,75.94,70.68,58.84,79.13,40.14,92.89,75.63,62.19,60.89,0,81.58,71.15,Intermediate
S00533,3,58.57,35.74,38.2,50.37,45.36,77.8,47.49,35.84,35.6,1,83.43,45.72,Intermediate
S00534,1,0.0,4.09,0.0,14.68,83.11,80.3,4.42,3.74,0.0,3,68.14,4.69,Beginner
S00535,1,2.05,36.81,40.2,6.79,64.81,78.6,31.89,18.87,23.32,3,50.87,21.46,Beginner
S00536,2,96.95,83.96,84.53,100.0,34.72,100,100.0,93.5,59.7,0,66.17,91.36,Advanced
S00537,4,100.0,86.8,88.51,100.0,32.91,90.69,100.0,90.97,82.04,2,77.06,93.83,Advanced
S00538,4,75.16,81.31,85.87,70.89,62.16,83.02,80.42,74.12,40.64,0,75.54,78.3,Advanced
S00539,1,13.36,29.62,15.84,39.08,86.77,73.63,27.18,34.53,5.51,3,73.18,24.48,Beginner
S00540,3,60.99,51.73,79.63,50.55,78.33,89.93,80.4,52.0,34.04,0,72.68,60.73,Intermediate
S00541,8,88.41,93.38,69.84,87.11,38.72,85.67,98.87,71.31,85.63,0,74.47,84.69,Advanced
S00542,1,40.11,40.39,54.37,39.21,78.27,90.8,61.82,34.27,28.24,3,88.68,43.52,Intermediate
S00543,7,53.91,65.2,78.13,56.64,51.96,92.89,80.89,49.32,63.78,0,78.15,63.47,Advanced
S00544,3,64.04,71.38,84.15,82.73,58.24,95.09,83.93,47.61,47.77,0,89.99,75.58,Advanced
S00545,5,77.73,81.59,89.07,92.39,72.73,92.17,100.0,80.08,57.12,0,90.38,85.19,Advanced
S00546,3,34.92,39.34,15.91,25.94,81.73,74.64,51.95,59.36,27.19,1,88.87,29.03,Beginner
S00547,1,12.41,20.78,37.79,31.86,93.5,80.4,44.26,35.1,25.59,2,88.0,25.71,Beginner
S00548,7,69.84,72.59,73.87,78.49,58.36,80.41,76.05,90.97,64.08,0,97.54,73.7,Advanced
S00549,8,27.2,62.4,40.51,48.94,63.02,92.15,69.5,57.39,36.22,2,70.33,44.76,Intermediate
S00550,5,52.32,41.79,77.23,56.37,62.57,99.88,67.01,53.41,31.65,0,58.85,56.93,Intermediate
S00551,5,8.24,10.8,34.21,37.95,79.82,75.55,33.65,18.13,0.0,2,99.38,22.8,Beginner
S00552,3,86.78,91.19,100.0,100.0,54.19,80.87,96.27,100.0,73.66,0,86.43,94.49,Advanced
S00553,6,100.0,96.27,95.08,94.98,61.18,87.03,99.94,76.95,73.89,0,80.87,96.58,Advanced
S00554,6,68.07,88.31,85.01,68.04,36.79,96.14,87.79,66.15,77.59,0,85.48,77.36,Advanced
S00555,8,49.52,62.4,56.55,48.46,87.66,83.99,52.6,63.4,57.03,0,69.4,54.23,Intermediate
S00556,4,77.31,66.78,95.02,72.69,54.21,92.27,99.07,79.21,68.53,0,69.25,77.95,Advanced
S00557,7,80.64,61.31,60.5,64.07,46.03,88.45,75.43,55.61,69.51,0,81.85,66.63,Advanced
S00558,3,58.7,62.9,63.33,73.93,57.38,80.4,76.89,67.2,56.85,1,100.0,64.71,Intermediate
S00559,3,51.77,46.01,53.89,84.2,59.89,92.4,77.27,42.51,44.86,0,75.12,58.97,Intermediate
S00560,1,47.6,59.55,47.96,58.47,78.58,92.19,68.07,50.11,26.72,0,76.95,53.39,Intermediate
S00561,3,42.75,51.27,36.32,65.84,53.7,100,65.74,47.15,19.34,3,57.44,49.04,Beginner
S00562,5,68.73,65.8,90.51,87.06,65.08,96.24,91.75,75.93,64.68,0,89.89,78.02,Advanced
S00563,2,51.47,75.33,62.5,63.71,74.32,70.65,74.74,56.66,42.6,0,82.3,63.25,Intermediate
S00564,2,87.04,79.45,100.0,96.69,43.58,86.54,93.97,79.91,66.24,0,87.19,90.79,Advanced
S00565,6,62.11,73.32,80.11,69.8,76.1,78.8,75.73,58.29,42.84,0,82.31,71.34,Advanced
S00566,2,42.19,22.96,40.55,32.34,64.86,87.36,36.87,42.23,21.04,1,72.93,34.51,Beginner
S00567,6,59.82,79.12,71.98,43.93,44.18,80.5,63.42,61.2,50.2,2,59.11,63.71,Advanced
S00568,2,36.18,59.76,61.81,34.47,65.55,89.77,66.72,60.47,43.41,2,58.67,48.05,Intermediate
S00569,4,25.05,65.98,53.49,38.75,84.25,74.84,63.34,55.71,34.19,0,30.69,45.82,Beginner
S00570,6,76.39,97.62,78.68,75.79,49.63,89.48,98.97,68.15,62.18,1,80.31,82.12,Advanced
S00571,7,69.28,35.11,55.66,54.92,57.25,88.1,69.57,53.8,53.88,0,57.31,53.74,Intermediate
S00572,2,45.98,58.64,48.92,15.67,63.59,87.46,64.4,40.64,39.07,2,76.96,42.3,Beginner
S00573,1,74.17,59.18,90.15,83.43,44.15,88.33,98.34,71.52,82.42,2,65.62,76.73,Advanced
S00574,1,27.1,42.69,47.18,42.21,72.05,72.11,54.18,47.33,16.91,4,87.21,39.79,Beginner
S00575,4,42.57,23.69,13.12,35.38,74.2,81.91,27.5,15.11,1.49,2,62.66,28.69,Beginner
S00576,5,13.33,28.22,34.61,24.75,73.7,87.42,42.76,28.23,12.19,1,74.74,25.23,Beginner
S00577,4,29.88,55.82,41.56,40.08,72.49,81.29,58.52,45.17,18.08,0,61.48,41.84,Beginner
S00578,4,30.43,46.58,25.81,33.82,55.26,90.45,56.52,32.63,7.04,1,84.69,34.16,Beginner
S00579,4,36.52,63.98,45.6,31.36,75.74,96.43,60.74,69.53,52.15,0,56.16,44.37,Intermediate
S00580,6,41.42,46.06,60.64,55.78,67.1,94.15,61.18,56.36,32.11,1,95.9,50.97,Advanced
S00581,5,39.13,65.35,53.76,32.21,63.21,89.27,63.73,61.89,25.22,0,57.87,47.61,Beginner
S00582,6,33.75,52.29,32.06,51.64,59.22,83.8,38.38,54.16,26.42,2,70.9,42.44,Beginner
S00583,10,68.81,71.48,66.13,55.68,57.86,91.79,89.69,70.62,74.69,0,80.36,65.52,Advanced
S00584,1,6.03,16.54,4.1,0.0,83.66,72.63,37.48,11.61,4.63,2,82.44,6.67,Beginner
S00585,2,54.52,71.07,57.29,66.64,66.65,80.02,89.62,59.73,41.14,0,76.5,62.38,Intermediate
S00586,7,41.83,41.55,52.45,42.38,89.71,89.65,64.57,51.12,32.25,2,75.42,44.55,Intermediate
S00587,1,60.95,50.55,77.34,92.67,32.04,99.1,82.84,53.26,52.13,0,89.45,70.38,Advanced
S00588,9,48.32,58.35,50.72,44.52,58.53,84.16,57.03,35.91,23.43,1,83.12,50.48,Intermediate
S00589,1,50.49,54.04,72.72,59.4,64.96,98.73,62.84,52.62,38.08,0,100.0,59.17,Advanced
S00590,10,11.79,25.12,39.99,10.33,59.35,84.34,18.91,16.16,0.0,2,75.31,21.81,Beginner
S00591,2,70.54,67.73,73.54,46.76,84.29,89.93,70.9,60.94,38.62,0,77.2,64.64,Advanced
S00592,7,69.63,81.55,89.42,89.44,43.33,89.03,69.69,74.26,61.45,1,86.92,82.51,Advanced
S00593,3,36.26,40.23,40.68,34.92,60.5,80.35,61.25,44.96,33.22,0,92.15,38.02,Intermediate
S00594,3,47.81,59.77,50.19,35.32,50.94,91.51,67.78,81.81,48.33,0,83.65,48.27,Intermediate
S00595,1,61.62,85.37,39.02,72.27,59.73,95.74,75.43,68.22,54.39,0,53.41,64.57,Intermediate
S00596,3,44.45,75.01,74.31,56.78,49.1,97.73,69.05,65.18,58.41,0,60.35,62.64,Advanced
S00597,7,40.02,42.65,37.53,52.4,71.29,79.66,67.62,32.89,20.04,0,99.7,43.15,Beginner
S00598,4,18.46,24.3,32.18,39.63,65.3,84.18,25.33,5.73,10.65,2,90.42,28.64,Beginner
S00599,6,89.25,91.24,68.2,87.95,40.19,84.76,94.12,89.75,69.44,1,90.31,84.16,Advanced
S00600,4,83.32,68.87,92.85,70.88,57.9,100,82.53,74.72,87.11,0,70.04,78.98,Advanced
S00601,1,85.87,58.69,62.44,79.67,42.38,100,73.46,81.96,63.98,0,75.28,71.67,Advanced
S00602,5,86.11,82.24,52.36,95.16,52.53,82.67,90.78,83.91,40.53,1,76.94,78.97,Advanced
S00603,7,49.82,51.02,47.41,42.72,78.24,82.88,58.42,52.69,31.73,0,100.0,47.74,Intermediate
S00604,5,49.2,31.35,16.27,26.34,77.07,80.64,51.29,23.59,11.31,4,84.96,30.79,Beginner
S00605,6,83.18,59.89,84.41,93.59,38.74,90.72,74.09,89.62,41.1,0,72.16,80.27,Advanced
S00606,5,72.82,71.37,52.34,63.19,38.36,75.51,72.08,47.47,43.16,0,100.0,64.93,Intermediate
S00607,5,57.78,40.0,26.1,42.06,67.26,90.88,63.5,54.52,36.44,2,56.21,41.49,Intermediate
S00608,4,33.3,15.11,29.47,31.21,61.92,86.53,54.23,36.59,24.22,2,89.6,27.27,Beginner
S00609,11,38.57,37.72,10.51,32.83,83.0,84.98,62.83,29.09,23.67,2,87.8,29.91,Beginner
S00610,5,48.02,49.96,7.04,36.22,69.17,99.54,56.65,40.11,40.97,1,74.51,35.31,Beginner
S00611,4,65.14,57.28,60.78,77.84,50.09,91.44,77.62,51.77,55.32,0,76.46,65.26,Intermediate
S00612,9,72.13,72.6,65.92,45.08,42.5,89.99,72.87,73.97,74.02,0,90.17,63.93,Advanced
S00613,1,46.08,23.67,36.4,41.12,58.92,88.24,49.11,40.88,27.93,1,73.1,36.82,Beginner
S00614,3,82.54,80.04,61.82,60.66,53.58,84.31,80.04,74.9,65.1,1,100.0,71.26,Advanced
S00615,4,71.15,73.44,61.72,65.88,31.33,82.17,84.29,80.9,47.66,0,92.5,68.05,Intermediate
S00616,1,65.05,65.91,90.01,94.6,63.27,100,98.09,72.46,52.62,0,98.0,78.89,Advanced
S00617,1,46.22,60.56,68.76,100.0,31.21,98.17,80.17,81.36,48.69,0,68.59,68.88,Advanced
S00618,3,53.5,36.19,42.06,68.44,66.51,81.99,54.23,23.93,24.04,0,67.19,50.05,Intermediate
S00619,5,54.17,40.18,70.44,49.03,56.24,83.98,49.71,22.65,27.13,0,78.38,53.45,Intermediate
S00620,6,40.31,43.8,47.78,49.74,75.03,67.24,55.12,40.87,48.08,0,100.0,45.41,Intermediate
S00621,3,33.81,42.93,30.85,25.25,79.07,74.21,49.6,25.56,32.01,1,90.58,33.21,Beginner
S00622,8,45.34,62.16,49.33,59.16,49.71,87.48,82.0,66.07,25.13,0,74.46,54.0,Intermediate
S00623,3,79.62,84.0,94.06,81.87,48.69,82.62,100.0,64.62,70.69,1,83.93,84.89,Advanced
S00624,6,34.13,42.46,52.53,39.4,71.77,78.98,72.05,50.82,36.92,0,78.74,42.13,Intermediate
S00625,7,51.78,58.87,66.68,66.34,32.46,100,83.73,57.55,57.76,0,91.3,60.92,Intermediate
S00626,5,52.38,28.02,44.35,54.91,65.17,86.58,72.51,39.4,45.18,0,71.62,44.92,Intermediate
S00627,1,55.81,76.16,56.19,58.38,71.29,93.99,82.99,59.41,32.98,0,77.16,61.64,Advanced
S00628,2,27.69,14.24,29.17,37.4,73.4,84.86,45.44,16.3,7.23,2,85.23,27.13,Beginner
S00629,4,67.73,65.41,68.64,82.54,62.56,81.39,57.33,53.42,43.07,0,88.7,71.08,Advanced
S00630,4,100.0,61.04,100.0,81.8,45.01,100,94.33,80.43,75.01,0,54.91,85.71,Advanced
S00631,1,20.02,44.69,59.09,21.4,51.85,73.81,56.36,25.9,9.33,3,56.08,36.3,Beginner
S00632,4,73.13,98.96,68.11,70.05,56.01,81.61,89.63,62.86,43.73,0,78.96,77.56,Advanced
S00633,3,68.51,47.18,84.1,68.53,78.3,94.78,83.73,80.43,59.78,0,70.24,67.08,Advanced
S00634,10,66.56,47.56,52.51,56.66,63.51,98.55,88.57,75.1,58.02,0,81.36,55.82,Advanced
S00635,8,71.33,75.65,28.05,50.46,57.23,96.15,75.62,28.79,38.15,1,81.15,56.37,Intermediate
S00636,6,42.72,46.87,49.18,22.36,57.05,87.35,64.53,65.03,32.24,4,77.36,40.28,Intermediate
S00637,2,27.36,29.94,4.08,23.35,94.97,96.17,41.93,28.54,6.99,1,77.58,21.19,Beginner
S00638,8,31.01,54.16,39.83,19.87,62.64,85.68,66.28,40.64,32.46,0,64.46,36.22,Beginner
S00639,5,47.96,81.2,73.43,63.35,64.7,98.69,86.57,59.22,31.44,0,57.39,66.49,Advanced
S00640,1,60.92,56.97,80.98,42.58,55.31,91.45,85.34,81.29,63.7,0,70.61,60.36,Advanced
S00641,5,66.32,89.15,57.21,64.41,73.31,82.11,71.31,67.09,39.47,0,68.42,69.27,Advanced
S00642,1,29.06,41.87,32.33,21.21,79.35,86.91,29.56,34.4,5.01,2,86.29,31.12,Beginner
S00643,5,54.94,51.0,57.49,61.31,65.38,86.24,55.28,69.45,35.31,1,91.59,56.19,Intermediate
S00644,6,72.65,86.48,73.68,72.1,54.28,88.76,85.42,58.01,59.43,0,71.81,76.22,Advanced
S00645,6,46.91,56.86,45.46,54.69,72.03,76.8,70.54,65.43,50.05,2,79.03,50.98,Intermediate
S00646,7,54.24,62.64,62.8,47.58,69.87,84.86,84.73,68.51,43.73,0,73.74,56.82,Intermediate
S00647,3,9.15,33.63,2.16,22.47,75.53,76.45,32.1,40.77,0.0,2,57.72,16.85,Beginner
S00648,4,45.99,35.4,40.12,53.32,77.39,81.97,43.84,23.99,2.34,0,78.68,43.71,Beginner
S00649,3,53.59,57.95,25.81,49.66,62.57,86.87,77.0,48.53,55.69,1,82.42,46.75,Intermediate
S00650,1,48.15,43.07,84.05,60.0,68.05,72.52,42.72,52.86,12.98,0,84.84,58.82,Intermediate
S00651,6,71.27,86.79,72.47,92.11,36.77,79.04,94.99,90.66,53.08,0,80.78,80.66,Advanced
S00652,6,58.45,76.99,92.83,87.74,59.23,97.5,87.64,72.91,76.73,1,81.98,79.0,Advanced
S00653,1,41.1,63.59,48.93,43.34,69.85,80.99,71.21,68.73,34.11,0,73.88,49.24,Intermediate
S00654,3,91.57,69.02,75.69,63.63,52.83,100,86.37,77.33,69.65,3,69.33,74.98,Advanced
S00655,3,46.49,66.1,38.28,43.19,72.53,71.57,88.23,46.86,42.33,0,76.83,48.52,Intermediate
S00656,1,72.71,94.36,100.0,96.4,56.71,94.94,96.88,92.97,89.68,0,76.5,90.87,Advanced
S00657,5,64.29,73.85,75.6,91.73,71.85,84.95,61.92,63.77,54.14,0,77.0,76.37,Advanced
S00658,5,46.67,51.11,27.56,55.79,63.27,86.45,84.45,48.21,24.0,0,72.94,45.28,Intermediate
S00659,6,75.45,36.86,57.95,55.14,75.82,77.55,71.57,67.37,49.75,0,62.11,56.35,Intermediate
S00660,8,32.06,36.04,38.54,34.13,78.87,92.3,64.87,43.44,16.03,0,94.2,35.19,Beginner
S00661,2,67.56,74.05,69.59,67.69,51.33,86.3,75.13,66.31,35.94,1,94.41,69.72,Advanced
S00662,5,25.56,45.48,59.48,39.24,46.9,81.24,62.7,56.5,40.48,0,62.09,42.44,Intermediate
S00663,3,77.9,88.33,98.59,79.95,51.57,99.78,92.48,65.3,68.13,0,94.2,86.19,Advanced
S00664,1,21.04,19.39,32.84,10.21,85.55,71.74,50.0,51.19,0.0,2,87.12,20.87,Beginner
S00665,5,61.19,47.5,63.72,51.84,76.21,73.69,51.97,49.38,22.73,1,70.86,56.06,Intermediate
S00666,4,64.16,73.41,60.35,55.81,58.81,91.1,57.83,68.1,41.17,1,96.91,63.43,Advanced
S00667,4,52.03,57.36,67.65,58.28,76.28,92.56,74.27,49.04,49.81,0,82.89,58.83,Intermediate
S00668,2,55.54,43.93,36.84,44.71,42.96,100,64.19,61.26,27.71,1,73.16,45.25,Intermediate
S00669,1,85.76,73.48,83.78,57.37,46.29,95.36,99.11,86.33,77.17,0,79.72,75.1,Advanced
S00670,2,41.04,74.14,56.4,44.72,72.82,84.35,86.02,64.75,18.29,1,62.05,54.07,Intermediate
S00671,9,62.74,47.66,50.19,65.0,63.97,85.56,69.36,63.97,26.93,0,84.57,56.39,Intermediate
S00672,8,58.64,63.24,51.46,46.89,52.82,96.86,76.99,61.59,27.89,1,85.58,55.06,Advanced
S00673,1,53.07,52.4,46.08,49.45,37.9,80.17,65.64,65.61,53.49,0,94.82,50.25,Intermediate
S00674,4,69.6,66.34,53.7,77.83,51.2,71.77,78.77,80.03,51.41,0,83.75,66.87,Advanced
S00675,4,71.55,55.33,72.65,60.74,57.14,86.82,88.99,67.24,52.78,0,62.07,65.07,Advanced
S00676,3,40.22,36.56,43.93,46.7,51.06,83.26,65.23,44.15,34.89,0,83.16,41.85,Intermediate
S00677,7,49.92,74.54,64.44,65.3,61.17,93.77,78.53,70.47,37.86,0,78.76,63.55,Intermediate
S00678,7,8.59,0.0,43.1,27.25,104.46,64.65,31.38,25.55,8.24,1,83.38,19.74,Beginner
S00679,4,63.15,79.64,53.15,65.74,79.16,82.2,55.78,63.9,34.05,1,79.17,65.42,Intermediate
S00680,10,16.75,24.14,0.0,15.91,73.05,85.54,22.82,0.0,0.0,0,70.07,14.2,Beginner
S00681,7,71.53,61.97,33.47,63.84,52.85,81.81,82.57,60.66,33.24,1,71.38,57.7,Intermediate
S00682,4,81.65,57.06,42.56,47.08,65.52,95.37,59.89,66.66,42.49,0,69.59,57.09,Intermediate
S00683,2,46.17,53.54,58.32,54.06,61.61,97.78,69.89,60.71,24.08,0,100.0,53.03,Intermediate
S00684,7,78.36,96.04,82.0,71.07,35.05,100,85.62,79.04,82.79,0,83.23,81.87,Advanced
S00685,11,77.72,91.63,99.48,65.07,48.13,86.96,100.0,83.81,79.27,0,66.59,83.48,Advanced
S00686,1,64.74,63.71,87.36,57.86,86.89,85.48,79.15,62.83,51.39,1,87.45,68.42,Advanced
S00687,4,57.74,59.29,71.92,70.07,81.26,86.66,77.03,58.05,28.56,0,100.0,64.76,Advanced
S00688,3,46.36,54.08,56.02,53.22,50.94,100,65.36,49.65,39.38,0,84.45,52.42,Intermediate
S00689,5,43.94,55.38,52.95,51.59,72.35,93.73,75.01,52.07,27.13,2,89.34,50.96,Intermediate
S00690,7,50.37,20.47,31.24,40.5,49.46,74.09,44.21,55.94,29.08,3,72.0,35.65,Intermediate
S00691,4,69.01,53.13,77.05,56.92,58.53,100,84.12,56.73,54.79,0,75.27,64.03,Intermediate
S00692,1,44.84,38.79,84.03,25.76,80.26,78.42,52.45,37.9,35.75,2,54.22,48.36,Intermediate
S00693,6,65.57,79.28,67.69,68.69,54.74,92.56,89.95,58.92,52.84,0,81.69,70.31,Advanced
S00694,4,26.82,8.76,36.79,42.17,81.75,78.72,32.94,33.19,34.14,0,84.22,28.63,Beginner
S00695,1,21.82,21.07,19.62,35.78,78.3,87.86,50.31,43.85,28.51,2,89.73,24.57,Beginner
S00696,7,37.91,42.76,71.59,31.09,50.91,80.47,44.76,56.07,28.98,0,60.2,45.84,Beginner
S00697,5,64.92,68.61,81.82,60.46,55.82,78.79,100.0,65.57,45.24,0,91.22,68.95,Advanced
S00698,4,100.0,84.12,80.7,89.2,45.33,100,100.0,97.52,88.34,0,69.89,88.51,Advanced
S00699,2,71.51,62.29,51.38,52.77,59.77,91.24,86.34,67.84,41.89,1,100.0,59.49,Intermediate
S00700,3,60.29,56.37,78.68,36.51,87.66,84.3,76.25,57.95,33.35,0,61.07,57.96,Intermediate
S00701,5,60.09,67.23,67.94,56.5,51.28,88.48,76.43,45.11,35.56,0,82.78,62.94,Intermediate
S00702,6,50.46,31.81,61.56,39.21,63.99,77.77,57.22,32.13,24.11,2,67.02,45.76,Beginner
S00703,2,64.63,52.51,49.55,58.68,80.3,88.69,68.42,56.2,45.85,0,89.16,56.34,Beginner
S00704,5,78.13,82.11,100.0,93.87,44.58,90.69,100.0,80.0,49.94,0,100.0,88.53,Advanced
S00705,7,42.19,50.24,39.88,67.33,64.48,78.2,54.02,42.36,20.41,0,82.46,49.91,Intermediate
S00706,4,94.85,70.71,54.68,50.52,43.9,89.61,100.0,62.79,46.78,0,69.16,67.69,Advanced
S00707,5,33.57,27.68,41.69,52.01,82.32,77.97,44.58,7.94,5.99,2,84.14,38.74,Beginner
S00708,6,44.98,23.93,24.36,9.58,75.34,75.71,40.84,34.36,26.16,2,66.38,25.71,Beginner
S00709,5,62.03,97.11,48.42,98.74,41.79,100,91.39,66.18,48.33,0,36.24,76.58,Advanced
S00710,1,57.47,56.15,68.72,78.31,46.61,83.22,72.61,55.17,39.0,0,86.54,65.16,Advanced
S00711,1,71.18,69.93,76.87,70.25,56.94,97.08,68.56,75.49,75.34,1,89.86,72.06,Advanced
S00712,7,74.13,75.86,52.19,42.21,61.21,87.32,64.25,67.68,33.38,0,88.67,61.1,Advanced
S00713,1,78.18,70.21,100.0,60.12,48.46,90.85,85.87,85.25,64.37,0,60.81,77.13,Advanced
S00714,4,79.84,83.64,56.45,52.11,48.93,84.58,84.65,57.75,60.66,0,87.59,68.01,Advanced
S00715,4,43.65,34.34,62.03,26.72,63.65,89.67,44.75,30.09,11.38,1,58.52,41.68,Beginner
S00716,5,30.25,43.43,43.72,25.85,63.89,80.13,61.61,11.82,17.98,1,79.62,35.81,Intermediate
S00717,5,41.59,42.92,46.46,48.85,81.55,75.83,48.8,64.38,46.2,1,100.0,44.96,Intermediate
S00718,2,56.42,58.38,76.14,50.31,63.57,92.36,83.98,50.65,14.91,0,87.25,60.31,Intermediate
S00719,4,62.97,25.29,38.64,52.24,75.39,87.9,72.61,54.25,48.05,1,58.26,44.79,Intermediate
S00720,7,73.19,73.95,63.85,76.86,50.48,82.89,94.08,81.83,75.74,0,93.17,71.96,Advanced
S00721,5,57.81,63.41,60.9,60.35,69.15,84.98,61.91,46.97,28.86,2,95.99,60.62,Intermediate
S00722,6,86.37,86.07,56.58,54.6,53.8,95.49,92.25,94.65,67.52,0,92.75,70.91,Advanced
S00723,8,78.42,77.93,87.09,78.62,51.38,90.37,100.0,72.66,82.38,0,98.86,80.51,Advanced
S00724,1,27.4,46.64,13.55,10.48,77.84,69.53,42.28,42.24,0.0,1,62.73,24.52,Beginner
S00725,10,51.21,81.92,82.23,73.45,64.55,98.4,87.39,69.12,43.88,0,57.72,72.2,Advanced
S00726,7,74.3,88.18,43.45,80.1,88.08,95.98,85.97,40.78,35.3,0,67.33,71.51,Advanced
S00727,3,44.3,43.31,51.72,35.35,66.29,72.74,40.75,40.12,30.99,0,94.6,43.67,Intermediate
S00728,6,89.97,75.0,80.23,55.14,45.49,94.36,89.49,96.96,53.65,1,53.95,75.09,Advanced
S00729,7,87.75,95.42,72.49,100.0,62.69,100,100.0,84.78,73.2,1,85.47,88.92,Advanced
S00730,3,88.22,62.83,63.03,70.13,54.38,100,90.04,82.87,100.0,0,50.72,71.05,Advanced
S00731,4,68.12,93.18,100.0,79.71,31.63,100,96.06,83.6,82.65,0,65.67,85.25,Advanced
S00732,7,48.06,56.99,25.07,40.07,71.18,80.24,69.38,39.32,27.74,0,83.25,42.55,Intermediate
S00733,4,52.56,64.97,70.27,48.7,34.19,88.32,91.53,59.8,66.39,0,66.46,59.12,Intermediate
S00734,3,0.0,8.55,28.3,8.78,73.32,68.39,23.29,34.32,6.23,3,82.23,11.41,Beginner
S00735,7,65.09,92.05,58.67,53.4,64.59,97.97,72.77,40.01,41.63,0,58.59,67.3,Advanced
S00736,6,72.91,69.44,79.34,78.3,68.01,96.7,85.15,92.74,85.41,0,90.19,75.0,Advanced
S00737,2,53.69,35.48,34.72,43.96,68.54,76.85,61.49,46.14,45.56,0,77.22,41.96,Beginner
S00738,4,63.44,74.73,38.68,54.66,61.07,86.55,68.13,52.04,62.7,1,82.69,57.88,Intermediate
S00739,4,48.52,78.96,91.69,50.38,85.82,94.38,71.58,66.64,46.05,0,42.71,67.39,Advanced
S00740,4,33.2,55.95,45.16,21.96,68.16,100,49.26,20.86,26.65,1,60.22,39.07,Beginner
S00741,4,42.23,39.48,36.85,54.44,88.15,85.99,60.8,47.48,25.41,1,87.64,43.25,Intermediate
S00742,7,64.06,57.02,73.38,51.25,59.93,96.65,71.58,58.3,40.52,3,65.88,61.43,Beginner
S00743,4,47.81,45.59,33.1,67.87,55.8,92.09,67.85,27.95,26.78,0,75.08,48.59,Intermediate
S00744,3,77.24,74.58,86.08,46.13,55.07,87.12,83.38,79.3,47.17,1,74.34,71.01,Advanced
S00745,2,13.81,26.39,40.77,37.39,83.97,89.35,41.88,17.33,5.37,1,78.62,29.59,Beginner
S00746,3,69.05,90.15,73.41,75.59,63.94,94.91,97.57,87.99,80.95,0,79.47,77.05,Advanced
S00747,1,68.14,60.57,86.87,75.98,35.29,94.66,100.0,83.48,64.05,0,77.72,72.89,Advanced
S00748,5,78.74,72.75,72.99,70.51,49.82,98.88,92.01,84.48,40.68,1,94.7,73.75,Advanced
S00749,2,69.34,87.96,77.24,91.5,70.76,100,83.21,49.95,66.25,0,75.59,81.51,Advanced
S00750,1,32.86,67.99,70.47,37.77,78.93,93.69,73.32,56.2,44.92,0,43.32,52.27,Intermediate
S00751,1,74.08,75.57,76.64,92.57,48.98,84.68,79.66,70.74,63.25,0,89.74,79.72,Advanced
S00752,5,65.17,87.09,75.87,81.31,65.74,91.07,90.71,58.69,59.69,1,65.72,77.36,Advanced
S00753,8,59.83,71.33,59.82,79.96,59.01,94.67,86.97,77.74,56.29,0,71.79,67.74,Advanced
S00754,8,94.03,65.91,78.53,49.88,47.54,87.18,93.18,85.04,63.28,0,58.18,72.09,Advanced
S00755,6,30.23,33.29,25.4,43.36,97.34,72.69,38.44,42.51,17.58,4,88.2,33.07,Beginner
S00756,4,57.3,86.21,67.25,76.35,59.8,95.43,71.02,63.11,36.59,0,61.13,71.78,Intermediate
S00757,5,23.63,43.79,45.64,24.41,69.56,79.77,57.76,32.63,29.28,2,67.93,34.37,Beginner
S00758,3,45.97,60.74,61.77,61.74,70.1,97.53,57.92,42.34,45.9,0,83.23,57.55,Intermediate
S00759,1,77.98,52.22,62.92,71.22,58.5,95.31,78.7,42.34,32.33,0,66.89,66.09,Intermediate
S00760,5,72.53,72.58,38.93,63.05,51.88,100,74.02,85.22,50.36,0,100.0,61.77,Advanced
S00761,5,61.11,85.57,75.63,79.94,28.53,91.5,98.25,86.3,65.21,0,84.18,75.56,Advanced
S00762,4,52.97,59.82,55.76,49.3,80.79,88.18,63.04,69.04,40.99,0,86.99,54.46,Advanced
S00763,3,63.23,63.58,56.6,62.87,48.56,90.88,89.68,81.65,60.9,1,95.04,61.57,Advanced
S00764,1,72.25,42.44,80.59,65.88,60.47,81.95,84.66,60.46,38.34,1,65.56,65.29,Intermediate
S00765,1,45.69,68.98,58.72,75.43,44.65,79.82,73.96,67.37,78.57,0,54.53,62.21,Advanced
S00766,1,33.39,23.34,28.1,29.75,90.67,81.19,40.0,35.91,30.24,2,94.71,28.65,Beginner
S00767,3,55.52,48.23,40.75,53.66,69.23,84.77,65.83,30.49,22.89,0,86.83,49.54,Beginner
S00768,6,62.06,60.49,57.12,39.95,63.74,88.91,67.45,70.66,52.74,1,85.98,54.9,Advanced
S00769,2,44.89,64.01,41.96,54.92,74.79,86.69,46.53,54.05,58.21,1,73.38,51.45,Intermediate
S00770,1,54.31,79.13,69.98,86.19,48.69,83.55,86.46,63.32,51.79,0,60.23,72.4,Advanced
S00771,7,71.75,69.23,59.11,30.55,58.31,69.2,77.45,68.51,46.94,0,73.11,57.66,Advanced
S00772,4,27.21,52.1,40.11,56.89,74.37,87.45,57.31,30.72,14.31,0,60.84,44.08,Intermediate
S00773,1,87.16,82.4,93.72,95.09,47.51,89.68,95.74,100.0,79.0,0,91.22,89.59,Advanced
S00774,2,46.74,53.95,47.23,32.07,71.97,76.18,70.05,59.32,21.99,2,80.71,45.0,Intermediate
S00775,1,92.12,70.09,67.05,88.04,67.63,83.87,96.75,75.53,67.26,0,58.44,79.33,Advanced
S00776,8,46.92,27.19,34.68,67.21,71.8,99.76,61.06,51.95,44.71,1,58.32,44.0,Beginner
S00777,5,42.43,38.61,44.88,57.68,73.07,87.95,67.11,40.14,28.06,2,91.5,45.9,Intermediate
S00778,5,61.78,63.53,62.6,97.13,68.5,95.52,81.77,62.94,58.91,0,75.16,71.26,Advanced
S00779,2,6.38,28.95,28.54,27.24,83.44,74.76,36.29,21.09,13.86,4,84.58,22.78,Beginner
S00780,9,66.86,75.11,78.87,88.97,40.74,84.09,79.87,64.77,68.13,0,79.08,77.45,Advanced
S00781,7,80.04,79.33,79.18,75.97,57.5,73.51,82.27,59.37,51.5,3,92.64,78.63,Advanced
S00782,8,80.19,92.94,91.83,100.0,52.89,94.76,100.0,84.34,92.27,0,72.9,91.24,Advanced
S00783,6,66.13,54.2,53.78,21.72,56.51,91.95,75.08,41.64,0.0,0,73.74,48.96,Intermediate
S00784,3,83.39,82.88,100.0,97.61,25.17,96.47,100.0,81.56,87.87,0,98.75,90.97,Advanced
S00785,5,95.29,91.96,63.33,76.59,28.86,91.42,86.97,70.86,66.06,0,86.68,81.79,Advanced
S00786,2,60.45,69.74,83.39,55.32,73.7,96.92,83.13,55.34,45.4,0,72.63,67.23,Advanced
S00787,1,51.19,57.61,43.41,54.15,66.68,92.12,60.1,47.24,30.6,0,81.55,51.59,Intermediate
S00788,1,79.2,90.76,66.74,69.65,87.51,100,93.57,55.43,58.47,0,81.08,76.59,Advanced
S00789,5,59.04,65.21,70.51,74.44,56.32,93.29,100.0,77.0,45.79,0,87.5,67.3,Advanced
S00790,7,43.97,60.21,27.44,63.19,69.62,86.11,73.28,49.69,45.16,0,61.43,48.7,Intermediate
S00791,9,90.4,81.34,100.0,99.85,68.89,88.26,99.29,83.1,63.23,0,80.43,92.9,Advanced
S00792,2,87.51,69.77,78.63,80.9,63.18,90.16,89.18,74.26,60.21,0,75.49,79.2,Advanced
S00793,6,59.11,60.31,77.51,62.06,54.62,85.08,78.04,55.84,45.22,1,93.16,64.75,Advanced
S00794,6,42.83,41.7,33.04,40.67,72.65,78.72,47.61,34.42,30.83,1,99.12,39.56,Beginner
S00795,2,36.37,57.27,37.69,55.96,73.97,85.66,57.06,41.14,33.3,0,58.57,46.82,Intermediate
S00796,1,48.02,37.18,21.92,38.88,84.07,88.33,53.21,42.89,31.98,0,69.47,36.5,Beginner
S00797,5,91.88,76.93,93.51,91.12,48.85,93.79,87.94,91.73,75.06,0,82.05,88.36,Advanced
S00798,5,29.43,37.68,83.69,87.26,71.99,88.48,75.32,51.69,57.68,0,83.22,59.51,Intermediate
S00799,5,44.77,37.46,45.73,48.37,44.99,77.12,54.91,38.52,30.4,0,91.74,44.08,Intermediate
S00800,5,51.36,55.82,30.41,36.97,75.11,90.63,66.14,33.54,11.61,1,98.99,43.64,Beginner
S00801,2,31.17,37.36,68.19,54.51,69.72,82.79,87.56,31.38,37.34,0,84.05,47.81,Intermediate
S00802,1,56.5,74.94,68.18,42.79,67.52,83.47,74.4,59.43,36.77,0,68.55,60.6,Intermediate
S00803,1,77.94,60.49,76.74,69.27,81.12,89.45,93.19,91.86,56.24,3,89.59,71.11,Advanced
S00804,7,45.78,66.11,35.68,38.67,57.06,89.67,57.59,53.19,54.17,2,85.89,46.56,Intermediate
S00805,4,56.52,62.33,53.7,71.91,65.14,81.74,64.31,61.79,39.47,2,76.44,61.11,Intermediate
S00806,3,45.65,55.8,36.04,58.61,59.59,93.64,81.28,60.21,50.04,0,72.42,49.03,Intermediate
S00807,6,73.66,86.96,96.31,88.07,48.12,91.08,80.68,81.3,74.21,0,79.09,86.25,Advanced
S00808,1,76.71,73.94,55.08,58.17,71.83,83.3,79.31,68.04,47.14,0,98.73,65.98,Advanced
S00809,11,13.26,46.54,52.56,40.22,58.24,91.41,61.67,62.88,30.3,0,60.24,38.14,Intermediate
S00810,8,74.36,69.87,72.39,79.17,72.76,100,97.43,84.03,53.04,0,88.76,73.95,Advanced
S00811,2,82.84,58.07,68.17,62.69,61.48,100,75.67,57.17,41.04,0,84.75,67.94,Intermediate
S00812,5,43.66,56.38,51.59,56.28,80.89,89.84,60.24,29.4,28.89,1,84.93,51.98,Intermediate
S00813,1,49.11,38.14,45.62,19.75,92.96,88.05,48.04,38.09,10.17,3,65.13,38.16,Beginner
S00814,1,84.13,53.81,67.88,68.89,60.54,77.74,73.4,57.24,44.39,0,74.99,68.68,Intermediate
S00815,1,60.02,47.83,53.33,70.7,71.12,95.8,57.37,59.64,26.49,0,71.5,57.97,Intermediate
S00816,2,46.85,57.45,48.23,65.64,66.11,88.09,70.33,64.75,33.0,3,76.42,54.54,Intermediate
S00817,1,54.35,56.56,57.54,60.72,41.5,85.31,86.22,71.53,59.52,0,89.93,57.29,Intermediate
S00818,3,59.26,85.43,72.15,71.26,33.87,98.76,68.41,83.59,38.11,1,66.79,72.02,Advanced
S00819,5,77.16,63.54,92.29,80.15,69.74,95.62,79.05,68.23,84.39,0,77.71,78.28,Advanced
S00820,3,59.57,50.81,52.45,45.36,65.38,76.41,53.82,47.47,41.06,2,84.99,52.05,Intermediate
S00821,3,52.45,82.22,64.47,87.56,48.65,96.42,100.0,65.76,58.2,0,50.74,71.68,Advanced
S00822,2,24.81,38.72,32.76,46.98,54.39,86.33,45.74,35.43,6.32,0,83.63,35.82,Beginner
S00823,6,56.24,68.54,59.51,65.35,56.48,78.48,82.85,70.4,43.27,1,95.86,62.41,Advanced
S00824,9,42.08,37.06,44.9,48.77,75.71,86.74,51.12,46.18,18.64,1,89.99,43.2,Intermediate
S00825,6,80.28,64.21,76.99,85.83,39.88,90.01,88.84,81.66,50.7,0,61.15,76.83,Advanced
S00826,4,43.09,19.42,57.38,8.62,69.62,81.09,36.98,21.59,15.25,1,55.16,32.13,Beginner
S00827,4,44.52,28.75,29.86,44.28,81.18,76.63,46.69,18.62,27.85,3,74.78,36.85,Beginner
S00828,5,65.72,51.93,49.49,67.91,45.95,88.97,86.56,41.49,37.52,0,82.1,58.76,Intermediate
S00829,5,35.9,41.89,37.49,47.53,99.65,100,58.05,46.65,31.86,2,89.91,40.7,Intermediate
S00830,6,26.59,38.28,20.48,27.46,76.62,78.9,44.69,35.42,11.2,0,76.57,28.2,Beginner
S00831,7,54.18,55.39,53.08,33.22,66.87,75.83,79.08,42.74,19.4,0,90.92,48.97,Beginner
S00832,2,98.18,89.66,98.5,100.0,21.97,100,100.0,98.34,100.0,0,85.46,96.59,Advanced
S00833,7,69.94,54.73,72.74,73.39,38.28,74.62,93.94,57.38,40.42,0,80.66,67.7,Intermediate
S00834,7,66.16,45.68,51.49,69.22,62.4,94.29,84.64,81.84,42.31,0,66.6,58.14,Advanced
S00835,1,61.88,40.6,49.69,66.69,49.6,78.73,70.36,51.73,45.34,2,76.95,54.71,Intermediate
S00836,7,25.93,80.94,50.24,23.53,78.54,89.86,64.61,62.53,24.89,1,33.04,45.16,Intermediate
S00837,4,83.64,75.08,96.69,91.62,78.23,91.95,83.62,88.95,40.04,0,81.41,86.76,Advanced
S00838,4,73.14,90.78,79.18,82.7,50.96,74.83,90.68,57.66,46.72,0,75.17,81.45,Advanced
S00839,3,52.44,63.43,48.6,66.12,60.42,86.95,77.78,61.01,46.63,0,76.67,57.65,Intermediate
S00840,9,78.36,83.87,78.01,85.01,55.31,79.35,94.09,69.36,73.4,0,92.58,81.31,Advanced
S00841,3,24.24,34.08,55.2,48.2,85.24,89.2,52.18,30.89,17.32,2,82.01,40.43,Beginner
S00842,6,59.96,41.43,42.87,68.11,71.77,74.54,64.23,55.76,55.88,0,52.0,53.09,Intermediate
S00843,5,31.61,45.85,39.24,24.61,75.41,84.34,63.05,53.13,28.12,2,82.24,35.33,Beginner
S00844,5,49.53,50.31,25.0,55.99,68.08,85.11,46.99,41.53,44.03,0,77.85,45.21,Intermediate
S00845,5,49.47,49.96,47.47,38.64,68.16,89.35,55.66,36.28,14.9,2,96.66,46.38,Intermediate
S00846,2,70.74,75.78,82.66,67.11,62.87,94.36,87.83,71.13,54.61,0,77.07,74.07,Advanced
S00847,4,61.54,58.7,65.6,70.23,61.71,94.55,68.25,59.78,19.97,0,85.94,64.02,Advanced
S00848,7,70.17,52.79,62.22,61.02,63.18,82.79,71.61,49.89,46.32,0,74.25,61.55,Intermediate
S00849,3,38.44,36.58,34.89,45.89,81.38,85.51,46.68,46.03,31.68,2,96.74,38.95,Intermediate
S00850,5,87.65,51.57,89.07,89.71,73.67,93.98,75.66,59.88,48.38,1,64.12,79.5,Advanced
S00851,4,37.34,50.89,59.86,47.85,81.08,83.59,58.15,37.21,41.08,1,75.15,48.99,Beginner
S00852,4,70.32,55.27,61.36,71.51,50.21,92.31,94.02,69.95,60.58,0,81.93,64.62,Advanced
S00853,9,35.28,49.7,45.72,62.95,71.3,74.83,66.12,41.23,35.74,1,67.51,48.41,Intermediate
S00854,3,34.64,37.78,17.09,38.28,85.25,75.63,38.23,29.0,30.95,1,76.75,31.95,Beginner
S00855,3,51.95,52.92,57.78,57.07,61.98,87.22,80.82,69.59,33.46,2,88.48,54.93,Intermediate
S00856,1,47.68,57.9,72.52,65.04,63.45,95.96,92.77,75.57,36.28,0,89.68,60.79,Advanced
S00857,13,48.14,69.35,34.84,39.25,88.51,97.79,65.59,72.66,33.93,0,72.63,47.9,Intermediate
S00858,7,36.8,46.79,35.52,51.7,71.55,77.68,42.86,33.62,30.56,2,73.09,42.7,Beginner
S00859,3,55.89,44.76,33.39,45.07,59.46,74.06,58.16,32.69,35.93,1,70.01,44.78,Beginner
S00860,6,52.65,48.64,30.54,50.17,75.78,71.29,43.89,50.23,45.86,1,80.42,45.5,Intermediate
S00861,6,94.37,100.0,78.84,94.17,47.79,94.83,91.76,100.0,69.43,0,90.81,91.84,Advanced
S00862,4,7.34,18.99,24.17,3.86,72.96,76.75,34.98,38.17,5.11,3,65.05,13.59,Beginner
S00863,5,88.82,49.87,89.84,77.48,51.93,81.77,75.79,63.93,65.86,0,63.98,76.51,Advanced
S00864,7,69.08,73.98,79.61,59.46,43.06,84.82,80.12,73.07,40.14,0,76.69,70.53,Advanced
S00865,2,61.25,39.15,59.92,26.96,57.84,87.02,52.26,46.49,49.82,0,60.86,46.82,Intermediate
S00866,4,53.34,53.95,89.64,50.97,58.73,88.52,85.82,53.61,44.34,0,70.57,61.98,Intermediate
S00867,3,47.4,57.06,68.52,74.78,57.73,83.79,51.6,54.25,39.95,0,82.39,61.94,Intermediate
S00868,2,14.97,21.77,42.82,35.02,84.51,80.89,66.03,34.65,34.97,0,90.1,28.64,Beginner
S00869,1,73.36,84.8,98.61,99.76,45.68,100,100.0,98.5,55.19,1,92.3,89.13,Advanced
S00870,1,66.02,36.59,40.55,66.4,49.25,96.79,65.02,57.43,27.46,1,56.87,52.39,Intermediate
S00871,7,30.24,57.03,53.98,76.34,64.66,78.8,63.47,51.96,19.24,0,62.73,54.4,Intermediate
S00872,1,89.58,92.84,74.09,93.92,54.79,100,69.97,100.0,65.87,1,85.02,87.61,Advanced
S00873,6,50.91,79.52,63.92,60.75,70.11,81.91,85.0,55.85,31.06,0,66.1,63.78,Intermediate
S00874,6,69.04,51.02,59.97,63.98,30.61,89.29,73.58,66.19,63.05,0,68.52,61.0,Advanced
S00875,7,90.89,78.49,94.83,93.02,84.48,94.03,87.53,92.98,76.31,0,95.36,89.31,Advanced
S00876,4,88.59,99.59,78.79,71.2,38.61,92.18,86.37,83.53,75.9,0,85.5,84.54,Advanced
S00877,7,76.43,69.97,63.57,66.45,68.28,91.63,87.99,56.44,34.99,0,95.68,69.11,Advanced
S00878,1,66.53,83.24,79.03,58.87,56.46,93.98,89.02,62.54,45.26,0,65.4,71.91,Intermediate
S00879,7,77.45,67.59,74.79,67.63,42.47,100,94.28,87.83,52.44,0,84.77,71.87,Advanced
S00880,2,22.63,33.59,23.29,25.39,64.14,74.23,49.62,24.14,6.04,2,100.0,26.22,Beginner
S00881,3,42.07,42.64,47.04,56.26,73.28,77.72,63.01,42.38,36.56,1,90.56,47.0,Intermediate
S00882,4,28.69,24.98,42.93,40.03,65.45,83.71,47.12,36.44,16.76,0,90.25,34.16,Beginner
S00883,3,83.29,48.46,63.8,60.26,57.14,81.11,80.58,56.08,44.93,0,60.79,63.95,Advanced
S00884,8,65.9,49.31,59.29,58.34,66.0,95.32,68.77,57.76,41.5,0,93.01,58.21,Intermediate
S00885,8,49.14,51.24,44.83,30.62,67.92,84.05,74.03,56.55,61.1,1,87.12,43.96,Beginner
S00886,1,33.75,17.55,35.33,29.92,71.86,75.73,51.38,11.37,7.26,2,77.75,29.14,Beginner
S00887,2,20.37,22.77,23.9,48.46,63.69,76.78,52.73,40.73,25.98,1,84.62,28.87,Beginner
S00888,5,9.0,30.33,14.38,18.78,70.39,77.56,52.69,34.16,15.21,1,69.14,18.12,Beginner
S00889,1,68.08,64.81,45.48,69.55,69.89,72.36,82.75,59.55,15.41,0,70.59,61.98,Intermediate
S00890,3,46.65,69.34,32.28,68.4,55.12,88.24,58.08,53.2,48.93,2,63.36,54.17,Intermediate
S00891,7,68.29,72.94,61.37,53.84,76.35,88.65,72.51,60.13,46.43,0,93.9,64.11,Intermediate
S00892,1,89.37,100.0,100.0,100.0,38.71,88.34,100.0,91.25,81.82,0,87.44,97.34,Advanced
S00893,1,48.42,34.32,40.76,29.52,68.19,88.1,58.7,56.26,9.09,0,77.64,38.26,Intermediate
S00894,9,37.52,64.75,72.48,86.12,86.9,79.84,98.47,62.4,17.7,0,68.06,65.22,Intermediate
S00895,1,29.41,26.28,60.96,55.01,85.49,66.63,39.5,38.3,12.89,2,100.0,42.92,Intermediate
S00896,7,74.84,62.26,75.45,75.94,31.5,90.82,79.92,78.35,57.0,0,91.47,72.12,Advanced
S00897,2,70.28,58.22,49.19,56.9,59.34,94.13,71.06,57.13,44.42,0,85.24,58.65,Intermediate
S00898,4,69.2,41.89,80.71,73.1,87.53,83.91,88.43,69.62,43.27,0,73.92,66.23,Advanced
S00899,7,37.12,53.66,36.33,62.91,70.75,95.33,59.34,59.97,41.42,1,59.33,47.51,Intermediate
S00900,5,51.07,77.7,100.0,83.09,53.72,89.84,100.0,79.07,68.77,0,61.4,77.97,Advanced
S00901,2,59.2,81.6,71.34,74.94,60.18,90.76,100.0,63.35,64.69,0,92.2,71.77,Advanced
S00902,4,46.87,45.83,51.07,37.13,68.62,72.32,79.97,15.0,19.59,1,93.37,45.22,Beginner
S00903,2,56.62,58.89,48.58,48.43,55.65,91.06,79.62,46.17,31.9,1,97.41,53.13,Intermediate
S00904,4,59.71,57.81,46.12,77.67,58.68,73.81,70.7,46.51,66.67,0,81.17,60.33,Intermediate
S00905,4,45.98,70.13,51.66,50.77,73.14,92.46,58.58,34.57,52.02,0,89.22,54.63,Intermediate
S00906,2,52.97,69.77,67.57,59.73,63.82,88.42,90.18,61.21,66.6,0,74.84,62.51,Advanced
S00907,5,78.36,52.48,39.01,54.42,69.49,84.4,67.23,62.76,40.86,2,72.65,56.07,Intermediate
S00908,6,83.78,61.51,65.87,91.57,82.81,83.81,77.76,71.42,36.03,0,63.88,75.68,Advanced
S00909,1,31.89,32.52,39.74,42.59,69.25,95.57,40.89,46.45,29.51,1,98.42,36.69,Intermediate
S00910,6,59.14,66.72,63.68,73.79,67.19,84.87,85.16,53.73,50.15,0,86.24,65.83,Intermediate
S00911,2,23.03,53.33,33.0,30.81,95.55,73.18,62.82,47.21,43.93,1,67.18,35.04,Beginner
S00912,6,76.52,63.76,35.13,56.69,58.71,96.02,85.74,54.35,32.0,0,73.31,58.03,Intermediate
S00913,2,74.16,71.98,94.09,82.17,65.92,93.57,65.62,67.22,41.91,0,88.4,80.6,Advanced
S00914,4,98.58,96.64,79.26,92.97,47.26,90.5,99.14,76.12,64.12,0,100.0,91.86,Advanced
S00915,2,61.0,65.5,55.28,58.39,68.71,81.36,73.81,50.29,45.03,0,98.0,60.05,Intermediate
S00916,2,57.84,89.93,43.59,61.62,79.27,68.78,87.16,80.25,40.83,1,60.68,63.24,Advanced
S00917,2,36.77,35.73,50.73,41.25,70.94,83.58,69.21,47.38,24.01,1,82.84,41.12,Intermediate
S00918,1,46.98,52.75,48.42,45.72,48.92,76.18,77.83,75.44,34.6,0,85.66,48.47,Intermediate
S00919,1,68.37,50.24,67.92,47.61,88.58,90.69,85.87,65.52,26.04,1,63.43,58.54,Intermediate
S00920,5,79.65,80.39,50.18,80.95,70.91,83.91,91.24,62.64,52.21,0,79.15,72.79,Advanced
S00921,7,54.09,63.12,70.17,45.19,74.13,84.28,66.7,44.88,26.55,0,81.04,58.14,Intermediate
S00922,5,88.2,93.99,59.23,70.44,45.39,98.1,91.22,60.19,68.51,0,84.38,77.96,Advanced
S00923,1,88.08,73.73,80.86,74.02,63.46,96.41,92.27,87.71,55.87,0,95.14,79.17,Advanced
S00924,4,54.91,49.86,45.89,60.93,62.39,93.0,83.47,63.86,45.63,0,80.18,52.9,Advanced
S00925,3,85.13,72.56,80.78,74.94,57.16,93.15,100.0,82.34,60.44,0,88.23,78.35,Advanced
S00926,6,59.7,54.05,61.16,71.73,70.63,73.95,47.62,36.88,31.81,0,92.04,61.66,Intermediate
S00927,5,95.27,79.69,98.88,81.52,32.35,87.72,100.0,81.37,43.21,1,74.9,88.84,Advanced
S00928,5,47.84,47.22,63.78,42.63,76.69,97.6,72.3,74.32,49.4,1,84.94,50.37,Intermediate
S00929,3,41.88,49.85,50.82,33.53,74.67,76.11,43.22,27.54,28.45,0,82.65,44.02,Intermediate
S00930,5,50.45,34.3,63.4,60.73,63.13,88.18,87.96,63.73,37.2,1,80.63,52.22,Intermediate
S00931,7,30.15,20.91,22.89,29.16,76.18,83.19,42.39,38.5,8.38,1,97.85,25.78,Beginner
S00932,5,53.97,48.27,56.95,58.69,66.27,95.35,79.46,74.33,32.25,0,97.68,54.47,Intermediate
S00933,1,99.01,52.07,88.15,75.87,49.11,98.86,100.0,87.51,69.14,0,43.03,78.77,Advanced
S00934,3,70.5,90.3,69.48,62.52,66.81,81.88,100.0,66.89,51.7,0,86.36,73.2,Advanced
S00935,5,87.09,100.0,100.0,100.0,20.75,100,100.0,100.0,81.24,0,80.69,96.77,Advanced
S00936,5,62.32,76.43,89.28,77.04,69.37,87.98,61.7,37.97,49.41,2,74.72,76.27,Intermediate
S00937,6,60.85,75.85,82.49,71.42,50.55,95.77,76.56,52.91,54.44,0,79.08,72.66,Intermediate
S00938,2,53.09,67.17,42.84,82.5,55.39,96.62,81.72,46.76,54.65,0,65.7,61.4,Advanced
S00939,9,44.79,45.82,43.28,42.03,85.04,81.13,67.27,41.04,60.74,0,100.0,43.98,Intermediate
S00940,6,52.36,75.92,50.08,26.15,76.05,79.36,25.31,45.34,11.46,0,65.5,51.13,Beginner
S00941,5,85.43,60.68,51.29,61.03,61.48,90.89,67.76,66.31,46.99,0,73.01,64.61,Intermediate
S00942,6,12.03,9.91,23.56,2.87,95.27,77.94,37.65,28.05,17.65,0,78.52,12.09,Beginner
S00943,2,31.4,22.25,20.94,25.82,67.55,82.22,41.98,28.06,24.17,1,82.86,25.1,Beginner
S00944,6,100.0,91.18,63.13,79.03,26.59,99.72,88.66,79.83,74.65,0,73.21,83.34,Advanced
S00945,7,58.08,73.25,72.64,77.32,71.92,99.83,94.26,55.23,31.82,0,79.79,70.32,Intermediate
S00946,3,94.76,98.9,100.0,97.22,52.68,99.78,100.0,88.2,91.94,1,88.53,97.72,Advanced
S00947,5,52.59,80.24,79.21,54.83,42.79,96.9,86.26,53.18,49.75,0,56.21,66.72,Intermediate
S00948,3,55.38,53.17,82.18,90.31,66.31,95.36,93.22,78.83,71.35,0,89.3,70.26,Advanced
S00949,1,47.75,83.54,96.52,99.15,56.2,97.56,92.35,93.66,65.62,0,53.78,81.74,Advanced
S00950,2,76.84,65.87,72.81,79.5,46.92,100,89.59,91.99,65.8,0,77.72,73.76,Advanced
S00951,1,58.83,45.09,87.2,63.76,45.79,93.24,100.0,53.59,37.21,0,64.94,63.72,Intermediate
S00952,5,76.29,89.77,95.43,67.2,63.62,75.54,97.65,73.79,63.34,0,59.09,82.17,Advanced
S00953,3,43.19,55.32,49.02,54.74,47.4,100,55.38,55.82,23.32,2,88.96,50.57,Intermediate
S00954,3,74.94,71.67,79.55,55.28,62.88,80.04,85.07,62.15,49.34,1,84.64,70.36,Advanced
S00955,6,59.95,64.2,67.07,47.15,60.14,85.63,66.45,64.53,33.6,2,91.73,59.59,Intermediate
S00956,1,44.32,55.21,78.5,65.71,66.79,77.76,64.01,53.49,39.54,2,72.44,60.93,Intermediate
S00957,6,83.08,85.86,81.99,71.16,47.78,98.11,99.07,100.0,48.82,0,98.83,80.52,Advanced
S00958,3,49.16,62.18,46.17,48.82,68.5,100,59.29,60.59,54.26,0,79.09,51.58,Advanced
S00959,2,38.24,44.98,46.95,13.71,73.88,77.9,66.95,45.45,20.57,3,73.3,35.97,Beginner
S00960,2,54.22,59.2,47.18,54.49,71.97,77.27,74.11,73.91,38.28,0,100.0,53.78,Intermediate
S00961,6,75.44,55.73,43.12,54.15,48.46,89.8,75.54,73.64,54.08,0,72.67,57.11,Intermediate
S00962,4,61.94,56.09,54.07,48.85,64.93,85.72,77.73,66.42,36.1,0,90.58,55.24,Intermediate
S00963,3,82.65,82.25,81.73,74.07,66.74,91.76,90.66,70.47,59.26,0,92.6,80.17,Advanced
S00964,5,65.41,63.28,68.35,51.71,46.74,70.93,69.24,40.36,47.34,0,91.61,62.19,Intermediate
S00965,4,54.68,52.59,58.71,39.19,71.97,100,76.32,42.53,57.95,1,89.69,51.29,Intermediate
S00966,5,61.01,57.0,65.99,38.81,61.2,89.33,73.82,43.28,57.48,0,78.03,55.7,Intermediate
S00967,6,60.33,53.61,87.18,48.1,65.4,91.79,68.19,72.18,46.7,1,70.85,62.31,Advanced
S00968,5,66.88,73.66,100.0,88.49,72.78,73.09,79.31,79.89,46.11,0,73.56,82.26,Advanced
S00969,2,65.71,77.05,49.17,60.06,62.26,95.39,91.21,61.77,53.58,0,79.28,63.0,Intermediate
S00970,4,72.86,81.58,100.0,93.08,48.37,87.92,100.0,100.0,78.56,1,86.9,86.88,Advanced
S00971,5,55.91,53.82,80.02,42.48,56.93,93.75,83.7,50.29,27.96,1,67.32,58.06,Intermediate
S00972,4,36.68,47.37,39.9,28.58,69.42,81.46,71.4,50.77,43.86,2,74.56,38.13,Intermediate
S00973,3,37.01,49.58,49.08,65.69,69.74,83.18,52.82,51.06,35.6,1,71.7,50.34,Intermediate
S00974,6,26.02,24.36,34.33,35.89,66.97,71.26,29.4,45.88,42.79,2,89.24,30.15,Beginner
S00975,6,45.97,36.12,49.02,14.37,79.85,83.67,47.22,50.25,8.4,3,67.71,36.37,Intermediate
S00976,5,69.52,66.3,81.29,73.74,44.1,92.73,89.74,77.8,38.59,0,94.41,72.71,Advanced
S00977,8,74.12,59.95,39.4,40.57,64.28,92.2,69.79,66.86,45.55,0,88.81,53.51,Intermediate
S00978,5,32.68,56.03,56.7,41.62,61.42,95.6,71.61,63.01,35.39,0,80.44,46.76,Intermediate
S00979,5,20.92,1.67,3.2,0.0,92.01,82.38,28.03,5.84,0.0,2,86.61,6.45,Beginner
S00980,3,42.78,28.95,27.78,29.84,73.07,81.59,40.74,34.98,34.18,4,83.43,32.34,Beginner
S00981,1,55.38,30.85,51.87,45.84,73.98,88.54,80.93,48.4,43.62,0,71.76,45.98,Intermediate
S00982,3,55.91,44.18,48.22,37.75,52.58,94.89,76.92,44.15,25.26,2,85.35,46.51,Intermediate
S00983,4,44.84,65.1,47.57,46.47,61.88,83.04,76.93,44.19,46.28,1,79.46,51.0,Intermediate
S00984,6,48.11,59.69,42.16,31.02,37.82,88.58,66.47,50.61,42.7,2,83.77,45.24,Intermediate
S00985,5,52.45,46.01,53.58,75.7,71.17,86.96,73.92,39.09,36.93,1,70.67,56.94,Intermediate
S00986,6,59.35,69.86,57.28,75.78,32.58,97.49,69.45,73.14,53.43,1,81.38,65.57,Advanced
S00987,9,67.87,55.88,53.35,31.64,77.65,85.39,83.61,45.06,54.41,0,77.01,52.19,Beginner
S00988,1,63.68,59.04,46.48,34.48,62.52,81.45,73.43,51.63,37.64,0,90.07,50.92,Intermediate
S00989,10,52.39,38.98,56.26,35.59,65.71,87.61,66.25,60.55,59.9,0,69.28,45.81,Beginner
S00990,1,56.76,38.99,47.37,56.03,49.57,85.8,52.85,49.13,31.62,1,61.1,49.79,Intermediate
S00991,5,75.14,87.54,42.39,68.37,44.51,90.6,97.28,69.07,46.83,0,70.25,68.36,Advanced
S00992,5,100.0,77.39,100.0,100.0,42.68,87.57,100.0,92.98,74.57,0,71.51,94.35,Advanced
S00993,7,26.29,34.65,50.81,33.75,77.03,82.42,30.99,33.14,12.33,3,72.05,36.37,Beginner
S00994,3,55.07,55.75,88.04,82.02,53.78,88.61,92.26,66.01,42.44,0,96.25,70.22,Intermediate
S00995,1,62.83,73.16,100.0,58.59,61.61,91.17,100.0,66.58,48.84,0,70.37,73.65,Advanced
S00996,1,38.27,29.73,40.24,22.56,73.83,77.33,49.51,54.26,16.99,3,83.8,32.7,Beginner
S00997,1,65.66,57.65,61.38,69.92,70.62,87.6,66.54,61.44,47.74,0,94.98,63.65,Advanced
S00998,4,45.96,58.83,76.17,44.53,50.13,100,72.86,72.19,40.52,0,67.19,56.37,Advanced
S00999,5,66.54,62.12,96.06,63.05,49.29,86.61,77.44,52.27,61.11,0,71.08,71.94,Advanced
S01000,2,28.63,41.4,10.04,35.48,82.53,97.74,72.68,55.72,19.92,2,81.97,28.89,Beginner
S01001,1,67.24,26.5,79.44,69.55,69.86,85.51,78.65,64.72,56.77,1,51.66,60.68,Intermediate
S01002,4,15.4,35.66,25.64,11.12,77.86,75.43,56.36,35.36,44.35,1,70.5,21.95,Beginner
S01003,1,53.43,77.11,67.31,29.8,66.49,78.68,88.39,88.0,53.38,2,40.09,56.91,Intermediate
S01004,3,34.08,10.53,57.37,33.29,82.23,61.23,35.67,29.43,9.24,0,58.3,33.82,Beginner
S01005,2,78.48,95.8,96.52,68.33,41.8,89.97,100.0,100.0,84.15,0,80.16,84.79,Advanced
S01006,3,40.17,53.35,48.51,36.01,65.38,82.01,51.32,26.2,8.26,1,79.68,44.51,Intermediate
S01007,2,49.42,62.16,45.49,16.84,76.77,81.71,64.52,71.52,29.73,0,61.02,43.48,Intermediate
S01008,7,60.26,59.02,39.51,50.76,68.03,95.28,61.19,67.35,35.17,0,97.11,52.39,Advanced
S01009,1,28.61,39.88,32.17,22.32,75.97,76.44,28.84,38.61,14.94,3,78.2,30.74,Beginner
S01010,2,55.66,58.02,60.77,94.22,80.17,90.82,66.94,80.66,50.2,0,72.8,67.17,Advanced
S01011,6,49.84,66.35,42.68,16.59,52.96,81.97,67.04,62.57,25.84,1,66.7,43.86,Intermediate
S01012,8,61.49,62.86,68.49,60.17,86.98,87.25,69.5,39.92,32.04,0,95.47,63.25,Advanced
S01013,7,57.11,72.86,59.19,62.06,54.56,86.68,79.35,61.38,43.92,0,75.18,62.81,Intermediate
S01014,5,49.47,32.58,50.72,58.01,65.1,95.42,64.14,34.61,13.4,0,74.98,47.7,Intermediate
S01015,3,17.86,17.37,16.76,49.94,68.53,69.88,57.28,50.19,25.68,3,80.34,25.48,Beginner
S01016,8,40.91,29.44,43.63,18.08,73.49,84.02,47.27,31.95,10.58,2,89.69,33.02,Beginner
S01017,4,48.02,31.93,36.29,32.93,56.63,84.06,61.55,48.98,32.89,1,87.62,37.29,Beginner
S01018,1,69.0,69.74,77.71,50.18,79.84,86.64,87.37,58.29,55.72,1,83.21,66.66,Intermediate
S01019,9,38.12,60.3,55.36,44.08,50.41,94.64,90.41,59.01,53.34,0,76.18,49.46,Intermediate
S01020,2,92.85,100.0,89.92,97.38,72.19,92.53,86.62,64.56,68.78,0,97.97,95.04,Advanced
S01021,7,20.06,18.64,51.15,8.83,85.38,71.3,36.13,16.27,15.77,2,69.81,24.67,Beginner
S01022,3,47.45,34.89,31.15,55.69,56.87,88.81,82.65,60.56,49.09,2,58.23,42.3,Intermediate
S01023,6,62.2,90.44,65.69,88.11,33.24,89.3,94.18,71.65,69.42,0,77.18,76.61,Advanced
S01024,1,20.48,39.91,44.3,41.63,91.72,72.94,52.49,25.15,0.0,2,74.92,36.58,Beginner
S01025,5,55.63,65.31,41.33,57.8,46.17,84.58,80.83,69.53,51.5,0,72.81,55.02,Advanced
S01026,6,65.0,65.2,51.98,49.17,59.46,85.58,85.14,78.45,51.68,1,100.0,57.84,Intermediate
S01027,2,56.47,21.64,69.1,50.77,62.27,70.13,71.09,46.83,40.93,0,51.65,49.5,Beginner
S01028,7,92.4,90.65,87.26,86.94,48.04,93.77,100.0,86.22,72.3,0,100.0,89.31,Advanced
S01029,6,57.31,51.32,65.81,63.34,54.65,87.87,79.82,69.63,55.4,0,85.75,59.44,Advanced
S01030,2,73.87,81.72,83.24,85.4,36.47,100,100.0,89.24,81.23,0,84.78,81.06,Advanced
S01031,1,56.49,45.24,21.74,30.5,68.56,94.01,47.78,58.18,18.8,0,79.3,38.49,Intermediate
S01032,3,93.14,67.11,72.68,68.05,74.92,81.95,97.53,67.28,63.19,0,64.28,75.24,Advanced
S01033,5,49.59,55.35,47.31,40.21,64.65,92.15,48.25,47.73,20.85,0,92.62,48.11,Beginner
S01034,2,13.5,35.89,21.68,21.21,72.53,94.58,35.18,3.84,0.0,2,74.78,23.07,Beginner
S01035,1,66.89,36.25,56.28,54.84,71.77,94.76,76.23,58.22,49.72,2,67.81,53.56,Intermediate
S01036,7,83.78,61.21,54.13,88.37,43.46,100,84.52,81.83,74.28,0,62.29,71.87,Advanced
S01037,9,68.73,68.71,65.73,57.15,71.51,70.49,85.15,64.27,63.45,0,92.6,65.08,Advanced
S01038,2,61.37,47.15,48.31,66.71,64.34,93.45,68.58,48.2,49.03,0,73.46,55.88,Intermediate
S01039,6,57.41,65.6,56.4,70.02,50.67,73.47,83.65,69.87,38.89,0,88.61,62.36,Advanced
S01040,1,65.25,57.39,46.83,46.11,70.13,100,74.9,39.39,28.27,1,100.0,53.9,Intermediate
S01041,3,18.89,33.3,31.12,27.54,67.17,76.03,25.44,24.8,19.41,2,89.21,27.71,Beginner
S01042,5,51.61,11.47,53.56,40.72,75.4,66.03,64.85,36.12,53.02,1,44.09,39.34,Beginner
S01043,8,76.75,50.85,44.1,60.11,72.45,85.58,68.53,50.24,33.57,0,62.21,57.95,Intermediate
S01044,4,50.18,52.54,68.17,55.59,72.79,89.89,56.09,49.25,42.45,1,87.56,56.62,Intermediate
S01045,6,33.5,45.95,49.86,39.27,68.87,86.03,45.06,46.62,39.05,2,86.84,42.14,Intermediate
S01046,2,33.25,24.52,11.0,32.2,76.89,69.39,56.97,36.69,35.66,2,86.29,25.24,Beginner
S01047,5,29.58,31.72,57.67,42.77,85.14,79.52,43.61,27.76,14.21,2,96.19,40.44,Intermediate
S01048,3,36.23,17.32,32.85,0.0,95.99,83.55,38.8,36.14,20.04,2,61.76,21.6,Beginner
S01049,5,69.81,65.82,60.77,66.48,57.15,92.07,84.61,58.54,30.84,0,100.0,65.72,Advanced
S01050,7,49.66,64.43,67.27,54.96,65.02,87.37,94.79,47.93,38.09,0,77.3,59.08,Intermediate
S01051,1,47.57,63.69,45.51,64.32,58.89,89.59,66.97,58.29,18.78,1,67.77,55.27,Intermediate
S01052,3,45.8,35.5,37.59,24.15,63.65,92.7,88.03,45.58,46.19,2,87.72,35.76,Intermediate
S01053,1,38.54,46.63,33.34,56.71,88.96,90.49,36.68,30.35,0.0,1,77.02,43.81,Intermediate
S01054,5,73.53,68.86,54.62,42.34,52.91,98.25,74.13,56.58,54.98,0,78.32,59.83,Intermediate
S01055,1,72.78,78.19,75.12,84.56,67.81,95.75,69.9,59.15,46.59,1,89.81,77.66,Advanced
S01056,3,96.53,90.13,84.13,98.73,64.98,96.85,100.0,78.85,51.31,0,85.26,92.38,Advanced
S01057,2,48.88,52.53,45.04,46.73,94.33,86.91,59.02,59.71,28.05,0,94.75,48.29,Intermediate
S01058,3,45.86,51.94,68.74,66.87,75.8,90.96,72.27,72.68,40.51,0,99.94,58.35,Advanced
S01059,6,86.47,84.35,71.91,45.14,76.97,84.8,85.36,69.67,38.86,0,83.0,71.97,Advanced
S01060,2,28.94,54.02,46.19,31.75,47.93,69.33,59.65,52.94,37.04,1,69.66,40.23,Beginner
S01061,5,50.39,69.37,74.03,41.11,63.22,83.46,63.78,64.69,47.34,0,57.0,58.73,Intermediate
S01062,7,65.62,69.01,61.73,55.51,63.57,80.06,82.56,41.54,66.44,1,89.69,62.97,Intermediate
S01063,6,63.7,73.89,55.67,42.55,43.61,98.64,68.24,75.03,53.91,0,86.28,58.95,Advanced
S01064,3,78.51,30.58,81.51,55.64,66.93,100,74.73,68.04,42.98,0,36.38,61.56,Intermediate
S01065,7,100.0,97.1,75.65,86.89,35.23,98.08,100.0,88.05,81.18,1,92.34,89.91,Advanced
S01066,2,19.03,32.39,45.36,54.45,64.22,64.8,55.8,56.77,32.97,0,86.08,37.81,Beginner
S01067,5,76.61,69.58,70.28,93.6,66.59,100,76.25,72.5,58.31,0,84.1,77.52,Advanced
S01068,1,61.68,70.14,61.32,58.93,55.14,81.36,74.75,59.17,30.58,2,92.79,63.02,Intermediate
S01069,2,80.1,57.42,48.36,59.55,71.54,96.66,73.07,72.5,54.78,1,55.14,61.36,Advanced
S01070,3,26.95,15.21,6.8,56.48,81.43,81.94,34.18,30.38,12.06,2,46.27,26.36,Beginner
S01071,1,58.5,25.31,25.86,41.45,66.54,83.09,53.92,48.28,23.84,1,71.55,37.78,Beginner
S01072,7,42.52,24.32,77.11,34.15,77.19,82.21,53.03,17.4,27.43,1,44.06,44.53,Beginner
S01073,5,58.96,55.35,73.38,73.93,58.23,93.51,90.77,55.5,55.28,0,96.17,65.41,Advanced
S01074,3,78.16,89.64,73.85,77.21,61.95,100,95.77,81.59,44.7,0,81.11,79.72,Advanced
S01075,3,54.79,57.17,64.19,51.45,53.04,83.96,96.78,52.09,39.12,2,87.75,56.9,Intermediate
S01076,11,60.79,26.24,16.82,40.46,55.26,90.02,48.36,48.55,16.62,1,53.09,36.08,Beginner
S01077,1,67.54,49.98,43.48,56.25,68.44,88.86,57.82,39.62,53.53,2,69.96,54.31,Beginner
S01078,6,76.79,73.84,61.61,68.54,48.81,95.6,83.46,76.03,67.19,0,95.22,70.19,Advanced
S01079,5,51.19,62.41,41.06,20.72,69.17,86.42,63.39,49.08,42.93,1,79.81,43.85,Beginner
S01080,6,56.71,93.51,69.58,76.78,48.83,93.69,74.14,58.04,67.04,0,49.48,74.15,Advanced
S01081,4,23.94,43.52,67.33,56.8,70.94,81.08,61.55,48.23,17.48,1,69.72,47.9,Intermediate
S01082,2,78.22,79.16,74.89,60.19,51.99,90.29,78.74,53.27,71.77,0,75.23,73.11,Advanced
S01083,1,56.24,62.13,56.56,93.8,70.62,87.52,71.52,55.9,41.88,0,76.73,67.18,Advanced
S01084,2,56.57,61.21,47.03,57.19,63.42,84.82,62.36,70.29,33.78,0,95.51,55.5,Intermediate
S01085,1,73.27,67.77,53.42,81.35,78.25,94.17,80.94,78.77,42.4,0,76.27,68.95,Advanced
S01086,5,64.6,60.48,49.73,69.45,69.08,83.59,93.52,42.81,63.35,0,81.91,61.07,Intermediate
S01087,7,62.92,44.17,78.52,91.05,39.13,100,69.25,65.81,37.53,0,90.43,69.17,Advanced
S01088,3,68.76,36.49,60.62,61.29,56.77,83.16,42.6,58.56,23.38,0,69.02,56.79,Advanced
S01089,3,64.68,39.72,46.78,41.25,59.02,85.9,80.54,50.38,34.96,1,76.18,48.11,Intermediate
S01090,3,60.31,54.16,45.94,26.74,59.52,87.07,62.67,36.11,30.37,0,95.77,46.79,Intermediate
S01091,7,49.04,48.47,65.22,42.53,56.49,81.24,53.6,50.99,32.15,2,94.01,51.32,Intermediate
S01092,5,68.92,80.05,63.92,62.31,45.39,100,94.3,71.56,55.27,0,84.26,68.8,Advanced
S01093,4,0.0,31.94,22.64,12.66,77.89,65.53,40.58,24.62,0.0,3,60.83,16.81,Beginner
S01094,5,57.88,52.33,61.7,47.33,76.33,82.98,59.36,40.17,55.25,1,91.44,54.81,Intermediate
S01095,2,76.49,84.63,58.5,54.08,44.3,100,100.0,67.07,58.1,0,85.25,68.42,Advanced
S01096,5,64.95,69.63,71.07,88.1,57.68,83.04,95.59,66.51,42.66,1,91.45,73.44,Advanced
S01097,2,40.62,38.95,45.49,29.89,82.0,89.39,33.62,44.01,34.1,0,93.1,38.74,Intermediate
S01098,5,44.98,31.45,43.89,43.53,91.55,85.22,66.56,28.93,27.91,1,94.73,40.96,Beginner
S01099,6,35.63,39.26,37.66,32.54,72.91,82.78,66.21,47.35,34.45,1,100.0,36.27,Beginner
S01100,4,79.14,83.56,92.64,100.0,50.92,80.63,100.0,99.75,65.41,0,84.3,88.83,Advanced
S01101,6,70.85,50.5,45.96,30.84,74.4,86.25,75.76,65.28,43.47,0,73.46,49.54,Intermediate
S01102,4,50.66,52.57,53.38,49.93,59.37,96.53,58.89,49.14,19.15,1,97.4,51.63,Intermediate
S01103,2,44.1,56.32,41.11,56.72,79.1,83.13,44.83,43.29,27.19,1,81.94,49.56,Beginner
S01104,7,34.49,65.41,40.62,45.02,61.87,95.07,49.98,66.27,50.17,1,64.68,46.39,Intermediate
S01105,1,56.36,70.64,54.9,40.95,80.11,78.86,64.67,63.29,40.08,1,66.73,55.71,Advanced
S01106,1,49.88,49.75,66.02,52.46,50.28,100,45.02,48.21,34.26,0,100.0,54.53,Intermediate
S01107,8,76.12,51.55,67.05,60.24,65.91,91.15,75.22,55.24,43.42,0,67.96,63.74,Intermediate
S01108,10,70.7,64.4,54.25,83.65,52.53,86.88,82.6,67.09,36.47,0,76.06,68.25,Advanced
S01109,2,83.04,100.0,100.0,84.09,50.59,100,100.0,95.89,64.3,0,80.49,91.78,Advanced
S01110,3,68.02,57.94,61.3,55.78,62.46,89.72,74.47,53.84,45.22,0,70.89,60.76,Intermediate
S01111,8,49.13,47.62,51.26,67.86,47.25,81.87,79.25,47.14,43.94,1,94.16,53.97,Intermediate
S01112,1,58.31,43.48,58.14,48.89,55.09,87.55,72.02,51.02,45.5,1,79.67,52.2,Intermediate
S01113,7,56.77,79.01,83.03,55.62,42.7,95.58,91.51,82.83,77.51,0,55.02,68.61,Advanced
S01114,8,34.86,36.34,57.66,60.15,86.69,73.26,45.61,61.81,28.3,1,93.8,47.25,Intermediate
S01115,2,47.81,54.04,75.93,31.1,76.73,98.11,51.8,56.55,25.61,1,63.77,52.22,Intermediate
S01116,6,62.12,64.31,69.76,72.68,52.37,86.75,75.99,57.36,62.9,0,98.75,67.22,Advanced
S01117,4,38.76,50.43,50.73,68.26,57.58,81.05,60.99,55.54,23.21,1,75.2,52.05,Intermediate
S01118,7,68.09,39.72,51.46,54.78,77.42,84.65,65.3,54.55,25.14,1,75.46,53.51,Intermediate
S01119,4,100.0,95.3,96.63,100.0,56.81,93.43,100.0,94.61,93.94,0,91.44,97.98,Advanced
S01120,1,71.88,67.95,57.09,84.87,65.75,95.24,77.35,89.7,55.69,1,85.2,70.45,Advanced
S01121,1,48.91,67.33,70.58,62.74,66.92,85.31,82.77,72.02,64.21,0,90.66,62.39,Advanced
S01122,4,94.39,97.96,100.0,99.61,29.02,100,100.0,100.0,85.66,1,92.61,97.99,Advanced
S01123,6,33.71,26.78,38.85,60.34,68.94,89.16,54.83,49.01,17.64,0,91.58,39.92,Beginner
S01124,3,84.33,100.0,99.72,93.18,38.9,100,100.0,95.86,72.84,0,86.7,94.31,Advanced
S01125,5,55.81,88.46,57.3,54.93,36.62,85.95,67.44,71.16,46.29,0,59.25,64.12,Advanced
S01126,6,86.03,83.43,70.28,48.02,35.59,91.47,92.06,72.41,44.35,1,90.94,71.94,Advanced
S01127,2,59.61,52.94,30.66,45.97,67.98,81.51,62.38,38.49,26.54,0,81.89,47.3,Intermediate
S01128,3,15.54,31.4,26.57,48.69,85.44,89.36,37.79,52.69,0.0,4,71.85,30.55,Beginner
S01129,6,61.29,53.69,62.69,67.38,61.22,97.32,26.06,48.26,32.23,0,87.39,61.26,Intermediate
S01130,3,28.32,39.28,37.58,50.26,82.44,78.95,33.91,53.76,9.85,1,71.89,38.86,Beginner
S01131,1,88.29,55.74,56.83,73.19,52.49,87.26,82.26,57.85,30.32,0,55.46,68.51,Advanced
S01132,5,55.75,51.94,51.53,62.48,70.52,84.62,69.15,58.22,44.73,1,76.65,55.43,Intermediate
S01133,4,52.71,40.08,57.81,61.4,62.67,86.71,74.63,40.45,33.04,2,88.05,53.0,Intermediate
S01134,4,64.38,70.11,80.52,52.79,55.7,96.35,77.38,41.96,46.16,0,74.91,66.95,Intermediate
S01135,1,75.03,100.0,87.53,93.84,36.29,91.17,100.0,73.9,68.38,0,74.68,89.1,Advanced
S01136,1,50.62,59.01,69.33,57.48,62.33,81.4,70.9,46.15,30.75,3,80.33,59.11,Intermediate
S01137,4,60.75,71.89,62.11,80.57,56.89,90.43,93.74,62.83,42.22,2,92.28,68.83,Advanced
S01138,2,71.87,62.54,39.76,53.85,72.64,90.19,76.99,91.37,50.69,0,87.79,57.01,Advanced
S01139,7,41.21,47.12,33.06,57.43,68.46,74.2,43.03,26.99,59.73,0,81.53,44.7,Intermediate
S01140,5,54.15,34.16,56.51,49.24,69.53,84.52,55.49,41.45,17.04,1,74.01,48.51,Intermediate
S01141,8,85.81,96.88,85.27,87.92,47.16,100,82.84,81.81,58.82,0,86.96,88.97,Advanced
S01142,6,71.53,31.78,42.96,40.87,93.05,93.07,56.19,42.5,18.31,0,55.51,46.78,Intermediate
S01143,1,40.59,56.24,20.09,58.38,72.05,94.17,69.27,47.92,42.04,0,53.27,43.83,Intermediate
S01144,5,58.64,61.14,52.7,55.86,42.07,88.06,85.4,62.67,45.86,1,94.5,57.09,Intermediate
S01145,8,100.0,64.75,66.64,67.38,52.67,98.74,100.0,58.02,71.08,0,68.0,74.69,Advanced
S01146,2,57.57,49.02,57.0,49.5,78.59,75.12,77.11,47.04,42.35,1,92.11,53.27,Intermediate
S01147,3,62.85,66.91,67.04,58.41,67.11,71.62,76.07,55.23,35.01,1,96.65,63.8,Intermediate
S01148,5,40.95,20.86,38.21,63.94,70.31,100,38.67,46.41,32.08,1,66.36,40.99,Beginner
S01149,7,28.94,7.68,0.0,8.64,97.39,79.3,15.32,30.09,0.0,2,75.94,11.32,Beginner
S01150,7,86.9,96.82,81.24,79.05,50.38,88.13,86.98,78.32,58.69,1,93.87,86.0,Advanced
S01151,3,41.36,58.79,36.09,27.44,52.91,63.45,53.9,38.5,27.64,0,82.49,40.92,Beginner
S01152,4,51.44,75.22,61.95,45.61,43.21,92.82,63.08,56.76,36.43,0,65.05,58.56,Intermediate
S01153,4,50.83,68.82,44.31,58.29,60.79,94.21,73.77,65.71,44.75,0,65.48,55.56,Advanced
S01154,5,91.61,90.04,86.35,75.77,53.31,84.79,100.0,97.04,72.21,0,91.69,85.94,Advanced
S01155,7,47.85,50.3,58.47,54.86,62.88,78.34,41.69,39.03,24.01,0,98.3,52.87,Intermediate
S01156,4,67.94,83.65,63.7,56.78,63.75,87.91,89.05,74.01,55.65,0,93.82,68.02,Advanced
S01157,2,70.32,53.56,40.13,48.31,66.89,100,75.41,62.89,32.15,0,84.99,53.08,Intermediate
S01158,7,0.0,29.51,5.85,31.65,89.03,73.35,46.54,6.75,0.0,2,49.78,16.75,Beginner
S01159,6,60.73,76.96,72.75,69.32,45.83,81.52,87.76,64.32,48.01,0,74.97,69.94,Advanced
S01160,6,46.55,45.44,31.98,52.11,67.88,84.33,53.7,34.08,7.8,1,89.1,44.02,Beginner
S01161,5,78.91,67.99,86.17,100.0,40.31,91.5,100.0,64.87,66.96,0,80.85,83.27,Advanced
S01162,5,46.83,52.05,46.73,46.56,40.33,85.47,81.12,60.73,50.55,0,88.53,48.04,Intermediate
S01163,2,69.93,74.63,54.66,40.55,68.78,92.29,71.42,61.26,16.51,0,85.99,59.94,Intermediate
S01164,4,51.41,59.17,72.32,70.38,51.55,87.72,76.67,31.33,59.49,2,86.31,63.32,Intermediate
S01165,3,47.91,64.13,80.63,33.73,43.78,100,85.5,55.74,51.59,0,59.33,56.6,Intermediate
S01166,10,56.83,29.96,41.56,37.42,65.49,86.34,60.75,51.48,50.04,0,63.02,41.44,Intermediate
S01167,6,44.78,31.91,44.16,25.5,52.78,76.53,49.64,23.6,16.61,0,77.21,36.59,Beginner
S01168,1,100.0,89.13,100.0,100.0,48.02,100,100.0,94.89,58.39,0,83.83,97.28,Advanced
S01169,7,83.71,100.0,100.0,92.5,42.08,81.73,97.84,100.0,58.2,0,78.91,94.05,Advanced
S01170,2,81.03,82.05,53.39,68.97,54.88,97.79,81.69,77.14,66.51,0,91.54,71.36,Advanced
S01171,4,68.96,53.85,58.16,66.33,60.43,100,78.63,58.23,43.04,0,86.45,61.82,Intermediate
S01172,2,80.08,70.11,64.37,74.15,40.09,97.47,76.06,71.7,55.72,0,79.26,72.18,Advanced
S01173,7,60.76,55.05,57.2,60.73,51.74,100,78.17,61.08,49.14,3,98.32,58.44,Intermediate
S01174,2,44.81,51.36,48.13,45.03,61.05,93.01,65.45,64.2,34.12,0,86.72,47.33,Intermediate
S01175,1,80.31,89.47,84.97,50.48,75.31,88.77,59.09,73.77,29.41,0,84.28,76.31,Advanced
S01176,6,68.06,50.4,38.54,42.88,90.14,97.81,55.86,50.09,47.68,0,83.38,49.97,Intermediate
S01177,3,50.02,62.84,27.93,30.44,69.13,93.66,48.75,53.26,35.51,0,83.47,42.81,Beginner
S01178,4,74.22,50.96,56.2,74.19,48.02,71.45,71.15,52.6,55.65,1,71.31,63.89,Advanced
S01179,5,53.71,53.11,59.42,31.2,51.31,82.47,74.77,76.01,33.85,1,88.34,49.36,Intermediate
S01180,3,71.24,68.2,98.49,67.38,53.59,85.04,100.0,63.32,57.13,0,84.43,76.33,Advanced
S01181,2,80.91,65.57,43.79,53.84,77.47,87.44,84.75,62.36,54.01,1,67.01,61.03,Intermediate
S01182,5,47.67,57.35,48.33,51.64,45.09,74.91,63.48,53.4,45.73,0,100.0,51.25,Intermediate
S01183,8,48.92,79.21,66.34,54.46,46.27,85.18,68.09,79.37,49.75,0,71.2,62.23,Advanced
S01184,7,70.86,48.89,60.3,38.14,55.14,79.51,72.15,58.23,45.96,1,73.19,54.55,Intermediate
S01185,3,66.42,79.58,56.94,73.15,38.87,94.72,90.78,68.5,51.77,0,73.43,69.02,Advanced
S01186,7,13.08,25.58,19.82,38.98,87.35,75.53,41.83,23.34,6.96,1,67.91,24.36,Beginner
S01187,4,44.52,53.26,63.54,59.7,84.23,90.75,59.94,60.1,42.47,0,89.27,55.26,Intermediate
S01188,4,14.06,37.75,8.94,19.41,89.02,74.05,34.72,18.87,5.74,2,79.28,20.04,Beginner
S01189,1,32.24,26.9,52.74,49.03,85.52,82.87,43.46,34.91,26.8,1,89.79,40.23,Beginner
S01190,3,78.19,91.32,99.55,68.26,49.06,85.62,96.72,59.74,71.7,0,57.33,84.33,Advanced
S01191,1,65.02,50.23,60.18,63.45,63.16,86.74,58.56,57.96,10.41,1,73.27,59.72,Intermediate
S01192,8,61.29,54.68,47.2,41.27,60.51,86.77,77.0,51.57,30.95,0,88.63,51.11,Intermediate
S01193,5,86.05,86.71,70.33,67.9,56.18,80.54,89.38,72.43,55.15,0,100.0,77.75,Advanced
S01194,8,71.12,65.96,56.95,72.63,42.71,88.08,65.07,64.75,35.67,0,79.0,66.67,Advanced
S01195,2,23.18,53.34,43.88,45.04,69.08,81.89,62.26,43.54,26.33,2,81.81,41.36,Beginner
S01196,6,77.76,76.11,68.11,66.42,66.4,93.08,64.97,65.71,53.06,0,99.42,72.1,Advanced
S01197,7,63.14,73.31,44.49,66.24,70.14,80.38,59.55,60.34,50.3,0,85.19,61.79,Advanced
S01198,1,63.5,80.99,94.18,64.7,40.66,95.1,84.56,56.95,63.72,0,75.1,75.84,Advanced
S01199,1,56.03,56.19,60.42,38.87,70.58,70.46,81.19,48.41,55.8,0,90.66,52.88,Intermediate
S01200,5,84.56,69.48,100.0,76.71,75.7,95.16,100.0,69.63,64.23,0,73.7,82.69,Advanced
S01201,6,52.71,66.46,77.24,44.09,56.98,87.38,90.91,66.3,39.06,1,62.48,60.13,Intermediate
S01202,4,61.08,57.97,51.57,67.68,58.17,88.61,48.8,54.01,44.13,0,88.81,59.57,Intermediate
S01203,8,57.19,45.97,56.06,50.58,86.14,77.05,72.49,47.79,19.98,2,91.05,52.45,Intermediate
S01204,2,58.4,50.91,27.49,26.98,55.56,77.67,55.42,38.08,23.31,3,90.33,40.95,Intermediate
S01205,1,60.55,49.07,51.78,44.52,83.19,83.62,58.46,47.61,22.58,1,85.72,51.48,Intermediate
S01206,1,86.04,86.78,71.18,77.74,80.81,83.84,83.37,78.56,48.0,0,100.0,80.44,Advanced
S01207,7,83.28,81.5,77.2,87.85,45.68,100,100.0,94.73,69.35,0,99.24,82.46,Advanced
S01208,2,58.24,32.81,66.21,51.83,64.36,70.28,74.61,48.22,49.86,1,57.87,52.27,Intermediate
S01209,1,81.66,77.18,67.5,56.76,56.86,96.44,92.94,48.68,75.23,0,88.44,70.77,Advanced
S01210,1,44.57,35.4,46.99,72.23,68.87,73.04,66.74,52.96,37.33,0,69.89,49.8,Beginner
S01211,4,75.55,83.82,73.17,60.17,56.07,89.03,89.28,74.1,42.05,0,78.35,73.18,Advanced
S01212,4,20.42,2.94,24.02,0.0,83.81,70.81,22.0,33.18,13.62,2,73.3,11.84,Beginner
S01213,6,30.11,49.21,15.11,55.36,42.22,94.89,67.19,41.97,39.09,0,52.4,37.45,Beginner
S01214,5,86.8,76.96,63.12,83.55,55.81,82.42,74.08,65.71,49.98,0,73.46,77.61,Advanced
S01215,1,92.63,100.0,86.3,91.16,25.76,87.97,100.0,100.0,74.18,0,83.58,92.52,Advanced
S01216,8,73.17,57.47,80.28,44.72,63.08,75.94,81.8,71.57,48.94,0,61.5,63.91,Advanced
S01217,1,51.36,27.14,32.71,21.1,58.55,84.32,45.38,34.04,6.36,3,64.8,33.08,Beginner
S01218,5,7.08,12.78,30.81,13.14,96.8,61.37,46.45,28.31,0.0,1,80.41,15.95,Beginner
S01219,5,93.97,92.25,84.03,97.67,37.27,100,100.0,100.0,59.06,1,100.0,91.98,Advanced
S01220,4,16.76,35.65,23.25,23.63,86.1,76.36,22.71,40.94,10.37,2,71.16,24.82,Beginner
S01221,7,96.27,98.61,71.8,86.66,45.84,100,100.0,78.28,65.39,0,84.48,88.33,Advanced
S01222,1,57.68,67.56,18.65,43.01,57.99,96.55,78.92,51.91,37.39,1,78.96,46.72,Intermediate
S01223,6,70.38,70.32,81.84,70.84,71.82,85.99,85.83,71.58,45.46,0,98.42,73.35,Advanced
S01224,4,64.84,61.25,63.13,85.82,69.07,75.8,76.81,63.53,23.75,0,82.16,68.76,Advanced
S01225,2,51.81,68.01,65.53,55.63,78.65,74.16,63.54,52.24,49.48,2,72.04,60.24,Intermediate
S01226,7,42.54,63.97,79.16,37.74,46.52,93.82,66.55,36.13,38.83,1,65.82,55.85,Intermediate
S01227,9,89.06,93.34,100.0,100.0,19.19,100,100.0,98.02,100.0,0,92.15,95.6,Advanced
S01228,2,44.16,59.57,65.28,39.41,74.14,83.31,64.96,49.2,47.6,0,66.62,52.1,Intermediate
S01229,3,70.46,59.66,61.14,87.21,72.07,87.09,66.26,69.7,37.29,0,87.54,69.62,Advanced
S01230,5,40.83,66.9,58.95,54.35,43.9,88.29,62.75,66.14,20.85,0,64.94,55.26,Intermediate
S01231,3,81.62,74.45,75.87,42.21,46.71,82.71,84.24,87.05,52.39,0,67.4,68.54,Advanced
S01232,5,55.72,50.45,52.19,43.85,63.09,78.33,71.08,57.83,41.25,0,91.37,50.55,Beginner
S01233,4,69.94,68.01,66.96,81.91,66.18,90.45,73.87,81.07,53.96,0,89.39,71.7,Advanced
S01234,3,88.87,69.14,67.42,60.78,45.57,100,87.68,82.34,43.07,0,78.9,71.55,Advanced
S01235,5,49.24,41.04,25.67,26.04,67.75,83.0,51.89,37.2,41.5,2,95.99,35.5,Beginner
S01236,4,64.86,49.32,70.21,84.51,82.27,89.56,81.58,83.77,62.19,1,77.73,67.22,Advanced
S01237,4,68.63,61.8,73.59,73.32,50.72,92.42,68.09,84.9,33.53,1,88.97,69.33,Advanced
S01238,2,59.66,67.18,83.0,47.77,73.24,100,73.88,68.53,45.01,0,72.41,64.4,Intermediate
S01239,6,55.41,55.9,96.88,59.92,61.97,87.34,94.44,58.57,41.0,0,82.2,67.03,Intermediate
S01240,2,64.01,58.65,88.85,87.26,60.17,89.31,92.85,90.18,57.3,0,87.32,74.69,Advanced
S01241,1,17.52,15.69,22.93,48.24,76.05,83.5,56.17,28.81,6.41,1,82.41,26.1,Beginner
S01242,2,78.84,77.12,60.91,70.93,53.77,91.0,88.69,79.39,47.0,0,99.81,71.95,Advanced
S01243,7,19.8,50.13,31.53,33.0,58.66,75.19,41.79,36.17,21.58,1,87.72,33.62,Beginner
S01244,1,99.84,67.8,66.32,72.08,33.71,83.49,79.91,66.23,44.05,0,67.21,76.51,Advanced
S01245,5,77.61,40.53,53.36,84.7,52.83,76.0,53.67,55.87,44.14,0,35.86,64.05,Intermediate
S01246,3,72.34,65.33,64.95,48.46,26.84,77.64,85.44,67.8,65.77,0,80.29,62.77,Intermediate
S01247,5,55.47,33.54,33.28,39.75,68.6,80.86,42.5,21.48,7.58,0,76.27,40.51,Beginner
S01248,2,83.78,90.77,95.68,78.03,65.61,78.61,78.4,83.1,70.51,0,86.08,87.07,Advanced
S01249,3,81.59,82.65,90.05,89.19,44.93,93.72,80.84,100.0,64.48,0,92.82,85.87,Advanced
S01250,9,54.41,24.3,41.41,19.05,66.52,78.64,43.23,40.19,3.54,0,57.75,34.8,Beginner
S01251,5,44.58,54.73,45.7,49.25,63.09,99.61,76.29,26.51,24.03,1,82.68,48.56,Intermediate
S01252,4,62.13,99.95,74.77,95.42,36.69,91.59,100.0,97.69,71.4,0,37.96,83.07,Advanced
S01253,8,66.26,100.0,60.84,84.93,51.76,100,100.0,65.12,55.19,0,42.63,78.01,Advanced
S01254,1,85.68,98.71,97.54,73.77,31.1,92.55,100.0,86.67,88.54,0,60.61,88.92,Advanced
S01255,1,54.65,76.35,49.69,61.03,54.6,81.58,71.31,49.85,44.71,0,75.17,60.43,Intermediate
S01256,6,94.81,90.59,78.07,66.46,58.12,100,95.38,77.46,44.31,0,98.13,82.48,Advanced
S01257,7,82.8,45.63,74.47,68.52,73.35,83.34,75.46,76.29,65.51,0,64.44,67.86,Advanced
S01258,1,62.27,48.78,40.15,52.94,65.92,76.49,79.3,31.91,30.39,0,74.94,51.03,Intermediate
S01259,3,40.5,34.13,45.77,60.61,57.28,87.05,71.78,34.52,30.0,0,86.92,45.25,Intermediate
S01260,2,96.19,89.96,67.46,71.12,68.02,78.55,100.0,90.63,85.73,0,97.33,81.18,Advanced
S01261,6,67.93,90.03,78.37,68.43,69.09,91.32,74.55,70.42,44.21,0,71.83,76.19,Advanced
S01262,4,50.61,67.75,80.56,61.83,54.56,80.98,77.73,48.44,39.48,2,70.28,65.19,Intermediate
S01263,2,53.19,53.35,56.94,60.32,51.75,86.55,68.5,60.96,62.76,1,100.0,55.95,Advanced
S01264,1,53.15,47.26,16.36,43.79,68.24,75.35,45.55,50.32,20.51,2,68.48,40.14,Beginner
S01265,2,68.73,50.32,46.37,77.55,77.19,77.51,80.97,70.46,49.06,0,66.7,60.75,Intermediate
S01266,6,45.5,49.13,78.47,59.8,65.85,83.35,58.04,58.0,23.12,0,93.31,58.23,Intermediate
S01267,6,76.48,71.67,52.99,75.65,61.94,99.58,73.92,61.54,43.59,0,86.78,69.2,Intermediate
S01268,7,88.54,97.49,69.14,85.61,47.62,91.39,86.32,62.83,41.56,1,83.62,85.19,Advanced
S01269,6,100.0,74.51,50.32,73.96,60.01,77.84,65.93,62.39,72.7,0,69.19,74.7,Advanced
S01270,3,23.99,54.68,24.39,60.95,70.87,78.05,34.11,54.67,21.68,2,45.82,41.0,Beginner
S01271,4,60.82,61.19,31.65,45.32,57.3,79.66,90.11,59.45,33.63,2,100.0,49.74,Intermediate
S01272,2,61.32,48.32,53.8,56.13,81.23,77.09,55.41,52.78,32.26,0,92.89,54.89,Intermediate
S01273,3,45.44,37.82,24.25,36.85,69.53,71.22,53.84,27.38,31.4,2,74.66,36.09,Beginner
S01274,1,59.02,48.31,11.25,27.24,67.62,80.22,68.41,24.33,5.68,0,85.16,36.46,Beginner
S01275,6,32.82,52.67,12.23,50.22,82.89,77.26,61.88,37.83,35.67,2,57.79,36.99,Beginner
S01276,1,49.81,31.46,18.54,52.01,67.67,77.33,39.76,26.66,26.98,0,66.98,37.96,Beginner
S01277,9,39.27,23.76,49.57,56.46,65.01,86.24,43.27,54.01,20.15,2,71.71,42.26,Intermediate
S01278,7,54.58,84.81,77.22,85.97,70.19,97.11,99.94,74.68,67.61,0,57.72,75.65,Advanced
S01279,5,61.9,43.84,40.91,40.02,65.41,83.25,64.39,36.08,36.82,0,85.88,46.67,Intermediate
S01280,6,51.82,53.74,39.74,34.58,83.26,80.68,66.1,46.0,20.16,2,100.0,44.97,Intermediate
S01281,4,74.34,70.13,54.33,51.02,50.4,99.46,83.53,78.83,68.48,0,82.35,62.46,Advanced
S01282,3,48.26,64.77,39.86,47.53,96.4,100,38.81,36.53,4.47,3,85.87,50.11,Intermediate
S01283,3,42.17,45.26,36.34,64.73,64.69,86.36,62.29,44.95,22.38,2,74.16,47.12,Intermediate
S01284,8,76.85,53.45,52.77,68.1,90.77,91.26,85.15,55.27,46.29,0,58.96,62.79,Intermediate
S01285,6,98.33,95.19,80.89,100.0,55.16,91.67,97.61,100.0,91.6,1,89.04,93.6,Advanced
S01286,5,38.85,37.53,30.95,43.05,73.31,83.74,61.76,34.25,1.51,3,94.96,37.6,Beginner
S01287,4,97.17,75.65,100.0,100.0,24.93,100,100.0,90.45,74.49,1,76.97,93.2,Advanced
S01288,2,38.94,47.6,28.02,54.27,77.74,93.94,57.38,44.01,38.25,1,73.11,42.21,Intermediate
S01289,1,61.07,66.22,71.6,71.05,53.82,86.85,80.43,75.31,52.59,0,100.0,67.48,Advanced
S01290,5,88.0,73.86,100.0,89.43,46.0,97.44,92.05,91.61,61.19,0,84.41,87.82,Advanced
S01291,6,39.72,49.45,24.09,58.09,55.13,88.36,51.92,58.0,30.79,1,80.55,42.84,Beginner
S01292,6,57.37,40.82,62.11,33.92,86.32,81.88,65.87,37.82,18.97,1,64.44,48.56,Intermediate
S01293,5,62.34,48.23,61.3,65.34,67.89,91.39,71.11,64.9,56.15,0,71.57,59.3,Advanced
S01294,1,75.74,50.35,45.33,56.26,74.93,91.75,83.45,71.11,51.74,0,58.29,56.92,Intermediate
S01295,7,62.18,49.65,59.4,59.04,46.27,76.88,84.37,50.74,73.93,0,88.87,57.57,Intermediate
S01296,4,50.07,33.42,10.85,65.43,91.68,86.96,61.26,26.42,17.12,2,41.73,39.94,Beginner
S01297,6,17.72,32.6,28.47,22.76,87.67,76.26,52.09,14.36,7.11,3,85.54,25.38,Beginner
S01298,3,69.17,54.56,79.12,46.59,67.87,100,75.2,66.51,52.3,0,62.88,62.36,Advanced
S01299,1,75.43,60.71,87.53,74.72,38.95,88.46,85.35,77.87,36.74,2,73.58,74.6,Intermediate
S01300,6,49.82,45.72,73.09,55.0,66.95,83.49,76.26,56.85,54.86,0,89.73,55.91,Intermediate
S01301,4,43.62,59.19,48.34,67.0,68.85,100,66.59,59.5,31.99,0,60.71,54.54,Intermediate
S01302,2,88.93,86.57,100.0,71.66,53.11,94.94,99.37,61.73,67.63,0,82.73,86.79,Advanced
S01303,1,45.3,33.06,34.48,35.41,68.96,71.51,43.83,36.71,0.0,1,81.32,37.07,Intermediate
S01304,4,71.57,54.8,72.01,54.82,72.67,90.03,66.1,45.65,35.38,0,61.94,63.3,Intermediate
S01305,4,16.52,44.8,38.95,43.06,77.33,70.51,52.54,22.67,15.86,0,80.28,35.83,Beginner
S01306,1,56.65,74.25,46.6,53.97,69.73,100,78.18,54.95,28.66,0,74.68,57.87,Intermediate
S01307,7,80.24,89.62,95.35,93.57,42.42,96.24,100.0,68.62,51.71,0,100.0,89.69,Advanced
S01308,1,22.1,16.31,22.23,35.95,68.78,75.53,56.79,17.82,20.8,0,88.29,24.15,Beginner
S01309,3,70.24,54.48,69.06,61.78,54.23,91.92,61.13,68.0,40.83,0,81.82,63.89,Intermediate
S01310,3,71.1,37.73,69.74,75.36,55.29,86.76,89.98,64.24,41.93,0,70.19,63.48,Intermediate
S01311,1,44.73,35.75,43.06,68.01,62.92,88.13,57.06,28.65,30.19,3,84.7,47.89,Beginner
S01312,4,74.81,67.37,74.18,77.45,25.08,100,88.68,70.16,45.25,1,83.98,73.45,Advanced
S01313,1,72.86,72.61,73.32,70.11,58.13,88.98,88.71,56.07,51.91,1,90.91,72.22,Advanced
S01314,1,57.42,64.41,63.83,53.62,40.92,82.29,76.97,56.52,54.99,0,87.79,59.82,Advanced
S01315,7,55.18,72.42,74.25,64.56,57.41,99.53,87.93,85.34,40.35,0,60.44,66.6,Intermediate
S01316,6,50.85,47.47,55.68,44.94,75.83,70.02,59.65,41.84,40.0,0,91.04,49.74,Intermediate
S01317,1,64.47,75.0,75.11,88.24,57.22,93.21,86.17,73.36,55.47,1,78.21,75.71,Advanced
S01318,3,11.09,14.45,2.05,27.86,94.18,75.69,16.12,13.24,3.37,3,89.73,13.86,Beginner
S01319,5,85.97,74.34,62.76,75.95,58.12,88.88,100.0,80.14,57.63,0,81.8,74.75,Advanced
S01320,2,66.71,62.4,53.01,40.12,45.12,97.81,68.54,59.81,42.59,2,86.06,55.56,Intermediate
S01321,3,65.39,64.21,38.74,89.66,50.98,93.6,74.53,53.8,34.79,1,73.44,64.5,Intermediate
S01322,2,55.11,89.24,71.11,53.3,52.07,100,97.17,81.39,56.0,0,52.16,67.19,Advanced
S01323,5,37.22,53.26,54.36,50.44,77.96,100,61.75,49.74,32.56,1,72.54,48.82,Intermediate
S01324,7,54.81,50.63,52.44,56.97,47.69,93.78,57.49,58.17,66.0,0,87.28,53.71,Intermediate
S01325,4,93.57,100.0,100.0,96.74,30.2,100,100.0,100.0,88.38,0,90.78,97.58,Advanced
S01326,2,56.8,66.13,95.08,60.36,58.34,89.31,94.02,79.29,56.29,0,61.88,69.59,Advanced
S01327,3,54.99,43.35,47.82,63.92,71.65,97.46,65.8,55.9,48.8,1,74.64,52.52,Intermediate
S01328,7,100.0,97.94,94.95,82.06,35.11,86.86,92.3,92.69,76.04,0,95.79,93.74,Advanced
S01329,3,58.47,61.09,53.01,49.28,75.08,94.76,63.72,67.94,40.88,1,100.0,55.46,Advanced
S01330,3,57.09,58.77,64.65,62.75,75.86,85.34,92.11,67.75,44.91,0,100.0,60.81,Intermediate
S01331,4,36.9,0.0,5.67,30.66,96.09,66.89,28.77,22.36,0.0,3,44.73,18.31,Beginner
S01332,5,64.67,69.11,63.07,40.43,59.48,84.38,66.06,65.55,58.55,1,87.19,59.32,Intermediate
S01333,2,45.05,53.68,64.79,32.13,81.53,82.61,62.58,67.06,26.55,2,79.24,48.91,Intermediate
S01334,6,55.21,59.96,50.89,45.18,46.43,87.86,70.75,60.88,53.48,1,87.66,52.81,Intermediate
S01335,4,71.84,64.62,90.11,73.11,31.79,100,96.7,91.01,69.98,0,76.99,74.92,Advanced
S01336,3,52.07,50.14,39.69,29.51,67.09,78.18,62.12,45.82,15.38,0,88.48,42.85,Intermediate
S01337,2,34.3,38.36,40.04,53.02,80.64,76.66,64.68,44.13,24.23,2,96.54,41.43,Intermediate
S01338,1,11.01,10.71,18.98,7.18,90.2,66.25,34.92,16.64,0.0,2,88.58,11.97,Beginner
S01339,6,26.11,14.94,24.65,61.07,74.38,70.77,36.58,49.51,8.02,3,60.47,31.69,Beginner
S01340,1,52.7,46.66,37.62,74.14,52.54,90.27,53.65,54.86,36.76,0,71.97,52.78,Intermediate
S01341,2,46.3,36.44,35.01,49.31,88.94,84.46,45.76,28.21,25.17,1,94.38,41.76,Beginner
S01342,8,47.51,17.73,54.37,34.64,47.07,93.82,67.77,63.44,63.1,0,63.59,38.57,Intermediate
S01343,3,19.25,22.06,12.8,40.36,78.39,80.27,29.3,25.71,18.87,2,77.49,23.62,Beginner
S01344,3,75.58,65.94,59.84,53.81,55.0,100,86.62,73.77,60.7,0,79.03,63.79,Advanced
S01345,9,28.53,46.42,32.06,59.02,57.39,67.38,63.87,55.86,38.52,0,66.73,41.51,Intermediate
S01346,8,58.05,57.79,51.64,32.77,66.43,91.26,68.92,64.79,34.06,1,89.1,50.06,Intermediate
S01347,3,49.28,49.94,44.43,47.13,45.83,80.94,66.32,27.83,44.91,2,99.45,47.7,Intermediate
S01348,8,100.0,76.96,85.63,70.95,55.49,100,100.0,88.58,70.36,3,61.42,83.38,Advanced
S01349,1,30.42,58.7,80.15,42.21,54.44,80.35,71.02,66.52,33.26,2,47.75,52.87,Intermediate
S01350,7,90.52,70.39,59.29,56.94,73.27,83.14,82.16,62.97,50.74,1,86.58,69.28,Advanced
S01351,4,66.34,84.67,53.36,72.16,66.77,82.64,86.49,88.57,62.47,0,69.5,69.13,Advanced
S01352,6,68.29,60.68,83.06,56.57,54.05,100,80.22,73.82,75.41,1,75.75,67.15,Advanced
S01353,3,43.06,19.89,47.51,42.75,59.84,79.7,54.74,37.32,2.28,0,82.34,38.3,Beginner
S01354,3,81.79,57.57,84.86,63.0,63.19,89.35,95.42,74.95,56.66,0,49.48,71.8,Advanced
S01355,5,45.98,25.48,44.07,34.72,67.7,84.33,53.44,52.81,12.45,3,66.1,37.56,Beginner
S01356,2,26.3,37.64,25.85,50.51,86.42,89.96,58.85,40.32,29.19,2,70.0,35.08,Beginner
S01357,7,77.39,83.53,76.01,90.69,47.27,98.89,79.61,98.33,49.53,0,78.4,81.9,Advanced
S01358,3,50.3,35.43,66.06,73.42,61.94,79.74,63.02,53.76,28.45,0,86.95,56.3,Intermediate
S01359,5,37.81,50.51,35.65,71.14,66.71,79.36,65.74,49.65,24.31,0,71.07,48.78,Beginner
S01360,2,54.2,58.69,57.54,47.44,60.85,97.06,58.09,53.14,36.6,0,92.61,54.47,Intermediate
S01361,3,88.47,100.0,56.46,100.0,59.19,80.66,95.77,81.55,45.24,0,58.47,86.23,Advanced
S01362,4,62.9,44.71,32.23,37.47,65.97,84.87,66.39,42.08,31.7,2,70.95,44.33,Intermediate
S01363,1,58.41,60.18,42.25,36.25,89.41,84.83,73.69,39.02,46.07,0,95.54,49.27,Intermediate
S01364,1,24.86,55.63,41.59,44.78,73.27,88.16,53.86,47.52,28.26,1,62.64,41.71,Beginner
S01365,6,25.39,8.17,16.87,14.06,93.51,91.57,25.35,32.04,11.57,2,74.8,16.12,Beginner
S01366,5,71.82,83.7,76.47,80.26,51.77,86.95,95.99,63.27,57.17,0,91.86,78.06,Advanced
S01367,6,98.61,100.0,100.0,80.76,44.61,94.82,95.59,100.0,89.08,2,86.47,94.84,Advanced
S01368,1,36.09,53.75,47.76,65.09,79.48,93.43,55.46,32.44,30.66,1,69.23,50.67,Intermediate
S01369,5,32.84,37.38,42.95,39.36,70.66,85.94,52.46,34.11,33.0,1,98.9,38.13,Beginner
S01370,8,34.99,18.89,69.14,46.32,66.47,68.21,44.22,40.85,22.78,0,66.89,42.34,Beginner
S01371,2,68.97,58.01,60.64,47.59,69.49,71.56,81.48,45.6,31.68,0,91.96,58.8,Intermediate
S01372,4,76.8,41.38,57.97,63.1,81.45,88.05,65.82,55.69,46.21,2,62.98,59.81,Intermediate
S01373,7,43.4,49.48,48.89,39.25,58.31,86.15,41.65,67.88,37.92,2,94.62,45.26,Intermediate
S01374,2,47.75,25.1,68.9,46.99,75.25,78.38,52.63,33.55,31.29,2,64.69,47.18,Beginner
S01375,5,52.73,53.82,47.99,69.99,57.9,84.85,77.48,42.82,41.06,0,82.9,56.13,Intermediate
S01376,3,84.36,75.36,76.34,81.71,63.67,94.56,86.74,75.07,56.72,0,87.53,79.44,Advanced
S01377,3,54.09,45.01,42.09,42.05,47.06,100,60.23,57.68,39.61,1,75.13,45.81,Intermediate
S01378,1,62.03,61.62,54.63,61.71,78.18,92.94,67.76,71.76,56.8,0,91.92,60.0,Advanced
S01379,6,52.72,73.62,69.76,71.72,58.7,87.23,71.56,52.25,37.03,0,82.08,66.95,Intermediate
S01380,1,52.58,46.34,59.36,17.22,82.55,97.76,60.72,54.63,6.29,1,79.53,43.87,Intermediate
S01381,4,24.45,37.09,38.54,37.85,75.61,77.95,42.0,35.75,23.42,2,79.59,34.48,Beginner
S01382,3,32.48,29.19,43.24,31.26,65.4,82.01,60.68,20.44,20.61,0,98.24,34.04,Beginner
S01383,1,59.11,47.73,56.94,44.04,60.74,72.68,68.07,75.89,19.66,0,77.48,51.96,Advanced
S01384,1,52.75,45.58,67.47,64.46,63.72,87.12,87.15,81.23,35.09,0,82.15,57.56,Intermediate
S01385,1,61.91,74.12,64.51,56.65,70.06,89.25,65.67,77.49,63.92,0,80.24,64.3,Intermediate
S01386,5,21.99,37.92,32.76,39.89,59.03,75.9,47.81,44.99,18.63,1,86.24,33.14,Beginner
S01387,1,59.15,53.04,45.9,45.25,54.49,94.98,78.81,54.53,52.03,0,93.55,50.83,Intermediate
S01388,7,49.66,40.93,25.23,30.07,82.49,86.81,53.45,52.22,33.14,1,87.28,36.47,Intermediate
S01389,6,82.57,77.56,86.45,62.87,67.85,100,77.08,68.56,63.6,0,91.2,77.36,Advanced
S01390,9,23.22,42.88,64.02,42.08,61.42,94.3,61.92,52.65,62.27,2,66.0,43.05,Intermediate
S01391,5,47.97,60.3,69.57,45.75,70.88,84.26,72.32,52.93,36.53,0,81.13,55.9,Intermediate
S01392,1,58.48,64.35,43.27,89.39,67.68,79.29,85.92,74.65,53.61,0,82.17,63.87,Advanced
S01393,6,81.82,60.22,80.93,85.89,73.23,93.02,70.07,63.92,63.93,0,82.08,77.21,Advanced
S01394,3,82.07,52.09,48.79,51.37,53.72,85.65,83.48,70.84,67.76,0,59.36,58.58,Intermediate
S01395,3,14.36,16.13,38.16,14.13,79.26,81.7,37.69,23.99,16.25,2,80.16,20.7,Beginner
S01396,1,62.54,69.65,54.55,66.18,57.44,84.56,91.97,58.76,33.94,0,88.07,63.23,Intermediate
S01397,5,72.92,54.2,63.13,50.58,63.47,91.7,47.55,45.92,39.12,1,78.44,60.21,Advanced
S01398,9,53.0,70.2,81.02,51.65,83.88,84.54,94.13,59.45,48.43,1,67.78,63.97,Intermediate
S01399,5,57.41,47.89,59.75,62.02,51.3,93.48,96.04,60.47,39.62,1,75.64,56.77,Intermediate
S01400,4,45.8,48.58,46.3,71.17,78.23,86.76,63.31,45.4,34.68,0,76.51,52.96,Intermediate
S01401,5,31.88,51.77,36.39,24.42,69.4,82.46,45.05,35.03,7.74,0,77.81,36.12,Beginner
S01402,4,86.27,90.23,70.14,77.71,61.48,97.43,100.0,87.01,66.63,0,93.5,81.09,Advanced
S01403,6,74.57,70.8,87.82,94.11,73.95,100,100.0,77.61,55.71,0,93.42,81.83,Advanced
S01404,5,83.83,85.4,85.71,71.28,33.76,91.87,96.27,70.36,71.08,1,79.03,81.55,Advanced
S01405,8,99.53,88.19,89.12,100.0,50.45,97.21,99.84,87.66,77.1,0,86.82,94.21,Advanced
S01406,4,55.69,31.33,79.49,35.14,63.88,79.46,79.01,54.84,45.97,0,41.61,50.41,Intermediate
S01407,3,48.45,58.67,53.06,22.73,80.53,96.21,44.75,37.87,19.99,1,68.38,45.73,Beginner
S01408,4,31.54,37.59,18.26,49.4,77.95,75.79,52.19,35.98,15.78,1,70.16,34.2,Beginner
S01409,7,57.86,41.89,52.66,47.29,70.1,95.5,74.95,48.84,32.79,1,79.15,49.92,Intermediate
S01410,4,66.75,53.12,78.9,64.02,34.24,88.59,82.61,78.11,63.04,1,81.55,65.7,Advanced
S01411,8,3.64,55.67,34.0,23.75,89.28,86.91,47.63,41.93,8.68,1,39.56,29.27,Beginner
S01412,9,98.72,82.02,69.17,70.02,44.12,83.42,99.17,87.18,56.66,0,81.64,79.98,Advanced
S01413,1,72.16,69.05,49.43,75.77,46.17,85.54,98.79,68.09,53.76,0,96.05,66.6,Advanced
S01414,1,77.8,91.81,72.52,100.0,37.21,78.94,100.0,88.17,82.03,0,67.38,85.53,Advanced
S01415,6,68.59,79.48,78.53,81.18,44.11,96.2,82.35,74.79,60.89,0,89.44,76.94,Advanced
S01416,4,37.88,46.49,47.12,31.07,58.22,82.82,61.13,36.91,15.15,0,75.46,40.64,Intermediate
S01417,4,50.23,65.95,74.93,81.41,58.6,87.64,88.23,71.65,42.17,1,92.41,68.13,Advanced
S01418,3,29.14,16.23,31.34,38.01,93.13,72.45,25.09,30.56,0.0,1,89.64,28.68,Beginner
S01419,1,68.19,53.61,60.63,92.54,50.26,89.16,70.19,77.24,63.71,0,58.24,68.74,Advanced
S01420,6,31.27,78.23,34.38,57.79,75.45,92.18,75.68,71.92,50.91,0,38.7,50.42,Intermediate
S01421,1,26.83,13.63,44.9,36.43,92.26,82.99,56.61,49.8,25.71,0,65.9,30.45,Beginner
S01422,6,50.73,58.27,49.08,42.48,68.01,81.78,63.82,64.7,37.97,0,99.07,50.14,Intermediate
S01423,5,85.72,71.8,49.1,51.94,61.45,87.11,78.67,71.02,67.45,0,85.54,64.64,Advanced
S01424,8,52.08,57.19,74.55,54.09,62.47,79.38,78.06,58.11,38.6,0,74.37,59.48,Intermediate
S01425,3,98.64,77.54,100.0,78.69,26.66,90.57,100.0,80.26,81.19,0,72.37,88.72,Advanced
S01426,1,47.75,25.52,27.98,9.91,77.12,73.0,41.27,35.58,0.0,2,56.58,27.79,Beginner
S01427,3,70.07,97.8,55.2,71.18,55.93,86.78,69.26,73.07,63.35,0,63.36,73.56,Advanced
S01428,5,43.34,44.04,41.71,42.48,95.68,81.0,44.25,20.72,25.81,3,89.84,42.89,Beginner
S01429,4,44.55,42.69,52.52,55.84,77.2,89.0,68.16,64.66,22.39,0,100.0,48.9,Intermediate
S01430,3,85.79,94.48,72.72,100.0,22.43,93.04,99.32,67.88,58.83,1,83.45,88.25,Advanced
S01431,5,38.42,22.76,39.54,32.13,68.94,83.3,55.19,33.46,38.22,3,79.8,33.21,Beginner
S01432,6,73.33,57.16,62.34,81.04,57.39,88.93,83.28,73.1,59.97,0,79.58,68.47,Advanced
S01433,5,77.07,65.71,79.7,62.02,55.13,99.03,90.19,74.28,55.8,0,74.65,71.12,Advanced
S01434,6,88.28,97.81,64.94,87.87,28.14,77.96,100.0,75.03,68.84,0,71.67,84.73,Advanced
S01435,3,74.24,80.24,73.31,68.35,50.76,89.32,100.0,63.76,53.83,0,83.59,74.03,Advanced
S01436,5,34.03,42.36,38.38,23.28,69.88,72.3,60.94,19.73,30.37,1,79.38,34.51,Beginner
S01437,7,100.0,91.04,79.66,65.76,63.09,77.58,96.31,82.31,72.54,0,88.2,84.11,Advanced
S01438,9,100.0,88.79,87.59,91.58,43.47,96.11,100.0,87.61,87.55,0,96.59,91.99,Advanced
S01439,6,81.03,71.12,83.01,81.28,39.93,100,97.07,79.21,47.38,0,80.7,79.11,Advanced
S01440,1,59.2,43.55,29.24,49.44,55.72,89.83,67.32,38.77,26.28,0,69.91,45.36,Intermediate
S01441,8,98.41,83.46,95.15,99.85,47.4,99.83,100.0,84.91,69.35,0,82.01,94.22,Advanced
S01442,5,77.56,60.48,82.7,66.67,59.92,97.9,97.34,72.18,76.25,0,91.08,71.85,Advanced
S01443,4,68.84,88.53,55.75,64.05,23.13,97.58,68.26,60.23,49.73,0,69.12,69.29,Advanced
S01444,7,49.63,38.48,22.35,69.08,69.17,93.38,60.35,49.08,44.33,0,75.56,44.88,Intermediate
S01445,4,35.09,56.24,36.96,60.66,53.94,76.08,64.99,38.44,40.46,0,59.42,47.24,Intermediate
S01446,9,45.05,50.48,53.88,62.78,57.49,75.82,78.98,48.08,39.85,0,84.44,53.05,Intermediate
S01447,7,41.95,49.56,48.9,59.65,59.75,85.19,73.44,53.6,25.3,0,92.75,50.01,Intermediate
S01448,1,71.6,56.17,75.33,79.21,52.59,87.17,94.63,85.14,48.28,0,70.43,70.58,Advanced
S01449,5,66.29,64.9,65.85,61.31,41.73,95.3,100.0,63.38,61.88,0,92.06,64.59,Advanced
S01450,2,84.4,74.53,88.5,80.01,48.82,98.35,99.44,64.22,43.98,1,83.63,81.86,Advanced
S01451,3,63.49,71.55,99.55,69.73,49.43,84.31,89.88,50.49,35.33,0,79.23,76.08,Intermediate
S01452,2,42.81,55.34,21.69,61.6,69.55,99.36,73.76,49.59,28.52,1,76.76,45.36,Intermediate
S01453,5,42.07,16.48,46.07,71.73,96.69,80.89,49.61,50.61,10.23,0,59.5,44.08,Beginner
S01454,2,94.18,93.36,95.59,100.0,58.01,90.18,100.0,96.33,98.22,1,95.3,95.78,Advanced
S01455,3,11.39,22.32,25.71,31.92,79.3,82.93,37.93,24.16,14.2,1,86.76,22.83,Beginner
S01456,6,53.74,55.37,52.88,50.85,47.2,85.39,79.09,26.82,32.42,1,98.8,53.21,Intermediate
S01457,5,52.57,61.37,70.59,79.89,36.51,85.13,76.2,65.6,48.12,1,86.01,66.1,Advanced
S01458,4,36.47,52.88,52.23,50.92,67.23,100,63.85,37.43,35.56,3,81.67,48.12,Beginner
S01459,2,50.19,57.41,60.76,62.45,57.37,90.19,67.63,45.94,40.33,1,100.0,57.7,Intermediate
S01460,3,34.75,58.36,42.23,56.77,76.95,85.81,41.58,38.42,27.15,1,73.76,48.03,Intermediate
S01461,9,17.93,47.18,33.2,33.63,87.92,81.38,39.88,47.69,22.51,1,61.7,32.99,Beginner
S01462,7,29.14,55.92,33.6,23.64,83.44,69.45,58.23,41.17,26.72,1,73.63,35.57,Intermediate
S01463,4,51.36,23.58,51.18,33.39,57.06,83.53,58.54,57.62,35.34,0,59.72,39.88,Beginner
S01464,4,76.07,92.45,86.73,73.37,35.08,84.49,100.0,100.0,71.54,0,80.74,82.16,Advanced
S01465,8,42.77,51.41,34.25,21.77,72.85,85.82,60.51,52.34,29.01,2,93.35,37.55,Intermediate
S01466,9,74.06,77.09,82.58,88.45,28.35,96.74,87.56,96.57,65.09,0,93.7,80.55,Advanced
S01467,7,45.14,21.65,19.31,41.13,66.2,76.3,34.62,45.9,7.53,2,66.03,31.81,Beginner
S01468,7,88.65,88.72,75.71,86.54,42.13,92.27,88.95,80.26,61.45,0,76.23,84.9,Advanced
S01469,1,78.33,71.88,58.09,63.33,62.21,94.14,87.03,51.2,44.65,0,98.94,67.91,Advanced
S01470,1,66.8,60.05,74.29,64.0,47.94,87.52,78.64,79.03,52.87,0,78.16,66.29,Advanced
S01471,4,79.33,63.89,73.36,83.73,43.81,93.56,89.56,82.33,51.34,1,78.83,75.08,Advanced
S01472,1,82.52,61.4,74.97,77.05,49.3,94.18,96.88,72.15,59.76,0,89.48,73.98,Advanced
S01473,5,93.24,91.04,100.0,69.42,59.12,100,86.65,68.45,74.72,0,77.29,88.43,Advanced
S01474,7,64.99,52.84,54.8,69.61,46.61,87.08,87.84,56.79,41.28,0,76.02,60.56,Advanced
S01475,1,27.79,10.3,31.03,41.77,80.16,74.79,48.21,37.32,37.02,1,61.28,27.72,Beginner
S01476,7,73.19,85.25,87.71,64.26,56.82,79.4,77.13,67.98,50.78,1,72.49,77.6,Advanced
S01477,1,68.76,100.0,88.99,72.14,50.7,94.43,80.63,87.83,65.66,0,62.82,82.47,Advanced
S01478,3,56.6,49.5,57.43,53.38,60.34,94.68,85.4,67.33,59.95,0,82.86,54.23,Intermediate
S01479,7,71.21,78.55,65.67,56.52,49.96,82.02,90.53,97.87,52.88,0,90.1,67.99,Advanced
S01480,1,62.59,65.77,60.65,55.11,74.91,90.76,69.53,67.86,35.82,0,90.46,61.03,Intermediate
S01481,5,34.58,48.98,56.3,48.19,88.72,75.17,64.62,47.82,33.16,0,78.47,47.01,Intermediate
S01482,4,89.65,93.66,78.77,70.77,56.19,82.11,83.6,85.02,82.52,0,91.42,83.21,Advanced
S01483,1,40.68,64.81,64.88,79.37,61.82,91.72,62.36,47.66,41.1,0,80.21,62.43,Intermediate
S01484,5,20.83,41.78,39.94,54.02,80.74,76.6,80.32,47.39,23.99,1,75.66,39.14,Beginner
S01485,4,59.41,48.21,58.45,60.79,48.63,90.8,78.18,51.11,30.82,2,81.36,56.72,Intermediate
S01486,6,24.86,62.24,52.77,26.24,78.57,75.35,51.97,41.48,42.44,3,48.9,41.53,Beginner
S01487,1,26.11,16.9,1.37,20.67,87.98,80.8,18.94,6.74,0.0,1,81.54,16.26,Beginner
S01488,3,90.8,92.08,97.95,86.6,58.44,86.16,100.0,91.45,84.39,0,79.36,91.86,Advanced
S01489,2,67.12,61.68,76.68,79.04,22.97,97.01,83.69,75.9,68.03,1,87.14,71.13,Advanced
S01490,7,69.16,20.09,24.17,55.26,63.55,87.78,73.64,44.23,42.33,0,39.92,42.17,Beginner
S01491,5,70.44,47.06,67.62,88.05,55.51,89.43,89.16,54.6,53.79,0,57.05,68.29,Advanced
S01492,5,79.63,82.85,86.52,88.29,34.57,85.0,100.0,100.0,98.95,0,100.0,84.32,Advanced
S01493,4,40.45,71.15,59.04,71.7,57.66,73.28,66.59,61.44,52.09,3,56.9,60.58,Advanced
S01494,6,23.8,26.34,32.0,26.58,55.06,94.86,35.67,36.36,12.06,1,90.88,27.18,Beginner
S01495,6,81.09,82.69,78.3,91.48,43.34,91.67,80.36,100.0,64.27,0,83.19,83.39,Advanced
S01496,6,54.4,64.72,32.52,44.31,72.44,84.35,55.85,46.94,58.14,2,80.18,48.99,Intermediate
S01497,7,49.7,37.06,40.58,61.21,67.08,94.72,58.79,46.69,25.43,0,73.41,47.14,Beginner
S01498,4,47.52,34.3,55.09,56.17,60.69,73.75,58.02,59.5,27.69,3,88.42,48.27,Beginner
S01499,1,36.36,41.23,30.75,72.0,67.85,93.96,53.9,56.44,52.36,0,73.53,45.08,Intermediate
S01500,4,65.59,90.17,76.87,100.0,59.14,91.57,100.0,86.02,86.26,0,67.75,83.16,Advanced
S01501,2,42.89,56.67,45.95,58.39,66.44,83.65,59.49,47.16,32.86,2,78.88,50.97,Intermediate
S01502,3,30.12,37.18,72.63,54.57,70.39,79.46,65.45,46.21,30.68,0,71.67,48.62,Intermediate
S01503,8,42.69,57.14,59.37,46.12,73.42,76.75,58.84,55.46,36.63,1,78.92,51.33,Intermediate
S01504,3,71.88,44.95,61.72,68.27,56.5,83.11,72.3,52.06,40.83,0,76.15,61.7,Intermediate
S01505,3,57.92,53.05,85.39,75.13,54.73,87.28,73.11,54.05,47.79,1,83.19,67.87,Intermediate
S01506,6,81.95,62.37,40.21,65.68,36.4,94.92,83.78,63.58,45.13,0,59.31,62.55,Advanced
S01507,3,35.86,44.79,54.14,46.19,55.16,67.2,61.34,72.54,23.23,1,78.71,45.24,Intermediate
S01508,2,48.99,43.02,39.22,39.13,81.6,89.87,76.75,54.99,45.91,0,100.0,42.59,Intermediate
S01509,2,60.03,53.96,52.37,80.2,77.68,100,73.07,69.97,53.14,1,75.46,61.64,Intermediate
S01510,4,53.76,46.63,75.1,51.89,86.99,96.24,58.74,65.69,37.68,0,83.77,56.84,Advanced
S01511,3,84.87,76.78,76.85,100.0,41.75,84.76,92.88,73.31,81.93,0,82.19,84.62,Advanced
S01512,3,33.52,33.55,7.37,43.07,95.22,87.14,50.15,18.64,30.92,4,88.12,29.38,Beginner
S01513,4,35.14,27.41,51.95,72.57,76.37,75.99,58.73,43.53,18.12,0,83.68,46.77,Beginner
S01514,1,28.12,15.52,31.48,29.86,84.89,94.31,51.4,40.09,14.33,1,90.52,26.24,Beginner
S01515,4,46.32,77.78,54.87,75.67,58.63,84.0,71.19,49.64,60.03,2,64.1,63.66,Intermediate
S01516,7,32.2,29.26,18.25,15.35,82.29,71.01,41.18,20.94,26.03,2,87.05,23.77,Beginner
S01517,3,57.68,64.19,48.9,66.5,53.89,80.79,83.49,66.3,64.33,1,80.23,59.32,Advanced
S01518,3,58.06,36.03,56.58,40.85,66.8,86.29,72.86,36.06,40.33,0,74.93,47.88,Intermediate
S01519,1,31.18,26.48,34.19,42.78,53.45,80.5,60.77,47.84,31.81,1,87.49,33.66,Beginner
S01520,6,18.51,41.2,45.24,21.34,97.19,59.34,49.17,34.7,8.55,0,63.61,31.57,Beginner
S01521,9,58.88,40.94,63.55,57.21,41.75,83.0,57.95,57.26,35.33,1,74.37,55.15,Intermediate
S01522,9,48.32,33.42,32.93,38.68,65.45,70.22,43.02,26.42,16.7,2,74.16,38.34,Intermediate
S01523,3,42.36,28.63,26.51,22.46,69.25,77.32,57.33,42.63,24.7,1,85.75,29.99,Beginner
S01524,4,54.49,31.14,29.67,56.65,63.01,91.89,77.85,54.05,15.55,1,65.59,42.99,Beginner
S01525,5,39.19,52.84,42.85,60.63,71.28,81.27,67.07,66.13,35.22,1,79.8,48.88,Beginner
S01526,3,56.83,63.21,58.76,73.45,64.39,80.9,68.01,56.19,49.26,0,85.44,63.06,Intermediate
S01527,5,84.18,88.5,100.0,88.5,38.04,93.71,83.88,88.96,39.2,0,84.93,90.29,Advanced
S01528,9,35.6,30.91,25.96,12.31,75.28,81.86,50.22,18.36,15.64,1,90.72,26.2,Beginner
S01529,1,39.82,59.25,65.59,44.57,75.84,76.45,67.74,39.97,30.16,0,61.57,52.31,Intermediate
S01530,2,56.74,37.19,39.76,55.49,72.84,74.3,46.61,24.1,15.72,2,72.18,47.29,Beginner
S01531,2,83.34,88.87,94.79,89.41,40.09,91.74,100.0,88.19,60.46,0,87.23,89.1,Advanced
S01532,2,64.2,47.09,44.09,34.43,72.34,75.35,80.28,54.27,46.29,1,84.72,47.45,Intermediate
S01533,4,44.52,75.61,80.42,66.31,60.55,90.98,76.75,64.78,35.04,0,62.61,66.71,Advanced
S01534,10,71.83,52.7,64.62,56.43,48.64,88.73,64.07,59.06,42.11,1,89.67,61.4,Advanced
S01535,4,53.29,13.8,57.13,57.41,70.22,80.45,52.63,43.95,0.0,1,69.4,45.4,Beginner
S01536,3,16.61,35.15,25.31,10.95,110.72,91.96,48.57,31.81,19.8,3,64.14,22.0,Beginner
S01537,9,93.83,69.29,89.74,85.57,42.62,90.23,94.01,100.0,61.45,0,76.83,84.61,Advanced
S01538,8,80.03,90.59,71.01,80.63,75.1,100,100.0,96.81,72.0,0,84.62,80.56,Advanced
S01539,1,46.5,49.76,40.26,48.32,85.22,79.49,78.51,46.44,42.79,1,100.0,46.21,Intermediate
S01540,1,63.56,59.15,66.05,69.64,77.9,93.96,91.04,69.32,56.67,0,80.82,64.6,Advanced
S01541,4,74.95,71.72,78.6,53.92,30.82,84.86,84.15,65.48,55.54,1,80.95,69.8,Advanced
S01542,8,46.26,78.51,56.88,71.83,56.97,88.9,87.56,58.84,24.52,0,47.29,63.37,Advanced
S01543,4,89.11,66.75,60.29,70.82,65.62,100,92.75,58.97,41.59,1,78.3,71.74,Advanced
S01544,3,35.88,25.86,44.13,69.19,70.85,84.58,43.6,44.55,7.27,1,75.61,43.76,Intermediate
S01545,1,55.97,41.76,44.63,41.31,67.78,76.58,74.81,63.65,32.77,2,80.96,45.92,Intermediate
S01546,4,25.25,54.03,15.25,60.39,82.92,83.77,81.48,41.95,32.17,2,48.51,38.73,Beginner
S01547,5,46.09,49.59,81.53,61.3,48.27,86.55,68.65,52.07,49.42,0,73.65,59.63,Intermediate
S01548,2,62.03,67.82,75.03,64.07,55.93,90.65,79.28,68.47,59.58,0,97.01,67.24,Advanced
S01549,3,12.83,39.48,18.86,8.19,66.65,78.91,56.59,21.19,6.62,3,70.24,19.84,Beginner
S01550,5,48.61,58.74,47.34,71.59,45.79,93.02,80.59,67.26,50.28,1,64.94,56.57,Intermediate
S01551,6,50.44,50.29,51.41,34.4,71.07,69.89,52.64,29.48,13.18,1,94.39,46.63,Beginner
S01552,1,93.33,100.0,82.13,52.21,66.95,100,100.0,74.85,46.69,0,68.6,81.92,Advanced
S01553,5,66.6,68.02,71.25,51.84,66.86,86.46,72.24,79.87,30.25,0,87.76,64.43,Advanced
S01554,3,86.56,63.61,66.88,81.88,60.15,79.18,78.01,82.16,62.56,0,68.26,74.73,Advanced
S01555,2,70.06,83.5,50.21,66.14,48.23,83.49,68.77,78.03,40.26,0,76.4,67.48,Advanced
S01556,6,75.97,94.77,94.8,96.11,38.02,88.45,91.62,81.29,65.14,0,80.88,90.41,Advanced
S01557,4,100.0,81.14,100.0,88.73,42.2,94.92,100.0,93.01,82.97,1,66.8,92.47,Advanced
S01558,4,59.88,39.69,45.55,53.08,63.75,86.06,74.37,51.78,47.45,1,75.42,49.55,Intermediate
S01559,5,49.92,60.76,77.39,71.05,46.17,88.16,100.0,79.49,77.44,0,79.7,64.78,Advanced
S01560,8,94.33,85.46,62.06,91.28,51.97,94.37,98.25,73.32,68.21,0,72.68,83.28,Advanced
S01561,6,58.43,49.35,55.1,49.6,60.85,81.58,80.62,46.31,30.55,1,75.76,53.12,Intermediate
S01562,7,34.17,44.08,32.0,28.14,75.35,93.79,57.56,37.76,27.55,2,88.31,34.6,Beginner
S01563,2,39.82,58.56,60.5,36.04,52.36,78.95,70.18,56.06,46.33,0,68.36,48.73,Intermediate
S01564,1,85.38,85.85,100.0,95.69,73.29,100,97.98,83.58,57.82,0,89.62,91.73,Advanced
S01565,5,28.75,37.2,31.89,38.76,82.56,91.27,41.66,34.75,16.17,1,82.75,34.15,Beginner
S01566,3,52.21,33.75,55.96,48.72,59.39,88.42,68.35,42.82,46.94,3,79.33,47.66,Intermediate
S01567,2,61.96,68.26,73.96,61.39,50.31,91.0,76.7,63.21,48.33,1,83.67,66.39,Advanced
S01568,3,40.36,29.32,56.27,24.04,42.17,84.09,64.93,48.02,40.81,3,72.51,37.5,Intermediate
S01569,5,48.3,38.84,62.65,55.3,79.19,76.84,52.51,48.33,44.14,1,81.24,51.27,Intermediate
S01570,4,69.97,70.34,67.34,60.59,75.46,100,84.7,63.59,44.67,0,93.57,67.06,Advanced
S01571,1,70.29,65.52,71.97,65.08,62.31,88.31,76.86,74.07,57.83,0,89.4,68.22,Advanced
S01572,4,3.57,14.49,35.93,31.73,80.64,83.82,36.14,14.63,8.64,1,79.6,21.43,Beginner
S01573,5,42.19,41.36,55.91,60.35,55.62,76.8,68.31,61.65,27.35,1,94.54,49.96,Intermediate
S01574,7,83.56,47.47,81.72,82.13,88.3,86.66,83.01,56.9,61.28,0,56.85,73.72,Advanced
S01575,4,75.79,58.99,74.3,93.06,64.49,91.42,78.04,46.33,42.02,0,66.94,75.53,Advanced
S01576,1,81.02,89.97,100.0,86.02,45.73,79.74,86.99,68.76,61.64,1,75.15,89.25,Advanced
S01577,6,76.92,69.06,77.33,70.93,41.71,91.01,82.63,78.4,40.78,0,85.27,73.56,Advanced
S01578,5,78.59,70.02,80.44,62.04,71.59,77.89,64.48,62.75,38.6,0,85.14,72.77,Advanced
S01579,5,25.13,39.29,48.38,26.39,38.95,84.08,51.76,45.31,16.96,1,80.26,34.8,Beginner
S01580,10,55.94,55.33,46.27,73.93,63.27,84.58,76.92,72.37,45.21,1,100.0,57.87,Advanced
S01581,2,55.66,78.92,59.52,81.34,62.3,91.74,91.76,54.33,43.56,0,64.26,68.86,Advanced
S01582,4,12.72,43.78,19.8,39.73,73.42,81.76,49.87,47.67,24.41,1,52.13,29.01,Beginner
S01583,1,45.67,44.75,37.93,63.42,70.21,89.67,67.07,35.73,22.83,0,88.96,47.94,Intermediate
S01584,6,53.27,52.66,47.8,64.82,56.71,90.63,66.42,68.0,40.06,2,70.7,54.64,Intermediate
S01585,5,73.22,63.83,56.12,60.32,48.35,82.52,68.49,45.43,28.47,1,90.53,63.37,Advanced
S01586,7,3.59,12.41,23.47,0.0,91.63,72.05,24.99,22.18,11.83,3,73.84,9.87,Beginner
S01587,4,43.73,42.09,75.94,47.06,92.82,87.69,61.05,47.5,28.78,1,80.44,52.21,Intermediate
S01588,3,62.43,75.36,89.58,72.86,54.19,91.69,80.65,57.99,65.36,0,75.14,75.05,Advanced
S01589,5,71.74,93.64,80.59,58.64,58.96,89.65,85.39,88.8,62.07,0,65.32,76.15,Advanced
S01590,2,11.42,12.25,34.53,30.2,66.89,91.83,40.42,30.0,10.7,2,93.9,22.1,Beginner
S01591,4,66.78,49.71,56.62,89.12,45.82,93.4,93.5,67.96,66.7,0,65.44,65.56,Advanced
S01592,8,34.44,57.64,20.45,36.31,56.67,86.52,54.47,40.5,34.52,1,54.16,37.21,Beginner
S01593,2,91.28,64.36,85.14,64.97,41.84,89.71,89.57,58.74,59.07,0,59.45,76.44,Advanced
S01594,3,55.72,46.21,31.68,54.73,67.14,77.38,67.99,34.36,15.07,1,77.73,47.08,Beginner
S01595,4,75.03,81.55,71.87,58.94,65.7,91.29,85.38,75.44,72.09,0,84.86,71.85,Advanced
S01596,5,35.03,22.91,26.66,28.62,72.36,86.74,54.19,27.7,39.78,0,87.88,28.3,Beginner
S01597,6,11.87,36.72,23.01,39.56,68.44,90.32,59.12,56.01,22.18,0,68.95,27.79,Beginner
S01598,6,71.7,79.87,69.27,79.73,58.08,90.99,81.18,47.67,48.57,0,86.32,75.14,Advanced
S01599,4,29.23,41.08,50.77,37.41,57.66,83.91,57.59,59.0,19.02,0,77.11,39.62,Intermediate
S01600,1,57.52,60.27,47.76,53.63,78.7,95.7,97.7,46.7,31.29,0,100.0,54.8,Intermediate
S01601,6,70.51,75.46,63.97,38.81,61.91,83.89,79.56,64.84,68.76,0,85.82,62.19,Advanced
S01602,7,37.26,70.26,44.37,60.41,71.67,86.18,57.12,64.58,48.3,2,56.61,53.07,Intermediate
S01603,6,41.4,37.73,41.88,37.23,79.52,80.13,73.8,40.62,50.91,1,94.0,39.56,Intermediate
S01604,1,24.91,47.13,19.81,31.6,71.98,80.14,40.41,34.01,21.34,2,64.71,30.86,Beginner
S01605,3,87.96,98.72,57.84,100.0,63.76,89.31,100.0,99.98,65.64,0,51.62,86.13,Advanced
S01606,5,45.22,46.62,39.61,41.43,57.01,84.07,34.67,54.39,27.23,0,100.0,43.22,Intermediate
S01607,8,35.61,29.47,37.06,29.88,87.86,78.11,30.95,35.91,9.97,3,95.8,33.0,Beginner
S01608,4,39.35,36.04,33.76,45.15,56.62,79.86,59.4,53.13,31.81,1,80.91,38.58,Beginner
S01609,1,82.86,65.02,65.68,70.2,38.15,81.73,76.83,76.32,64.57,0,83.51,70.94,Advanced
S01610,4,69.93,86.81,70.56,47.61,51.34,99.9,74.01,53.33,37.87,1,66.15,68.73,Advanced
S01611,1,27.35,24.4,39.37,50.3,75.51,92.84,67.99,50.16,26.64,3,87.45,35.36,Beginner
S01612,5,62.58,64.47,64.09,57.54,61.86,98.07,52.48,64.72,58.62,0,98.83,62.17,Advanced
S01613,1,100.0,91.36,79.77,95.73,54.24,100,100.0,85.66,94.83,0,80.61,91.72,Advanced
S01614,5,58.38,43.13,36.66,22.93,75.54,87.11,46.52,51.88,35.66,0,80.96,40.28,Intermediate
S01615,2,28.55,17.84,25.28,32.5,71.32,91.85,26.11,32.35,0.59,1,85.05,26.04,Beginner
S01616,6,75.81,67.38,72.79,62.05,74.12,80.57,75.38,70.31,25.89,2,90.75,69.51,Advanced
S01617,1,85.86,89.31,84.98,58.49,32.74,91.62,100.0,94.14,70.47,0,68.09,79.66,Advanced
S01618,2,43.97,50.51,49.56,60.3,73.17,79.7,67.26,66.88,21.06,1,84.09,51.08,Intermediate
S01619,1,62.62,54.92,46.65,84.95,39.39,100,78.35,49.3,48.92,0,58.51,62.28,Advanced
S01620,4,57.89,63.47,61.19,42.86,56.62,82.97,77.86,74.67,52.4,2,81.7,56.35,Intermediate
S01621,4,89.55,78.53,92.21,89.34,66.43,100,100.0,80.84,64.6,0,92.97,87.41,Advanced
S01622,2,62.78,55.36,46.94,48.6,75.99,89.19,61.63,68.09,31.16,2,93.57,53.42,Intermediate
S01623,4,44.94,58.11,41.22,68.5,93.85,74.52,66.27,39.69,39.62,1,69.74,53.19,Intermediate
S01624,6,56.08,58.31,64.22,48.56,32.26,76.88,70.0,66.24,48.31,0,84.95,56.79,Intermediate
S01625,5,40.83,37.02,34.23,46.03,75.32,82.33,51.69,37.1,30.64,1,92.83,39.53,Beginner
S01626,1,71.13,37.42,31.35,23.44,77.11,94.63,74.09,64.91,44.05,1,56.27,40.84,Intermediate
S01627,6,73.98,84.78,96.0,67.62,47.19,92.72,92.4,75.73,62.18,0,75.8,80.6,Advanced
S01628,4,73.55,72.38,91.01,73.09,68.29,85.97,84.01,73.85,63.76,1,92.71,77.51,Advanced
S01629,3,29.81,37.34,42.11,49.34,66.81,82.29,51.19,52.25,17.12,1,84.55,39.65,Beginner
S01630,5,42.14,38.37,27.33,41.21,76.72,77.1,52.3,34.53,36.79,1,80.73,37.26,Intermediate
S01631,2,46.64,44.97,54.47,32.57,83.24,85.31,52.08,63.0,47.71,1,92.07,44.66,Advanced
S01632,1,60.15,64.12,69.09,81.71,44.1,68.92,70.79,74.64,50.44,0,77.58,68.77,Advanced
S01633,6,10.48,21.2,22.34,11.48,78.33,84.51,44.85,13.54,0.0,2,84.31,16.38,Beginner
S01634,8,51.96,41.14,62.32,26.28,80.39,89.11,62.86,46.37,19.42,2,78.36,45.43,Intermediate
S01635,1,60.39,64.83,64.68,73.47,55.5,97.01,88.42,55.88,54.07,0,93.0,65.84,Advanced
S01636,5,40.38,52.29,51.77,45.22,40.26,81.96,54.03,54.02,24.93,0,78.3,47.41,Intermediate
S01637,2,55.02,35.29,58.51,50.83,50.47,88.1,63.19,62.82,28.59,0,87.33,49.91,Intermediate
S01638,7,18.16,46.31,16.34,32.32,79.54,82.97,54.03,33.39,27.09,2,59.33,28.28,Beginner
S01639,5,45.29,55.83,45.65,21.17,67.67,87.51,72.21,53.17,27.91,2,73.59,41.98,Beginner
S01640,5,53.5,51.71,59.42,44.48,56.21,80.47,73.28,48.76,47.07,1,96.86,52.28,Intermediate
S01641,1,31.5,34.19,48.84,40.13,65.87,86.93,45.28,39.3,31.13,2,81.66,38.66,Intermediate
S01642,2,81.12,83.96,100.0,100.0,40.65,99.46,81.66,97.85,56.72,0,92.89,91.27,Advanced
S01643,7,64.94,87.42,69.18,77.12,44.15,87.01,81.08,82.37,57.62,0,84.59,74.67,Advanced
S01644,7,44.12,37.19,68.14,62.26,63.99,69.31,50.42,27.02,30.73,0,95.94,52.93,Intermediate
S01645,5,47.54,57.65,85.72,51.2,66.96,91.76,82.97,43.48,50.52,0,64.1,60.53,Advanced
S01646,8,100.0,89.64,100.0,90.21,36.89,89.16,100.0,90.35,73.44,1,81.75,94.96,Advanced
S01647,6,97.01,95.94,87.87,91.93,48.47,97.49,100.0,91.69,89.03,0,87.65,93.18,Advanced
S01648,7,53.65,44.24,41.6,72.17,52.14,93.26,88.22,73.72,57.95,0,82.75,52.91,Intermediate
S01649,5,28.35,26.6,20.86,19.58,68.59,81.7,46.06,33.62,8.95,2,87.07,23.85,Beginner
S01650,1,58.04,53.19,49.49,34.12,61.94,75.85,61.79,56.64,31.37,3,92.03,48.71,Intermediate
S01651,2,66.84,72.44,78.85,58.17,70.48,82.74,79.26,66.82,54.99,0,74.45,69.08,Intermediate
S01652,1,64.05,64.3,71.17,48.55,41.5,99.27,87.98,80.88,60.1,0,93.85,62.02,Advanced
S01653,7,48.3,42.03,42.06,38.17,47.99,89.83,58.21,35.7,46.84,2,80.01,42.64,Intermediate
S01654,5,81.61,81.79,83.93,79.54,77.21,78.63,75.54,95.1,64.97,0,91.08,81.72,Advanced
S01655,5,61.4,50.07,67.55,48.16,66.79,85.46,56.54,34.12,55.2,1,74.61,56.8,Intermediate
S01656,7,43.1,74.63,90.94,64.65,41.38,94.48,84.48,66.79,70.04,1,50.18,68.33,Intermediate
S01657,8,68.29,98.66,82.47,81.63,36.0,100,93.17,75.61,77.57,0,71.32,82.76,Advanced
S01658,1,84.93,91.38,77.04,76.8,54.79,96.78,91.8,80.12,75.97,0,98.51,82.54,Advanced
S01659,5,26.9,15.61,30.77,11.64,84.08,77.8,29.09,0.0,0.0,2,78.61,21.23,Beginner
S01660,3,54.71,87.78,71.56,69.78,62.95,100,84.18,72.04,53.5,0,66.07,70.96,Advanced
S01661,6,58.42,54.96,78.89,72.69,68.42,91.48,79.26,50.17,47.75,0,87.44,66.24,Advanced
S01662,6,92.07,71.74,90.69,74.82,58.76,84.91,90.51,91.11,82.44,0,67.08,82.33,Advanced
S01663,6,86.54,42.07,84.54,62.9,44.54,87.94,83.02,67.71,52.88,0,41.4,69.01,Advanced
S01664,6,61.84,50.38,36.14,42.33,64.28,79.67,67.86,76.65,35.36,1,98.2,47.67,Intermediate
S01665,6,97.9,100.0,91.69,80.75,38.8,94.55,100.0,83.91,72.2,0,96.38,92.59,Advanced
S01666,1,33.31,36.14,42.19,27.89,57.73,73.57,36.22,33.68,18.13,2,99.48,34.88,Beginner
S01667,1,30.81,67.02,57.71,76.57,44.18,84.17,78.17,62.33,54.63,1,53.41,58.03,Intermediate
S01668,3,40.66,62.28,42.81,27.9,54.46,79.03,63.95,49.98,25.45,1,62.63,43.41,Beginner
S01669,6,46.35,42.48,25.11,45.75,89.15,86.0,62.05,26.94,19.57,1,82.4,39.92,Beginner
S01670,3,38.97,35.96,58.26,30.56,61.57,70.3,51.94,33.45,28.18,3,76.58,40.94,Beginner
S01671,2,41.35,33.89,53.35,36.87,62.31,95.86,38.69,43.1,26.61,1,75.5,41.37,Intermediate
S01672,5,60.39,69.04,71.83,66.17,75.46,100,82.32,66.88,31.14,0,77.75,66.86,Advanced
S01673,5,24.82,56.72,53.38,43.49,58.98,87.33,59.03,55.08,22.78,0,66.64,44.6,Intermediate
S01674,4,59.57,59.94,71.65,28.31,41.0,97.25,85.14,71.39,16.14,0,76.33,54.87,Intermediate
S01675,7,41.92,51.52,49.61,53.79,81.38,93.31,56.86,52.82,20.34,1,78.44,49.21,Intermediate
S01676,6,69.95,42.87,57.35,64.47,60.91,94.28,71.47,63.84,40.74,0,64.97,58.66,Intermediate
S01677,3,12.06,50.17,23.32,58.76,76.97,82.22,54.43,35.9,22.47,2,45.53,36.08,Beginner
S01678,5,50.88,49.44,45.23,73.32,50.46,86.64,69.85,63.31,18.49,1,83.66,54.72,Intermediate
S01679,6,67.37,77.16,51.0,67.33,59.93,79.59,85.15,64.88,56.82,0,74.92,65.72,Advanced
S01680,5,43.9,37.09,73.72,58.77,92.76,74.46,71.34,55.89,33.64,1,82.91,53.37,Intermediate
S01681,10,35.96,35.0,40.54,24.55,55.89,77.82,81.68,66.66,42.09,2,93.35,34.01,Intermediate
S01682,2,62.9,70.45,63.04,66.37,36.24,100,75.62,55.02,29.24,1,72.86,65.69,Intermediate
S01683,3,81.76,91.54,67.98,83.09,55.98,83.79,100.0,83.57,77.51,0,78.9,81.09,Advanced
S01684,7,53.73,36.99,62.43,56.08,71.98,89.29,48.76,59.05,56.21,0,72.61,52.31,Advanced
S01685,4,69.22,67.01,60.24,40.17,57.04,80.94,62.23,80.46,29.04,1,95.96,59.16,Advanced
S01686,10,49.37,29.18,32.45,39.68,90.63,94.31,40.07,41.62,12.24,0,77.47,37.67,Beginner
S01687,9,78.35,68.38,64.32,39.44,47.89,84.44,54.15,68.6,32.7,1,73.62,62.62,Advanced
S01688,6,91.8,60.16,100.0,87.47,56.5,97.28,79.05,70.97,70.73,1,55.71,84.86,Advanced
S01689,3,91.74,84.8,98.66,81.57,42.74,92.09,83.17,73.08,89.1,0,91.68,89.19,Advanced
S01690,1,22.64,44.47,47.78,16.78,66.04,70.47,39.42,35.09,13.33,1,57.72,32.92,Beginner
S01691,5,50.14,74.5,86.02,65.59,79.3,93.02,88.38,76.12,61.43,0,71.03,69.06,Advanced
S01692,5,84.05,65.38,70.1,55.88,51.2,93.81,100.0,53.94,57.99,0,66.17,68.85,Advanced
S01693,6,79.51,74.99,62.94,67.72,41.83,94.56,100.0,81.57,43.46,0,95.13,71.29,Advanced
S01694,4,33.83,48.39,45.48,51.5,50.38,88.72,63.16,56.68,26.38,0,74.73,44.8,Intermediate
S01695,5,91.5,100.0,100.0,85.57,43.1,100,97.18,78.51,84.95,1,85.16,94.27,Advanced
S01696,7,76.91,84.14,82.45,83.72,62.37,100,87.4,86.02,59.16,1,91.5,81.81,Advanced
S01697,3,45.24,80.9,80.28,66.0,49.03,90.0,79.99,69.89,37.55,0,61.0,68.11,Intermediate
S01698,4,56.51,50.8,66.26,49.6,99.67,81.02,64.96,34.86,42.01,0,86.14,55.8,Intermediate
S01699,6,95.34,96.7,100.0,73.38,43.57,89.94,95.6,100.0,63.31,2,95.46,91.35,Advanced
S01700,3,23.78,32.58,63.28,46.93,71.5,79.56,37.09,53.93,18.99,3,85.12,41.64,Intermediate
S01701,4,84.9,85.4,68.09,54.08,60.19,95.49,89.25,82.72,43.64,1,100.0,73.12,Advanced
S01702,1,59.59,47.86,36.85,40.31,79.88,76.65,57.98,65.4,32.8,1,79.88,46.15,Intermediate
S01703,5,64.73,72.95,75.17,60.8,49.94,93.03,96.25,80.46,65.75,0,70.35,68.41,Advanced
S01704,3,57.65,52.89,72.24,78.98,62.09,92.35,61.98,54.08,43.14,0,91.97,65.44,Advanced
S01705,3,56.47,54.93,65.99,69.75,60.74,92.13,67.21,58.02,73.75,2,83.01,61.79,Intermediate
S01706,7,55.01,58.49,53.24,64.25,95.51,87.25,72.48,58.33,49.78,1,96.24,57.75,Intermediate
S01707,3,63.84,51.88,77.17,41.81,72.19,100,81.91,53.52,40.73,0,56.99,58.67,Intermediate
S01708,6,95.5,94.31,100.0,100.0,34.73,100,100.0,91.79,71.61,1,91.18,97.45,Advanced
S01709,7,78.17,100.0,68.17,75.67,35.15,88.82,100.0,70.8,58.83,0,71.53,80.5,Advanced
S01710,3,94.54,99.36,93.66,81.19,40.17,98.49,98.95,100.0,83.34,0,91.1,92.19,Advanced
S01711,5,74.15,83.2,69.38,93.63,60.66,90.52,69.14,69.38,29.52,1,72.63,80.09,Intermediate
S01712,1,47.84,36.7,56.31,52.08,79.94,86.05,49.09,37.53,23.1,1,93.77,48.23,Intermediate
S01713,3,48.38,47.86,62.59,53.8,83.91,84.15,72.96,56.7,23.27,1,100.0,53.16,Intermediate
S01714,6,64.24,67.98,67.88,54.92,56.77,100,85.09,67.08,43.6,0,83.87,63.76,Advanced
S01715,3,50.23,48.2,45.04,61.61,67.04,86.35,80.68,64.33,40.64,0,87.17,51.27,Intermediate
S01716,7,53.15,71.16,49.06,30.58,82.87,77.97,68.19,27.89,44.54,1,63.26,50.99,Intermediate
S01717,5,59.72,56.27,51.19,43.54,64.59,86.88,59.88,50.11,50.27,0,100.0,52.68,Intermediate
S01718,4,57.08,34.59,59.48,55.73,69.91,94.55,88.58,57.61,50.54,0,73.17,51.72,Intermediate
S01719,5,82.62,69.53,48.97,58.34,62.32,78.44,86.69,79.21,64.93,0,84.19,64.86,Advanced
S01720,9,53.58,27.78,46.0,36.85,102.61,98.01,48.0,41.35,52.52,2,75.58,41.05,Beginner
S01721,6,79.17,69.2,82.49,97.36,47.78,95.35,92.73,75.08,49.82,0,80.09,82.05,Advanced
S01722,7,51.56,54.14,28.9,64.77,64.55,80.31,76.51,55.31,25.51,0,76.01,49.84,Intermediate
S01723,4,46.72,65.34,47.08,43.29,57.26,82.21,62.52,35.9,30.48,0,68.22,50.61,Intermediate
S01724,8,45.49,82.61,21.19,66.96,46.36,89.68,66.18,33.28,42.09,2,38.81,54.06,Beginner
S01725,5,24.05,28.17,10.06,35.16,78.78,77.0,43.99,12.97,23.52,1,94.43,24.36,Beginner
S01726,1,56.9,37.23,49.78,51.07,68.02,76.54,59.68,57.28,36.63,2,76.7,48.75,Intermediate
S01727,1,46.27,55.91,53.97,72.36,71.54,83.57,82.18,59.98,44.78,1,72.83,57.13,Intermediate
S01728,9,62.55,62.18,60.78,47.4,60.89,97.61,69.52,68.62,31.8,0,87.26,58.23,Intermediate
S01729,1,56.83,42.59,98.72,53.2,69.42,75.85,81.93,76.18,48.57,1,68.67,62.83,Advanced
S01730,6,70.1,58.24,43.66,65.89,57.19,96.07,94.59,69.6,41.63,0,66.28,59.47,Advanced
S01731,2,44.1,34.08,58.56,61.46,75.63,84.8,66.99,54.0,22.1,0,75.7,49.55,Intermediate
S01732,7,51.78,55.38,49.76,35.46,84.92,77.36,53.98,64.6,24.6,0,78.96,48.1,Intermediate
S01733,4,65.28,76.63,84.92,55.02,56.5,93.82,57.32,67.88,74.07,0,61.81,70.46,Advanced
S01734,5,51.61,40.74,62.11,48.68,41.6,82.02,73.17,64.15,42.04,0,80.21,50.78,Intermediate
S01735,1,44.92,28.29,13.4,6.1,71.96,84.84,33.66,31.38,0.0,1,86.6,23.18,Beginner
S01736,1,84.92,90.92,88.24,77.27,57.08,84.24,100.0,62.84,61.98,0,86.74,85.34,Advanced
S01737,1,52.41,65.44,24.52,52.15,61.58,100,53.61,53.29,44.52,0,69.68,48.63,Intermediate
S01738,8,63.15,53.33,68.71,44.51,71.5,98.79,76.54,37.39,26.26,0,70.39,57.43,Intermediate
S01739,4,34.41,31.22,33.22,12.15,62.14,72.59,52.57,51.77,20.57,0,91.43,27.75,Beginner
S01740,6,62.9,90.56,80.13,96.94,43.43,92.69,96.46,98.86,95.32,0,77.4,82.63,Advanced
S01741,3,48.38,53.6,43.8,61.13,54.02,86.66,79.62,55.64,44.77,0,88.6,51.73,Intermediate
S01742,3,79.43,51.4,65.19,74.89,40.86,87.07,95.43,65.22,69.19,0,82.7,67.73,Advanced
S01743,1,78.33,75.21,51.48,62.23,86.57,75.15,89.85,67.96,56.39,0,86.11,66.81,Advanced
S01744,3,34.1,54.33,57.16,53.58,90.63,84.84,60.16,53.27,14.4,1,68.06,49.79,Beginner
S01745,2,24.52,33.84,53.37,38.31,69.09,86.13,64.04,45.48,27.7,0,75.43,37.51,Beginner
S01746,3,88.45,75.31,94.06,92.77,53.84,93.16,91.65,64.23,77.86,0,85.38,87.65,Advanced
S01747,5,59.35,49.39,53.06,43.61,47.25,100,66.17,40.34,43.78,0,79.64,51.35,Intermediate
S01748,4,53.26,54.17,25.9,55.75,73.54,75.51,70.24,53.01,45.28,0,81.58,47.27,Intermediate
S01749,3,0.0,15.11,10.98,0.0,99.41,59.11,27.37,12.25,0.0,4,73.15,6.52,Beginner
S01750,1,95.19,80.44,85.26,59.69,48.02,93.51,100.0,85.76,77.55,0,63.61,80.15,Advanced
S01751,5,54.05,42.79,57.01,54.27,55.21,92.49,80.03,64.22,17.16,2,91.67,52.03,Intermediate
S01752,5,53.95,50.34,55.76,42.32,81.32,87.75,56.93,43.82,25.48,1,75.46,50.59,Intermediate
S01753,6,35.02,58.99,49.21,58.74,78.05,96.12,69.4,62.9,41.35,2,73.59,50.49,Intermediate
S01754,4,49.39,35.65,25.9,40.6,82.26,77.2,49.29,36.93,20.4,1,77.72,37.89,Beginner
S01755,3,56.46,38.25,31.17,52.8,70.62,86.88,75.17,45.62,37.08,0,55.54,44.67,Beginner
S01756,7,64.05,54.22,29.22,40.8,81.41,80.8,62.51,51.76,19.2,0,79.16,47.07,Intermediate
S01757,3,70.08,75.48,52.94,68.69,61.49,100,81.24,77.68,62.69,0,86.08,66.8,Advanced
S01758,6,52.26,50.78,55.67,35.24,70.53,82.06,76.25,60.57,30.0,0,66.93,48.49,Intermediate
S01759,3,44.1,35.18,28.42,31.12,74.27,96.8,36.46,25.59,8.54,1,98.88,34.7,Beginner
S01760,5,84.56,96.54,97.81,100.0,53.98,83.91,96.11,79.8,64.19,0,88.32,94.73,Advanced
S01761,5,42.98,48.06,81.21,63.13,55.18,78.36,80.45,61.77,48.9,0,80.66,58.85,Intermediate
S01762,6,64.81,74.64,67.61,73.91,42.71,75.25,78.13,51.19,30.48,1,88.26,70.24,Intermediate
S01763,8,86.52,100.0,78.63,69.24,45.71,89.55,94.51,82.55,88.98,0,81.2,83.6,Advanced
S01764,1,55.18,67.16,71.53,75.82,50.87,100,95.95,77.65,76.24,0,79.17,67.42,Advanced
S01765,7,91.62,100.0,90.88,73.13,52.53,94.06,96.38,57.13,63.59,2,94.45,88.91,Advanced
S01766,3,82.32,87.58,79.76,84.26,38.17,87.09,86.45,67.67,75.25,0,97.05,83.48,Advanced
S01767,1,66.27,42.08,53.88,55.65,65.45,88.5,68.93,59.03,31.03,0,62.99,54.47,Intermediate
S01768,5,69.56,57.09,49.78,61.53,66.97,90.88,74.9,82.83,30.0,0,82.92,59.49,Advanced
S01769,5,79.89,71.06,88.35,100.0,49.65,91.42,75.63,59.61,33.68,1,93.57,84.83,Advanced
S01770,3,69.76,75.42,63.04,72.83,47.03,85.33,84.11,62.5,76.16,0,87.58,70.26,Advanced
S01771,1,55.27,44.23,43.11,53.42,44.66,74.84,77.88,60.52,60.43,0,84.08,49.01,Intermediate
S01772,4,58.65,59.87,73.21,70.64,53.43,98.27,75.0,61.46,40.82,2,96.97,65.59,Advanced
S01773,12,75.06,98.78,100.0,100.0,46.21,91.57,100.0,100.0,78.71,0,80.91,93.46,Advanced
S01774,5,52.09,27.0,48.59,48.43,66.57,91.0,51.51,49.23,35.87,3,65.62,44.03,Intermediate
S01775,5,52.15,50.26,44.16,44.98,76.1,84.32,71.48,32.26,30.77,2,96.57,47.89,Advanced
S01776,4,49.6,46.56,67.48,19.97,86.98,79.22,53.34,26.33,2.14,1,71.83,45.9,Beginner
S01777,1,38.36,50.97,36.97,19.26,90.86,85.45,54.65,24.57,40.63,0,86.16,36.39,Intermediate
S01778,2,90.59,98.58,89.85,84.12,47.83,100,100.0,100.0,90.05,1,95.68,90.79,Advanced
S01779,4,68.95,67.28,41.19,45.38,44.62,100,95.95,52.0,59.61,0,97.92,55.7,Advanced
S01780,6,51.92,62.55,67.46,84.75,35.67,95.06,66.35,48.5,45.19,0,87.59,66.67,Advanced
S01781,9,65.54,75.35,50.48,57.39,72.01,100,98.33,82.79,72.56,0,78.56,62.19,Advanced
S01782,3,42.84,36.59,18.36,56.91,57.31,71.41,56.53,39.0,16.65,0,67.03,38.68,Intermediate
S01783,5,24.7,60.67,47.09,34.71,86.28,84.89,36.58,31.29,0.0,1,59.27,41.79,Beginner
S01784,8,80.91,83.91,56.99,53.42,69.83,80.13,92.66,85.34,79.7,0,98.93,68.81,Advanced
S01785,1,38.28,40.94,44.35,42.81,58.31,84.41,58.27,26.18,24.61,1,100.0,41.6,Intermediate
S01786,4,88.28,96.71,89.46,68.88,46.91,89.0,95.23,86.19,72.6,0,76.59,85.83,Advanced
S01787,6,83.52,87.06,79.49,97.53,59.85,99.24,81.43,85.53,53.3,0,74.99,86.9,Advanced
S01788,7,83.05,73.73,61.96,81.92,61.36,97.3,75.66,83.23,42.6,1,82.48,75.17,Advanced
S01789,3,71.77,55.88,70.44,35.57,56.39,96.62,80.04,65.78,26.75,0,67.48,58.41,Intermediate
S01790,5,17.76,11.41,22.18,51.69,65.79,77.98,47.38,15.81,10.19,1,78.87,25.76,Beginner
S01791,10,29.58,36.24,53.86,36.15,89.03,84.38,55.45,20.73,33.15,1,77.98,38.96,Beginner
S01792,1,69.41,53.63,42.07,30.88,49.89,100,75.28,75.64,28.37,0,64.29,49.0,Intermediate
S01793,1,54.59,49.17,38.79,37.81,53.79,83.75,76.3,50.11,25.24,1,100.0,45.09,Intermediate
S01794,1,88.23,87.74,100.0,81.34,31.43,93.28,98.6,97.54,75.81,0,84.02,89.33,Advanced
S01795,6,15.15,17.31,24.94,12.61,83.31,87.86,40.65,15.37,0.0,1,88.09,17.5,Beginner
S01796,6,33.93,25.05,22.17,27.65,90.86,81.99,37.44,42.0,10.53,2,97.25,27.2,Beginner
S01797,4,17.62,6.4,21.62,0.0,85.36,69.49,44.53,19.0,11.39,1,70.23,11.41,Beginner
S01798,4,76.05,62.86,78.15,93.88,56.63,98.35,100.0,95.65,81.02,0,78.86,77.73,Advanced
S01799,9,47.89,62.67,66.43,100.0,49.22,83.13,70.29,75.83,57.68,0,71.07,69.25,Advanced
S01800,1,54.08,32.66,41.63,49.52,55.73,85.56,63.9,58.82,27.38,2,70.79,44.47,Beginner
S01801,3,52.01,37.98,86.96,57.15,67.84,88.92,69.46,33.41,29.18,1,70.32,58.53,Intermediate
S01802,6,63.66,86.13,93.29,89.52,31.01,97.99,100.0,63.92,60.43,0,74.01,83.15,Advanced
S01803,1,20.52,63.58,43.67,58.76,74.17,89.93,81.54,39.49,49.92,0,42.24,46.63,Intermediate
S01804,5,61.07,40.27,49.12,56.54,81.87,96.5,70.4,58.82,59.58,0,61.12,51.75,Intermediate
S01805,5,43.16,49.86,47.66,56.71,59.86,85.18,76.52,46.55,38.56,0,95.44,49.35,Intermediate
S01806,3,11.5,1.86,17.32,19.67,60.45,79.19,20.55,12.8,0.0,4,89.77,12.59,Beginner
S01807,5,88.83,55.81,49.96,68.21,49.79,92.83,100.0,60.56,60.31,0,67.38,65.7,Advanced
S01808,6,44.61,43.13,53.96,53.55,57.62,88.38,53.52,60.64,20.49,1,100.0,48.81,Intermediate
S01809,7,54.35,83.27,83.32,84.52,48.43,87.59,85.34,67.22,51.41,0,69.09,76.36,Advanced
S01810,6,70.05,51.31,48.53,31.58,63.43,87.48,64.76,53.57,57.26,1,66.13,50.37,Intermediate
S01811,4,83.19,64.35,68.48,73.69,43.88,94.04,78.39,89.33,57.63,0,78.61,72.43,Advanced
S01812,4,41.62,44.01,36.3,37.7,57.43,86.83,41.74,38.27,14.78,0,100.0,39.91,Beginner
S01813,5,50.77,38.55,40.72,26.67,89.23,77.5,53.04,46.9,29.23,0,75.77,39.18,Beginner
S01814,1,59.41,72.54,70.76,71.51,60.16,90.97,98.98,76.62,68.29,0,82.65,68.56,Intermediate
S01815,3,48.36,51.57,40.32,52.01,86.68,81.33,72.86,65.74,34.88,0,100.0,48.06,Advanced
S01816,1,70.13,60.85,42.46,46.9,71.83,84.82,77.47,60.84,38.72,0,91.25,55.08,Intermediate
S01817,1,57.94,49.34,55.87,49.79,56.17,92.04,63.85,47.62,37.08,3,92.11,53.23,Intermediate
S01818,6,73.72,95.11,90.07,78.74,61.91,84.12,100.0,83.22,81.33,0,58.54,84.41,Advanced
S01819,4,69.67,84.96,67.19,77.35,56.35,100,90.4,82.09,61.8,0,85.2,74.79,Advanced
S01820,4,90.94,80.73,95.02,93.39,40.16,87.79,100.0,82.09,94.09,0,79.52,90.02,Advanced
S01821,5,36.41,42.52,27.58,37.09,64.84,89.07,59.15,48.16,0.0,1,81.73,35.9,Intermediate
S01822,5,79.0,88.22,79.0,79.71,35.25,96.63,77.0,81.74,67.98,0,94.77,81.48,Advanced
S01823,5,56.55,60.89,43.91,56.14,60.45,86.38,68.46,53.1,43.87,1,93.48,54.37,Intermediate
S01824,1,84.64,77.18,91.87,55.78,50.89,91.68,100.0,66.7,56.54,0,63.83,77.37,Advanced
S01825,4,61.01,45.5,56.52,32.79,65.92,85.79,55.82,44.36,32.93,1,71.03,48.95,Beginner
S01826,3,56.74,41.18,54.95,50.29,59.96,91.13,77.47,54.45,40.94,0,89.52,50.79,Intermediate
S01827,3,24.25,32.59,41.2,41.4,94.54,87.42,28.62,26.48,12.01,4,93.63,34.86,Intermediate
S01828,7,67.23,77.09,60.04,68.49,71.81,92.13,77.42,53.95,40.08,0,81.31,68.21,Advanced
S01829,6,59.94,68.15,50.88,47.07,86.33,93.77,57.03,54.29,32.31,2,80.72,56.51,Intermediate
S01830,4,45.65,39.39,46.91,65.1,69.46,80.59,65.2,51.46,31.56,0,81.82,49.26,Intermediate
S01831,2,41.0,61.87,57.14,41.04,66.87,90.76,67.76,73.56,43.49,0,68.08,50.26,Intermediate
S01832,6,83.19,96.1,80.09,88.85,43.15,100,100.0,100.0,78.84,0,88.77,87.06,Advanced
S01833,7,79.33,87.97,61.15,96.89,54.59,99.77,100.0,78.16,66.72,0,62.86,81.33,Advanced
S01834,5,37.97,70.72,45.25,44.34,66.87,70.67,64.57,65.17,43.34,1,47.79,49.57,Beginner
S01835,4,88.7,59.05,82.42,100.0,63.88,83.04,100.0,78.79,60.71,0,67.08,82.54,Advanced
S01836,1,70.48,44.53,66.13,54.89,73.44,73.08,74.42,63.49,45.29,1,61.43,59.01,Intermediate
S01837,2,43.19,54.34,57.55,26.44,51.01,99.39,65.41,46.93,26.93,0,68.69,45.38,Beginner
S01838,3,18.09,37.15,11.38,13.69,81.51,82.23,41.6,4.42,7.43,1,83.56,20.08,Beginner
S01839,1,62.4,43.37,44.35,67.21,68.03,89.48,61.33,43.71,28.93,0,74.69,54.33,Intermediate
S01840,5,56.34,27.35,30.62,41.0,59.73,71.83,44.38,38.19,13.03,2,56.92,38.83,Beginner
S01841,4,66.22,68.0,54.03,55.27,47.57,90.1,85.62,92.06,41.02,0,99.07,60.88,Advanced
S01842,1,75.23,82.85,59.28,64.37,56.85,96.79,83.64,65.34,49.68,1,91.15,70.43,Intermediate
S01843,3,73.01,79.77,62.54,77.76,68.83,80.41,87.8,58.19,61.01,0,84.07,73.27,Advanced
S01844,4,47.42,59.04,68.65,71.89,67.03,90.68,78.07,66.61,31.49,0,86.66,61.75,Intermediate
S01845,6,77.64,71.3,83.8,46.53,41.17,88.13,80.49,74.61,59.29,0,64.26,69.82,Intermediate
S01846,10,65.15,68.84,47.79,60.2,54.91,97.04,85.47,65.46,42.75,2,97.76,60.49,Advanced
S01847,5,82.6,61.15,79.2,82.33,59.57,90.64,79.07,66.23,54.97,0,73.87,76.32,Advanced
S01848,4,66.58,63.08,49.96,55.48,65.56,82.71,72.12,69.28,46.88,0,100.0,58.78,Intermediate
S01849,5,44.47,51.26,79.31,42.77,64.77,79.54,64.17,39.2,18.04,0,75.63,54.45,Intermediate
S01850,5,82.36,69.7,84.77,76.61,56.0,87.04,96.52,73.87,37.4,0,84.86,78.36,Advanced
S01851,4,26.95,8.17,25.25,21.44,71.31,77.14,29.98,21.14,9.65,4,84.16,20.45,Beginner
S01852,1,34.5,23.27,57.02,30.9,77.13,73.56,55.96,25.93,16.54,1,84.52,36.42,Beginner
S01853,4,78.2,50.59,35.09,61.22,52.32,65.48,79.3,57.81,41.38,0,42.74,56.27,Intermediate
S01854,3,59.39,60.31,74.91,85.01,49.99,95.89,83.15,71.1,48.03,0,87.02,69.9,Advanced
S01855,1,59.95,74.57,61.09,45.23,37.24,89.98,80.96,70.28,34.22,0,69.64,60.21,Intermediate
S01856,1,40.47,42.34,39.63,48.29,86.11,86.64,75.72,43.33,34.09,0,95.32,42.68,Beginner
S01857,7,45.82,91.15,58.47,94.65,62.51,82.81,82.24,43.31,52.23,3,44.48,72.52,Advanced
S01858,6,29.23,44.24,54.34,50.54,46.36,91.59,48.81,44.22,25.37,1,81.18,44.59,Intermediate
S01859,5,62.66,57.98,67.11,51.66,54.3,97.76,96.87,63.8,56.32,2,92.39,59.85,Advanced
S01860,5,63.94,52.36,22.0,25.78,88.24,66.95,45.75,42.73,5.69,1,83.8,41.02,Beginner
S01861,3,24.93,14.42,16.43,51.38,92.26,85.96,35.17,40.72,7.53,0,60.82,26.79,Beginner
S01862,6,57.72,76.11,52.56,65.7,63.74,100,63.91,39.48,23.36,0,79.07,63.02,Intermediate
S01863,10,79.21,66.54,40.45,52.74,82.77,88.14,74.4,73.92,57.23,0,83.43,59.73,Advanced
S01864,3,61.49,49.47,61.74,46.54,59.78,86.34,61.41,54.11,51.87,1,68.92,54.81,Intermediate
S01865,7,60.23,71.59,73.75,56.26,71.67,98.81,85.05,68.44,43.42,2,84.88,65.46,Advanced
S01866,1,68.15,82.55,63.38,82.39,43.1,88.85,83.29,58.93,76.61,0,70.58,74.12,Advanced
S01867,3,75.03,40.43,71.97,77.55,56.65,89.37,100.0,59.72,62.49,1,71.87,66.25,Advanced
S01868,8,77.11,70.08,45.93,72.32,68.96,89.56,82.54,54.75,44.73,0,78.16,66.36,Intermediate
S01869,3,68.97,66.61,46.59,65.88,73.27,90.26,68.63,69.04,47.6,0,75.56,62.01,Intermediate
S01870,1,56.79,46.75,22.45,32.77,49.13,86.71,70.58,32.0,26.61,1,74.26,39.69,Intermediate
S01871,2,70.52,37.51,31.94,31.06,45.34,84.14,80.56,64.86,55.54,0,73.33,42.76,Intermediate
S01872,7,65.63,48.61,60.87,33.07,76.45,85.36,64.44,42.27,31.19,0,60.71,52.05,Beginner
S01873,3,57.66,48.1,25.35,42.94,65.76,80.9,59.47,51.42,22.55,0,84.71,43.51,Intermediate
S01874,2,27.95,23.62,9.09,37.43,83.32,74.7,35.91,22.53,0.0,2,86.87,24.52,Beginner
S01875,8,39.85,65.07,41.84,77.66,69.37,89.81,63.4,53.01,60.27,2,39.93,56.1,Intermediate
S01876,3,51.24,89.45,61.93,94.43,74.62,86.5,97.83,70.31,59.23,0,25.0,74.26,Advanced
S01877,7,40.95,50.83,47.44,34.57,72.45,79.34,55.05,41.25,30.67,1,82.15,43.45,Beginner
S01878,3,68.95,75.41,75.51,57.19,61.16,79.1,80.35,72.57,58.24,2,89.33,69.27,Advanced
S01879,1,45.18,56.88,47.75,32.03,79.26,82.07,57.06,35.05,48.71,0,77.74,45.46,Intermediate
S01880,4,65.39,62.95,35.75,50.35,66.97,79.95,81.45,58.07,38.11,0,81.93,53.61,Intermediate
S01881,7,72.8,86.17,98.34,100.0,23.99,100,100.0,100.0,81.13,0,89.43,89.33,Advanced
S01882,2,38.5,51.05,58.8,64.15,50.32,95.96,74.2,60.93,55.03,1,98.97,53.12,Intermediate
S01883,1,9.68,0.0,21.58,4.69,83.0,69.66,36.63,5.32,11.23,1,86.36,8.99,Beginner
S01884,2,69.73,78.56,71.27,85.34,28.73,81.28,90.73,62.88,51.52,0,87.73,76.22,Advanced
S01885,5,24.05,54.19,64.78,34.58,72.79,81.55,53.07,37.6,6.83,0,55.52,44.4,Beginner
S01886,5,35.08,41.44,37.4,57.55,81.93,72.2,51.23,36.74,21.14,1,81.92,42.87,Beginner
S01887,9,62.93,65.12,79.73,84.04,46.14,85.62,92.36,61.19,77.24,0,91.46,72.96,Advanced
S01888,1,53.29,52.37,49.32,46.49,55.96,88.02,75.94,49.73,42.93,1,99.11,50.37,Intermediate
S01889,3,32.87,52.27,42.37,56.32,91.92,94.59,78.35,55.7,42.91,1,61.13,45.96,Intermediate
S01890,1,64.76,36.99,57.11,57.5,60.4,94.64,74.29,56.91,47.7,0,80.98,54.09,Intermediate
S01891,3,39.19,19.0,44.14,40.29,82.91,82.33,57.9,49.39,28.82,3,85.27,35.65,Beginner
S01892,5,58.68,72.2,59.2,50.73,76.24,83.11,80.87,29.2,38.49,2,82.19,60.2,Intermediate
S01893,6,42.96,47.2,60.42,51.99,68.71,88.44,80.16,65.13,50.19,0,94.3,50.65,Intermediate
S01894,4,73.38,67.68,75.06,65.87,58.43,95.25,78.47,45.86,49.38,0,95.11,70.5,Advanced
S01895,9,43.26,40.46,66.42,18.32,55.87,81.96,48.36,22.63,25.62,2,63.87,42.12,Beginner
S01896,1,68.4,52.85,47.88,80.45,69.91,84.96,79.23,63.76,47.21,1,74.63,62.39,Intermediate
S01897,3,65.01,94.92,91.73,67.8,43.89,97.36,100.0,72.4,64.61,0,47.06,79.86,Advanced
S01898,6,61.81,46.2,48.88,46.71,54.97,83.94,66.47,57.57,31.54,1,78.09,50.9,Intermediate
S01899,3,27.93,30.89,0.0,33.82,73.98,68.36,32.57,47.04,10.77,3,80.11,23.16,Beginner
S01900,6,31.49,40.49,31.05,45.41,104.41,78.33,57.21,30.02,24.02,2,79.92,37.11,Beginner
S01901,2,40.05,42.03,56.82,19.35,87.77,86.32,64.1,53.05,18.78,0,81.22,39.56,Beginner
S01902,3,59.05,75.32,61.59,94.49,62.55,86.49,69.25,58.3,52.45,0,59.25,72.61,Intermediate
S01903,2,65.54,54.68,91.85,62.69,58.51,100,61.78,58.88,31.75,0,74.91,68.69,Intermediate
S01904,2,48.01,39.77,44.41,31.38,43.35,81.33,50.5,15.72,41.6,0,87.83,40.89,Beginner
S01905,6,30.86,48.13,31.73,12.33,69.51,99.39,51.32,43.88,22.43,1,66.21,30.76,Beginner
S01906,6,37.97,53.73,52.78,42.73,48.63,87.39,44.05,14.68,31.86,0,90.6,46.8,Beginner
S01907,1,28.31,42.8,47.22,47.25,67.27,69.84,50.83,19.42,20.41,2,87.11,41.4,Beginner
S01908,4,55.6,49.45,61.17,67.03,82.49,90.6,55.06,56.72,39.95,0,100.0,58.31,Intermediate
S01909,6,33.73,46.11,49.19,41.0,82.81,100,61.35,38.76,38.59,3,71.35,42.51,Intermediate
S01910,4,67.79,72.29,65.34,58.91,72.01,82.05,74.47,59.39,33.7,0,81.91,66.08,Intermediate
S01911,3,6.7,38.64,23.0,40.21,80.31,93.0,45.24,20.69,14.15,1,53.68,27.13,Beginner
S01912,7,63.55,66.99,75.69,53.43,64.55,79.87,83.92,75.4,33.69,1,94.01,64.92,Advanced
S01913,4,66.8,66.87,57.57,72.46,71.46,92.9,86.36,43.28,48.55,0,85.62,65.93,Advanced
S01914,5,90.23,67.35,79.35,92.39,59.86,95.57,73.66,71.27,49.4,0,70.49,82.33,Advanced
S01915,3,71.34,74.58,59.67,79.04,79.01,83.11,69.84,59.24,62.95,0,82.04,71.16,Advanced
S01916,1,63.4,77.82,93.47,91.64,38.35,89.38,100.0,72.2,63.27,0,82.53,81.58,Advanced
S01917,2,64.34,66.41,70.84,62.46,49.57,86.44,86.86,80.23,54.23,0,86.82,66.01,Advanced
S01918,9,64.45,67.93,52.15,68.53,85.88,72.8,60.82,67.18,30.29,2,87.8,63.27,Beginner
S01919,5,100.0,93.88,85.07,91.91,43.69,100,100.0,100.0,79.18,0,83.86,92.71,Advanced
S01920,2,33.16,51.01,26.93,53.93,81.11,90.95,50.12,49.35,30.77,0,66.13,41.26,Intermediate
S01921,5,62.16,52.87,49.01,33.91,58.42,84.24,66.79,60.59,27.25,2,92.6,49.49,Intermediate
S01922,5,43.19,37.42,20.93,28.36,80.06,70.52,49.13,50.77,20.76,0,91.15,32.47,Beginner
S01923,2,59.04,44.05,66.4,59.99,59.82,85.24,70.16,61.86,30.59,0,67.87,57.37,Intermediate
S01924,1,66.66,45.33,54.59,37.2,59.09,78.13,64.28,41.64,47.36,0,71.54,50.95,Intermediate
S01925,2,76.35,74.74,65.35,97.97,25.52,100,91.87,73.27,83.34,0,77.21,78.6,Advanced
S01926,4,52.02,42.3,65.63,51.19,69.59,74.55,61.34,67.3,29.77,1,83.74,52.78,Advanced
S01927,3,64.86,69.99,69.48,67.12,42.84,95.89,88.67,67.33,59.75,1,97.51,67.86,Advanced
S01928,1,57.84,67.03,78.87,82.94,66.96,81.35,73.05,79.23,56.61,0,89.75,71.67,Advanced
S01929,4,31.35,27.23,25.71,55.74,62.26,86.9,75.34,54.49,27.55,0,81.04,35.01,Intermediate
S01930,5,68.5,55.65,55.23,33.49,81.33,91.24,66.4,53.13,49.63,0,82.74,53.22,Intermediate
S01931,1,59.21,70.69,65.45,53.33,42.38,99.49,91.29,78.46,57.53,0,65.06,62.17,Intermediate
S01932,1,86.53,64.78,67.97,89.07,40.99,87.52,86.9,63.28,40.5,2,62.59,77.09,Intermediate
S01933,5,44.61,74.11,54.44,7.04,59.64,95.81,64.32,56.77,32.34,0,39.77,45.05,Beginner
S01934,4,25.18,66.46,44.95,49.79,57.45,81.91,65.38,56.82,26.37,0,51.11,46.6,Intermediate
S01935,4,78.3,62.14,59.28,71.84,71.65,85.55,89.55,49.65,42.25,1,63.98,67.89,Intermediate
S01936,8,75.34,62.82,57.32,59.59,79.82,96.94,94.52,70.79,51.97,0,99.19,63.77,Advanced
S01937,3,69.89,46.42,57.7,87.2,57.65,80.72,64.87,50.79,46.59,1,56.35,65.3,Intermediate
S01938,2,67.94,78.38,70.43,73.57,58.29,80.73,68.27,60.79,42.11,0,90.01,72.58,Intermediate
S01939,4,82.65,69.07,90.46,79.29,52.46,95.6,75.04,82.95,53.89,2,73.44,80.37,Advanced
S01940,2,51.65,67.43,42.09,71.47,50.63,89.37,67.53,67.43,53.22,0,64.41,58.16,Advanced
S01941,1,40.84,42.47,66.05,48.53,63.98,92.18,71.39,46.46,21.73,2,86.98,49.47,Intermediate
S01942,3,47.48,50.49,45.46,76.75,79.12,85.9,71.79,55.85,32.63,0,73.77,55.05,Intermediate
S01943,7,19.51,2.05,2.36,12.61,73.75,75.23,16.65,27.57,25.84,3,65.11,9.13,Beginner
S01944,5,75.72,86.98,71.33,65.29,46.11,94.41,90.49,86.96,57.96,1,80.44,74.83,Advanced
S01945,5,58.02,92.23,74.5,100.0,33.7,93.11,97.58,85.94,74.11,0,40.23,81.19,Advanced
S01946,2,54.15,43.11,35.51,30.23,73.48,75.57,51.1,52.37,25.23,0,82.61,40.75,Intermediate
S01947,4,60.72,53.39,64.84,91.2,47.55,89.8,94.85,73.89,60.09,0,88.56,67.54,Advanced
S01948,1,51.78,33.65,68.36,55.59,75.54,94.38,87.14,71.76,45.01,1,80.26,52.35,Intermediate
S01949,7,59.34,66.4,52.81,56.82,62.94,76.22,63.93,45.22,29.67,1,86.07,58.84,Intermediate
S01950,4,43.89,44.22,45.74,47.92,66.51,85.6,48.95,34.33,14.05,1,100.0,45.44,Intermediate
S01951,4,42.18,38.61,21.31,51.2,99.32,84.08,51.86,28.51,26.21,1,81.12,38.33,Beginner
S01952,4,52.77,59.01,48.37,71.37,83.5,92.09,68.86,49.34,38.65,0,90.11,57.88,Intermediate
S01953,7,59.36,81.25,82.49,93.76,62.61,90.92,96.34,84.09,34.09,0,64.95,79.22,Advanced
S01954,6,54.3,65.64,74.51,86.3,65.25,85.33,95.02,63.64,43.15,0,81.6,70.19,Intermediate
S01955,5,20.6,31.18,41.66,35.98,61.8,70.73,42.08,17.93,30.81,1,80.66,32.35,Beginner
S01956,1,42.6,70.88,34.55,48.55,74.0,80.12,69.23,41.86,38.38,1,66.28,49.15,Intermediate
S01957,1,41.77,60.62,63.37,33.64,48.01,84.23,81.37,36.4,45.22,0,67.31,49.85,Intermediate
S01958,5,56.33,42.05,70.05,34.82,69.44,76.8,40.59,49.69,8.45,1,77.89,50.81,Beginner
S01959,1,64.07,69.72,87.7,70.5,96.39,85.66,79.73,52.5,28.62,0,84.76,73.0,Advanced
S01960,4,51.23,67.7,95.7,69.27,55.31,100,88.77,63.15,52.12,0,64.03,70.98,Advanced
S01961,1,46.49,55.83,57.38,58.24,65.08,80.03,74.31,51.76,54.01,0,92.56,54.49,Intermediate
S01962,4,52.72,35.69,59.07,39.48,56.36,89.49,66.83,44.89,41.03,0,82.72,46.74,Intermediate
S01963,2,22.32,0.0,14.91,0.0,114.27,79.02,22.28,1.72,14.69,1,62.68,9.31,Beginner
S01964,4,79.53,82.55,85.17,56.55,48.58,87.46,75.04,76.94,68.97,0,73.96,75.95,Advanced
S01965,5,96.35,87.08,98.67,98.34,50.76,88.51,90.69,90.13,55.85,0,86.49,95.11,Advanced
S01966,4,54.15,44.62,48.03,52.3,68.78,87.31,75.03,42.49,30.21,1,75.19,49.77,Beginner
S01967,1,33.54,46.32,50.2,26.11,64.61,88.48,50.05,23.78,8.22,1,70.02,39.04,Beginner
S01968,5,49.46,30.94,40.13,66.12,82.23,73.43,59.96,46.15,22.1,1,73.58,46.66,Intermediate
S01969,1,62.11,48.89,28.77,34.53,77.49,91.68,52.52,31.4,27.61,0,84.4,43.58,Intermediate
S01970,4,32.91,34.32,34.44,55.12,57.45,79.67,51.29,56.07,23.15,1,100.0,39.2,Intermediate
S01971,6,64.3,51.46,52.59,71.68,53.0,88.47,67.88,47.71,57.37,0,82.75,60.01,Advanced
S01972,1,83.31,75.9,81.05,43.65,30.09,89.58,98.18,64.7,77.93,0,58.37,70.98,Intermediate
S01973,6,32.23,26.45,23.86,12.94,71.49,80.13,56.41,35.65,22.27,4,91.27,23.87,Beginner
S01974,1,53.66,70.56,54.87,28.05,80.11,76.25,57.2,51.4,41.94,0,67.39,51.78,Intermediate
S01975,3,84.01,65.88,68.64,79.65,57.25,88.13,78.89,58.5,41.53,0,74.76,74.55,Advanced
S01976,4,87.3,65.8,62.4,63.16,82.64,91.76,71.41,66.89,42.66,0,62.36,69.67,Advanced
S01977,9,70.47,54.71,62.7,76.69,69.97,83.23,70.67,64.82,59.46,0,72.31,66.14,Advanced
S01978,5,28.5,31.76,46.33,39.86,77.44,93.04,42.36,26.69,24.76,0,86.57,36.61,Intermediate
S01979,1,69.23,40.84,64.13,63.1,73.72,94.35,81.41,63.78,37.75,1,69.97,59.32,Advanced
S01980,6,21.74,46.38,25.03,22.23,69.47,72.79,64.86,42.24,15.73,2,79.62,28.84,Beginner
S01981,3,59.94,35.31,29.45,38.46,78.88,74.21,38.2,35.7,14.19,2,55.41,40.79,Beginner
S01982,5,33.47,13.8,42.78,31.91,86.61,76.17,52.58,37.27,22.67,1,71.38,30.49,Beginner
S01983,1,33.78,45.23,46.02,45.84,50.99,85.99,66.76,45.5,32.57,0,92.66,42.72,Intermediate
S01984,3,42.34,33.19,30.44,37.02,63.73,78.52,49.8,14.64,18.37,0,88.01,35.75,Beginner
S01985,4,71.6,60.36,47.09,65.94,44.6,94.55,54.36,40.13,44.7,0,91.48,61.24,Intermediate
S01986,4,84.6,68.83,67.35,55.3,48.61,84.46,67.25,83.5,32.77,0,100.0,69.02,Advanced
S01987,7,83.29,100.0,80.8,93.67,50.96,99.41,88.8,80.7,67.64,0,63.69,89.44,Advanced
S01988,3,53.66,37.35,84.89,56.11,67.41,95.67,84.6,53.39,40.54,0,64.35,58.0,Intermediate
S01989,1,41.46,60.32,59.64,37.45,60.19,73.94,65.67,39.68,74.94,0,61.3,49.72,Intermediate
S01990,2,71.89,71.88,61.37,67.73,47.48,100,98.68,69.92,67.55,0,92.83,68.22,Advanced
S01991,4,54.05,68.8,79.37,51.72,55.13,92.36,71.41,60.97,30.27,1,73.37,63.48,Advanced
S01992,6,68.62,84.98,80.2,67.17,60.18,100,77.33,68.91,41.36,0,90.4,75.24,Advanced
S01993,8,40.45,44.55,36.84,19.81,78.29,89.64,57.18,34.05,19.5,2,95.62,35.41,Beginner
S01994,7,66.64,51.38,65.09,55.59,63.08,89.21,66.02,66.6,27.75,0,72.85,59.68,Intermediate
S01995,5,55.71,70.15,57.53,72.91,60.19,85.96,83.39,42.3,51.31,2,68.71,64.07,Advanced
S01996,6,77.21,87.11,82.85,68.74,36.26,85.97,83.25,78.42,64.15,0,73.34,78.98,Advanced
S01997,5,66.04,88.87,74.67,77.86,42.64,96.74,98.55,70.95,51.77,0,77.41,76.86,Advanced
S01998,5,72.75,73.57,65.29,75.49,64.14,87.57,89.83,51.46,77.74,0,96.26,71.78,Advanced
S01999,3,12.97,23.15,27.02,24.1,78.2,82.61,47.34,24.52,0.0,3,100.0,21.81,Beginner
S02000,1,78.29,93.4,92.04,88.26,27.42,83.17,78.59,92.48,63.07,0,80.95,87.99,Advanced
S02001,8,3.62,48.18,49.2,77.74,69.99,95.02,54.55,61.79,23.84,0,31.98,44.69,Intermediate
S02002,4,41.32,70.41,57.92,57.09,43.74,99.47,65.43,57.26,49.14,1,62.3,56.69,Intermediate
S02003,4,52.24,70.13,29.75,75.01,63.63,85.54,58.46,71.74,44.15,0,64.66,56.78,Intermediate
S02004,4,17.83,18.1,14.09,15.68,100.99,67.25,23.33,16.72,0.18,2,95.22,16.42,Beginner
S02005,8,78.67,62.02,96.86,78.01,36.51,94.93,100.0,100.0,60.73,0,78.78,78.89,Advanced
S02006,7,35.97,23.11,43.19,41.55,53.92,95.82,47.73,56.7,39.8,1,85.88,35.96,Beginner
S02007,5,43.66,53.64,48.0,54.17,74.86,91.96,61.51,39.16,20.31,1,82.88,49.87,Intermediate
S02008,5,39.94,37.34,22.46,44.15,83.98,91.76,41.84,24.24,23.38,0,82.92,35.97,Beginner
S02009,7,91.81,95.91,100.0,93.21,55.16,100,100.0,98.05,68.18,0,88.13,95.23,Advanced
S02010,5,78.41,52.27,59.92,78.17,51.49,99.01,84.64,65.81,77.38,1,70.18,67.19,Advanced
S02011,5,87.98,95.32,73.51,68.67,60.04,89.19,71.67,89.95,60.83,0,91.02,81.37,Advanced
S02012,4,98.95,92.19,80.44,84.51,34.2,87.5,100.0,87.57,73.15,1,79.91,89.02,Advanced
S02013,5,76.87,96.51,83.96,75.19,50.93,96.83,85.63,100.0,96.56,1,74.65,83.13,Advanced
S02014,2,68.12,59.33,77.79,51.99,46.71,92.42,66.02,72.68,50.49,1,65.33,64.31,Intermediate
S02015,1,20.91,0.0,0.0,6.98,82.83,71.02,19.79,19.21,2.68,3,64.24,6.97,Beginner
S02016,7,29.96,57.19,47.24,54.18,62.83,73.62,68.23,60.59,50.0,0,66.46,47.14,Intermediate
S02017,7,80.12,55.93,56.31,63.85,67.26,81.02,75.44,69.56,31.91,0,66.02,64.05,Intermediate
S02018,11,70.39,60.35,71.91,69.77,56.86,77.6,84.42,68.02,46.99,0,89.51,68.1,Advanced
S02019,4,53.61,38.0,40.35,66.51,62.99,94.18,68.81,72.88,22.17,0,54.53,49.62,Intermediate
S02020,6,48.14,51.14,46.69,53.05,38.15,84.53,79.94,59.64,37.63,2,97.99,49.76,Intermediate
S02021,5,63.91,55.62,41.08,32.6,50.42,80.75,71.92,72.41,39.48,0,88.93,48.3,Intermediate
S02022,4,73.63,62.47,58.38,77.47,53.57,77.05,64.71,54.41,37.29,0,84.29,67.99,Intermediate
S02023,6,31.66,24.2,28.73,47.66,61.45,91.98,58.29,33.1,13.03,1,86.96,33.06,Beginner
S02024,2,72.45,74.65,93.32,69.29,59.03,100,82.63,66.61,36.39,1,90.28,77.42,Advanced
S02025,1,26.8,30.84,46.74,39.54,82.23,96.75,57.73,36.09,41.14,0,91.35,35.98,Beginner
S02026,3,94.68,90.95,84.92,100.0,42.38,85.92,99.81,92.28,80.73,0,77.55,92.64,Advanced
S02027,2,67.36,53.83,62.44,73.93,45.39,77.4,73.18,76.2,63.45,0,77.3,64.39,Advanced
S02028,2,47.73,32.49,48.21,67.1,53.89,100,66.26,37.12,22.21,2,84.44,48.88,Intermediate
S02029,7,90.28,92.74,100.0,90.63,52.38,87.66,100.0,88.13,70.59,0,99.68,93.41,Advanced
S02030,5,62.09,52.33,84.02,44.6,74.79,100,76.02,61.25,41.53,0,58.62,60.76,Intermediate
S02031,1,75.12,62.5,72.79,68.57,47.82,98.08,66.68,67.32,42.56,0,73.8,69.74,Advanced
S02032,1,77.54,44.36,39.25,64.86,49.16,70.2,75.15,55.79,43.26,0,49.32,56.5,Intermediate
S02033,1,63.95,74.71,44.32,60.56,68.93,90.26,72.88,41.79,43.27,1,84.11,60.89,Intermediate
S02034,1,65.67,61.02,40.89,42.99,71.97,89.93,69.8,64.19,16.95,0,89.28,52.64,Intermediate
S02035,9,76.98,67.89,52.34,74.53,59.95,100,73.57,80.72,59.02,0,81.15,67.93,Intermediate
S02036,1,29.53,25.71,54.67,51.89,89.4,86.0,39.07,39.98,9.89,1,91.39,40.45,Beginner
S02037,6,100.0,99.91,83.35,72.71,49.5,83.4,100.0,88.12,84.58,2,87.95,88.99,Advanced
S02038,3,30.34,35.64,36.92,6.04,71.51,84.54,51.74,32.28,6.56,1,75.57,27.23,Beginner
S02039,1,37.8,52.99,68.24,49.77,85.21,84.78,70.64,51.51,45.51,3,69.99,52.2,Intermediate
S02040,8,87.12,61.62,48.2,80.92,70.2,95.71,83.52,46.29,48.7,1,62.21,69.47,Intermediate
S02041,3,75.61,81.67,72.21,50.79,42.28,92.41,73.2,74.64,41.39,0,88.49,70.07,Advanced
S02042,2,71.4,78.24,51.41,69.67,70.97,94.37,89.62,62.93,42.93,0,79.85,67.68,Advanced
S02043,4,30.53,46.47,37.23,37.88,79.38,90.54,72.7,30.55,35.12,0,94.98,38.03,Beginner
S02044,3,64.05,41.94,80.81,63.76,72.39,89.55,78.01,63.3,39.35,0,56.1,62.64,Advanced
S02045,10,33.99,29.03,19.03,51.99,75.61,78.62,40.44,27.55,7.66,1,78.05,33.51,Beginner
S02046,6,49.43,58.54,66.95,53.72,64.3,65.59,87.48,75.29,33.93,0,75.53,57.16,Intermediate
S02047,5,82.69,85.07,100.0,100.0,77.63,100,96.91,83.53,61.9,0,96.07,91.94,Advanced
S02048,8,73.06,65.34,46.92,70.38,52.61,91.08,68.3,38.83,35.66,0,67.21,63.92,Advanced
S02049,9,41.38,41.02,57.13,51.07,87.57,92.05,60.29,38.87,27.06,2,92.0,47.65,Intermediate
S02050,6,40.56,43.11,53.28,28.96,83.77,89.22,74.63,44.23,4.23,1,85.87,41.48,Intermediate
S02051,3,31.82,58.58,54.12,42.74,57.94,88.96,69.28,45.48,47.91,2,59.19,46.82,Intermediate
S02052,6,54.09,40.78,50.09,48.91,62.48,76.8,54.46,47.88,37.39,1,87.78,48.47,Beginner
S02053,1,60.02,65.15,66.4,59.38,69.97,89.92,89.53,74.74,46.88,0,93.86,62.74,Advanced
S02054,4,55.86,59.91,59.93,68.65,82.91,81.9,57.47,54.47,41.51,0,89.21,61.09,Intermediate
S02055,1,52.65,43.43,31.04,18.9,73.56,78.45,57.16,17.84,23.37,3,87.7,36.5,Beginner
S02056,5,56.79,67.8,44.21,38.94,68.31,80.4,75.07,55.49,55.07,0,89.82,51.93,Intermediate
S02057,3,77.48,86.73,68.28,100.0,57.77,92.63,86.87,64.55,52.13,0,62.63,83.12,Advanced
S02058,7,71.57,90.11,60.0,71.38,42.29,81.87,88.12,71.39,56.05,0,69.12,73.27,Intermediate
S02059,6,63.85,74.52,66.5,62.72,52.86,96.29,85.48,83.04,49.24,0,82.67,66.9,Advanced
S02060,4,74.15,82.66,100.0,73.57,69.6,92.2,91.24,64.35,41.65,0,79.56,82.59,Advanced
S02061,5,35.13,43.77,30.05,57.87,67.99,95.2,54.25,33.21,20.5,0,48.15,41.7,Beginner
S02062,3,57.51,69.57,75.59,70.13,45.6,85.76,87.44,68.9,54.47,0,91.01,68.2,Intermediate
S02063,1,84.46,93.84,100.0,73.79,42.78,81.55,79.99,65.15,34.12,0,75.65,88.02,Advanced
S02064,1,52.9,48.89,42.07,30.7,79.85,76.51,59.83,22.47,28.07,0,98.21,43.64,Beginner
S02065,1,32.22,25.39,38.85,28.71,66.45,78.12,45.87,31.22,14.03,4,86.36,31.29,Beginner
S02066,5,59.9,45.02,48.29,67.27,55.22,86.21,73.59,51.33,40.69,0,76.22,55.12,Intermediate
S02067,7,100.0,100.0,100.0,100.0,64.61,86.32,100.0,93.19,64.53,1,99.9,100.0,Advanced
S02068,8,61.64,64.29,45.61,50.03,71.96,97.37,69.68,57.14,36.41,2,99.53,55.39,Intermediate
S02069,12,26.88,3.61,25.6,13.87,80.5,63.73,32.86,38.15,11.61,4,61.06,17.49,Beginner
S02070,2,65.99,79.04,41.28,56.31,54.38,100,78.09,47.16,42.41,0,76.41,60.66,Advanced
S02071,4,61.25,57.27,51.69,39.58,73.57,85.97,71.69,42.33,30.09,1,90.6,52.45,Intermediate
S02072,6,43.06,84.76,48.0,52.53,61.46,98.13,55.72,54.56,45.76,1,56.78,57.09,Intermediate
S02073,4,31.25,56.88,53.26,68.47,61.66,92.64,45.59,48.27,12.97,1,74.76,52.47,Intermediate
S02074,2,100.0,100.0,100.0,63.84,44.69,98.9,100.0,70.82,96.52,0,77.82,90.96,Advanced
S02075,4,54.71,73.86,67.98,68.84,69.48,94.62,62.78,40.76,39.64,0,72.34,66.35,Intermediate
S02076,3,35.01,17.86,27.96,49.35,82.02,84.23,49.88,42.22,9.19,2,67.19,32.55,Beginner
S02077,4,58.65,58.57,79.98,67.23,67.8,86.28,85.38,77.81,57.66,0,88.23,66.11,Advanced
S02078,1,100.0,74.65,98.87,100.0,41.93,85.33,100.0,94.41,57.69,0,81.36,93.38,Advanced
S02079,4,38.16,34.34,70.38,34.01,68.57,87.16,70.79,39.49,25.1,1,62.36,44.22,Intermediate
S02080,1,35.21,38.05,64.76,62.57,63.31,87.25,63.54,59.45,30.95,1,100.0,50.15,Intermediate
S02081,6,83.17,74.41,94.42,90.0,23.45,100,94.74,70.06,74.6,0,88.75,85.5,Advanced
S02082,4,22.86,12.39,30.54,43.11,75.39,79.6,47.85,29.67,4.34,2,85.01,27.22,Beginner
S02083,4,94.95,87.05,90.63,76.3,54.52,79.88,97.37,69.55,59.55,1,84.65,87.23,Advanced
S02084,6,72.08,81.27,59.81,82.26,64.54,86.13,89.97,79.25,53.69,0,85.71,73.85,Advanced
S02085,5,27.18,46.27,17.16,46.03,60.38,75.99,58.02,34.41,23.73,2,58.53,34.16,Beginner
S02086,2,35.56,32.0,35.08,42.34,62.88,75.66,55.57,31.77,15.22,2,90.14,36.24,Beginner
S02087,5,68.51,48.27,71.2,46.07,68.62,84.7,91.29,76.85,48.74,0,61.46,58.51,Advanced
S02088,6,57.09,40.87,36.65,48.98,65.49,64.73,57.99,50.3,37.77,1,69.04,45.9,Intermediate
S02089,1,39.64,47.08,45.8,57.18,55.49,73.68,55.64,61.06,32.44,0,84.02,47.42,Beginner
S02090,7,49.49,52.51,26.19,18.35,67.75,76.0,43.66,29.66,12.57,0,83.77,36.64,Beginner
S02091,5,96.84,100.0,100.0,83.78,31.52,100,100.0,99.92,67.83,0,91.35,95.16,Advanced
S02092,4,30.9,18.78,9.48,22.33,94.48,86.87,48.28,34.21,21.98,1,85.47,20.37,Beginner
S02093,1,54.78,58.6,44.71,53.43,76.09,75.46,55.13,37.44,40.05,1,77.55,52.88,Beginner
S02094,8,83.29,79.09,72.44,59.55,49.88,81.95,84.23,95.42,65.03,0,87.45,73.59,Advanced
S02095,6,92.68,74.62,93.02,80.24,55.9,100,73.15,66.66,58.44,0,69.01,85.14,Advanced
S02096,1,13.79,6.85,35.28,39.77,74.38,67.93,41.57,23.99,6.69,3,83.73,23.92,Beginner
S02097,5,55.13,58.81,59.14,74.49,40.97,76.9,92.2,54.38,46.83,0,92.97,61.89,Intermediate
S02098,2,100.0,87.26,94.42,100.0,41.98,87.62,100.0,99.1,79.81,1,81.04,95.42,Advanced
S02099,4,33.79,11.82,2.48,3.53,67.34,75.51,38.69,21.81,17.11,0,75.05,12.91,Beginner
S02100,4,51.94,59.45,67.31,55.53,62.25,82.58,97.77,46.03,67.25,0,95.82,58.56,Intermediate
S02101,6,82.41,81.84,93.79,74.8,38.75,92.39,100.0,83.22,97.67,1,83.83,83.21,Advanced
S02102,7,56.84,48.88,91.99,72.33,58.24,83.25,76.68,44.26,65.85,0,79.07,67.51,Advanced
S02103,1,38.32,60.86,23.74,54.18,68.21,80.61,57.49,37.45,19.93,3,46.18,44.27,Beginner
S02104,1,33.78,57.07,20.58,61.18,94.42,72.16,62.23,17.36,7.1,1,45.84,43.15,Beginner
S02105,1,49.59,41.82,42.76,36.73,81.43,75.2,63.26,60.41,26.49,0,90.81,42.72,Beginner
S02106,7,13.62,0.0,24.18,16.1,88.06,75.92,6.66,1.86,4.04,0,92.98,13.48,Beginner
S02107,4,70.34,64.25,63.41,100.0,48.66,100,89.04,81.82,37.32,0,72.29,74.5,Advanced
S02108,4,63.93,46.34,29.2,47.07,51.13,97.64,59.94,45.15,22.16,1,72.57,46.63,Intermediate
S02109,3,35.53,45.95,71.28,29.73,56.72,78.87,75.87,69.99,51.15,0,62.16,45.62,Intermediate
S02110,7,29.97,44.05,27.61,20.6,53.31,82.92,58.12,69.42,28.77,2,90.85,30.56,Intermediate
S02111,6,53.08,49.44,43.18,60.69,79.71,98.77,60.54,48.83,47.67,0,88.73,51.6,Intermediate
S02112,5,32.24,54.55,47.37,61.3,35.88,73.73,54.8,37.2,21.46,2,73.92,48.87,Intermediate
S02113,4,73.23,70.65,72.5,64.76,58.37,95.46,92.99,82.85,50.54,0,80.3,70.28,Advanced
S02114,2,72.57,75.9,79.21,71.57,41.4,86.35,77.4,54.65,56.87,0,97.22,74.81,Intermediate
S02115,2,36.38,66.62,49.29,53.16,71.84,90.87,64.27,39.55,27.54,1,70.37,51.36,Beginner
S02116,7,68.64,99.82,85.58,74.32,40.31,86.3,100.0,88.78,50.13,0,67.57,82.09,Advanced
S02117,2,27.17,18.45,29.89,36.17,64.41,91.25,71.11,42.74,28.9,0,87.21,27.92,Beginner
S02118,9,51.25,68.0,30.61,42.57,85.17,88.53,63.9,47.99,15.33,1,63.94,48.11,Beginner
S02119,5,54.09,64.38,70.61,46.77,73.17,81.66,52.6,49.87,30.62,0,80.65,58.96,Intermediate
S02120,7,53.65,43.79,47.12,49.56,86.07,75.74,49.97,30.23,28.57,0,98.92,48.53,Intermediate
S02121,6,65.83,61.93,46.81,84.89,53.71,89.99,92.38,57.37,54.41,0,70.04,64.87,Advanced
S02122,2,28.92,47.72,41.99,45.52,96.05,76.92,39.38,49.66,14.54,1,83.87,41.04,Intermediate
S02123,2,24.79,17.6,29.22,45.56,86.39,92.97,46.12,9.57,22.33,3,85.1,29.29,Beginner
S02124,5,41.76,48.12,44.88,52.19,89.92,94.85,66.83,41.26,53.51,2,92.97,46.74,Intermediate
S02125,5,15.94,11.36,26.13,31.45,99.42,63.46,33.02,19.71,15.64,1,84.61,21.22,Beginner
S02126,6,31.58,22.66,15.89,14.39,70.93,69.75,34.64,10.26,0.0,2,94.75,21.13,Beginner
S02127,10,55.47,50.92,61.09,58.54,66.45,88.63,57.25,48.48,36.58,2,100.0,56.5,Intermediate
S02128,3,59.45,61.79,62.78,81.57,85.16,81.17,88.9,74.78,59.58,0,85.08,66.4,Advanced
S02129,4,80.66,73.91,68.4,96.98,52.3,100,100.0,65.1,61.97,0,76.72,79.99,Advanced
S02130,3,40.79,57.83,35.21,44.46,73.64,88.08,60.72,47.8,29.97,0,87.3,44.57,Intermediate
S02131,5,84.9,88.88,73.57,75.81,81.85,95.57,85.28,80.69,60.46,0,94.92,80.79,Advanced
S02132,2,22.64,16.24,47.58,41.16,65.7,84.18,51.32,25.86,37.67,2,86.86,31.91,Beginner
S02133,2,65.94,62.89,67.33,80.7,68.42,89.84,81.58,69.31,37.83,0,90.33,69.21,Intermediate
S02134,4,25.71,22.79,19.45,20.78,100.1,83.09,46.03,41.3,0.0,2,98.26,22.18,Beginner
S02135,2,54.46,36.99,44.85,43.81,62.06,91.58,53.63,41.41,41.07,2,86.29,45.03,Intermediate
S02136,2,47.02,48.45,54.41,20.45,67.94,84.96,53.57,23.05,8.84,1,78.46,42.58,Intermediate
S02137,3,58.58,59.5,80.57,48.06,61.69,94.93,84.64,65.9,41.74,0,87.83,61.68,Advanced
S02138,5,64.2,82.66,68.77,68.91,54.94,99.38,85.33,73.93,73.13,0,78.07,71.14,Advanced
S02139,3,77.56,93.37,89.08,71.1,44.69,88.16,100.0,89.82,61.81,0,73.62,82.78,Advanced
S02140,3,80.5,58.56,72.45,35.54,64.32,95.03,73.36,53.3,20.64,0,47.19,61.76,Intermediate
S02141,2,82.98,82.32,80.8,63.48,68.47,82.53,99.51,79.35,89.19,0,96.42,77.39,Advanced
S02142,2,63.07,58.78,53.55,28.16,77.89,100,57.86,41.68,23.78,3,85.9,50.89,Intermediate
S02143,7,50.67,61.35,82.82,69.54,38.21,98.46,65.15,68.87,60.83,0,77.01,66.1,Advanced
S02144,1,73.55,59.34,98.6,72.98,68.35,86.74,77.39,56.14,37.41,1,67.7,76.12,Advanced
S02145,7,61.12,63.9,61.53,61.82,74.16,100,70.09,44.21,55.96,0,85.06,62.09,Intermediate
S02146,1,43.55,56.26,55.6,62.78,53.54,94.13,60.94,37.66,25.96,0,80.48,54.55,Intermediate
S02147,2,55.47,29.53,22.01,24.53,66.15,78.17,73.88,51.34,32.91,2,69.18,32.89,Beginner
S02148,4,85.13,54.82,73.4,34.18,51.85,88.74,67.81,55.07,27.36,1,45.72,61.88,Intermediate
S02149,2,63.18,86.95,85.79,81.17,56.07,88.47,92.36,89.08,67.24,0,78.74,79.27,Advanced
S02150,7,100.0,98.96,80.23,86.91,54.76,91.48,100.0,91.38,71.72,0,100.0,91.52,Advanced
S02151,2,74.72,90.49,75.69,82.72,33.23,96.13,100.0,75.27,76.1,0,78.82,80.9,Advanced
S02152,4,54.16,45.32,31.17,39.37,58.83,80.65,51.99,56.91,0.29,2,86.94,42.51,Beginner
S02153,4,70.16,38.41,54.69,38.31,61.48,75.89,67.08,46.07,34.81,0,61.34,50.39,Beginner
S02154,6,52.74,50.43,29.77,53.61,59.69,96.25,53.0,52.41,26.68,0,86.43,46.64,Intermediate
S02155,4,27.92,41.74,41.42,28.31,88.07,89.19,42.11,36.62,13.24,0,86.15,34.85,Beginner
S02156,3,100.0,96.41,100.0,100.0,18,94.6,100.0,90.13,86.72,1,100.0,99.1,Advanced
S02157,4,86.39,78.09,78.51,90.26,62.62,82.42,82.65,95.24,84.86,0,82.28,83.31,Advanced
S02158,3,63.9,52.71,61.9,60.23,51.0,90.82,98.28,75.27,54.39,1,79.32,59.68,Advanced
S02159,6,53.7,44.32,55.53,51.47,55.65,79.32,63.04,40.94,13.26,3,94.24,51.26,Intermediate
S02160,3,26.64,21.71,50.08,7.71,79.96,80.58,51.29,39.13,21.57,2,65.39,26.54,Beginner
S02161,1,29.15,48.45,42.17,28.77,84.41,86.65,58.28,25.0,0.0,1,76.14,37.14,Beginner
S02162,2,77.67,78.24,37.38,42.57,73.93,75.66,92.24,47.03,40.93,0,99.66,58.96,Intermediate
S02163,2,61.63,28.88,53.99,23.02,100.38,76.77,51.33,18.38,29.31,0,45.29,41.88,Intermediate
S02164,4,79.71,100.0,100.0,81.33,55.15,100,100.0,98.71,64.37,0,71.67,90.26,Advanced
S02165,3,32.98,44.75,29.19,49.67,60.11,71.25,68.06,31.4,33.99,2,77.46,39.15,Beginner
S02166,5,18.88,30.41,22.49,16.14,73.14,84.31,42.62,27.86,15.13,0,80.25,21.98,Beginner
S02167,8,100.0,77.12,75.85,85.95,42.33,93.76,87.66,90.21,52.31,0,66.49,84.73,Advanced
S02168,9,53.88,59.69,93.61,74.25,70.46,89.52,87.27,63.72,59.31,0,83.53,70.36,Advanced
S02169,5,52.58,21.46,42.27,49.15,91.27,82.31,51.23,44.24,25.83,0,62.83,41.36,Intermediate
S02170,5,58.55,55.49,66.93,63.52,71.96,77.93,48.46,58.73,52.3,0,100.0,61.12,Intermediate
S02171,5,51.13,86.26,79.52,87.0,64.34,84.28,96.42,75.99,53.34,0,59.14,75.98,Advanced
S02172,6,94.63,97.51,100.0,87.84,48.54,85.24,94.49,87.45,66.58,1,80.98,94.99,Advanced
S02173,2,50.23,51.09,38.11,52.73,61.25,79.08,64.09,45.23,38.27,2,89.77,48.04,Intermediate
S02174,1,43.98,28.1,14.65,49.95,69.13,78.51,55.05,48.58,38.85,0,77.07,34.17,Beginner
S02175,8,63.37,78.69,100.0,77.64,53.65,88.64,89.52,73.53,55.74,0,72.26,79.92,Advanced
S02176,4,66.72,88.07,76.86,74.3,47.6,100,91.87,64.46,65.26,0,65.71,76.49,Advanced
S02177,4,79.98,99.04,93.22,89.91,73.96,76.94,100.0,87.66,84.57,0,77.7,90.54,Advanced
S02178,6,48.72,52.27,60.8,86.74,54.4,93.24,85.4,65.34,63.5,0,89.34,62.13,Advanced
S02179,3,50.76,36.1,45.17,52.81,78.09,85.52,43.55,41.64,29.93,1,81.67,46.21,Beginner
S02180,5,44.31,53.51,63.85,69.61,72.94,66.93,70.72,58.75,30.49,0,77.38,57.82,Intermediate
S02181,5,57.81,61.31,70.28,62.2,87.26,91.14,80.58,56.19,35.8,0,93.66,62.9,Advanced
S02182,1,66.78,50.88,43.04,43.11,68.8,90.78,57.35,48.77,42.29,1,85.28,50.95,Intermediate
S02183,1,24.46,0.0,2.26,39.94,99.5,81.37,31.03,30.39,10.6,1,48.84,16.66,Beginner
S02184,1,24.68,10.96,26.64,74.51,73.74,78.89,67.14,44.23,18.28,1,69.23,34.19,Beginner
S02185,6,76.18,73.49,53.86,59.04,55.31,100,78.88,83.59,46.86,0,97.57,65.64,Advanced
S02186,1,53.93,77.7,74.23,75.81,55.78,98.43,81.09,65.0,43.59,0,76.57,70.41,Advanced
S02187,3,64.91,51.54,78.32,52.45,87.29,75.58,73.17,67.45,40.94,0,72.13,61.8,Advanced
S02188,3,72.4,53.15,61.86,77.01,34.46,88.95,94.26,82.53,64.84,0,56.18,66.1,Advanced
S02189,3,47.54,43.83,49.07,53.04,58.56,78.22,58.68,57.53,34.86,0,100.0,48.37,Intermediate
S02190,8,59.93,56.75,50.89,49.19,76.29,95.56,64.46,50.95,36.36,0,89.83,54.19,Intermediate
S02191,5,54.71,71.43,39.76,54.05,76.54,85.83,73.42,51.78,48.48,0,55.41,54.99,Intermediate
S02192,6,46.2,41.76,66.52,74.78,67.51,97.37,85.63,62.15,52.94,1,82.81,57.32,Advanced
S02193,7,28.71,11.6,31.44,16.53,98.18,76.97,47.73,17.94,0.0,3,67.33,22.07,Beginner
S02194,3,69.01,71.81,88.45,96.43,54.43,94.12,88.89,93.67,66.64,0,97.41,81.43,Advanced
S02195,4,58.75,100.0,85.82,81.57,46.39,82.74,97.16,76.36,61.23,0,47.15,81.53,Advanced
S02196,10,54.94,69.78,49.35,41.45,51.35,84.26,70.23,36.55,50.97,0,76.81,53.88,Intermediate
S02197,2,62.25,37.4,41.79,46.05,55.55,76.89,58.76,26.12,39.92,0,63.14,46.87,Intermediate
S02198,3,87.29,71.94,58.77,54.31,46.34,100,77.94,75.1,51.53,0,96.7,68.08,Advanced
S02199,1,73.03,81.3,72.02,77.13,54.62,93.38,86.86,50.91,52.98,1,92.24,75.87,Advanced
S02200,2,39.67,42.78,35.75,57.73,68.75,76.97,67.72,33.67,8.95,1,83.83,43.98,Intermediate
S02201,2,55.85,64.91,51.91,55.31,67.23,84.57,64.79,53.64,24.17,1,85.95,56.99,Intermediate
S02202,6,43.78,32.4,18.21,43.02,61.62,82.93,40.29,36.99,30.96,1,68.71,34.35,Beginner
S02203,1,67.82,29.16,57.04,54.54,88.3,92.33,63.97,50.23,57.93,0,55.33,52.14,Intermediate
S02204,6,64.92,53.44,83.87,55.08,48.81,88.91,63.97,52.95,43.05,1,76.3,64.33,Intermediate
S02205,10,46.3,45.54,51.71,35.97,68.88,86.59,66.38,46.36,42.86,0,90.35,44.88,Intermediate
S02206,6,42.66,50.01,49.18,30.21,98.11,63.95,59.69,36.64,25.2,1,81.12,43.02,Beginner
S02207,1,21.1,15.64,25.41,61.68,88.07,74.95,55.01,30.03,9.26,0,79.75,30.96,Beginner
S02208,1,49.58,44.82,59.82,50.45,80.43,80.95,45.55,46.18,22.56,2,95.15,51.17,Intermediate
S02209,3,64.3,74.02,49.81,62.21,76.1,81.73,51.57,31.7,55.86,0,96.72,62.59,Intermediate
S02210,2,74.46,55.09,66.95,84.98,79.65,99.69,89.01,79.79,50.68,0,64.93,70.37,Advanced
S02211,2,63.55,52.07,80.87,84.32,74.34,89.66,92.35,64.34,40.25,1,80.45,70.2,Advanced
S02212,1,81.86,100.0,100.0,100.0,45.42,100,100.0,97.97,65.06,0,89.53,95.47,Advanced
S02213,5,41.33,56.92,49.85,60.27,62.84,80.41,67.25,62.34,35.9,2,80.52,52.09,Intermediate
S02214,4,77.59,93.5,73.89,74.14,48.92,95.94,90.61,57.2,43.39,0,86.34,79.78,Advanced
S02215,9,55.4,44.56,34.15,46.38,79.45,78.04,76.21,49.65,39.3,2,83.29,45.12,Intermediate
S02216,7,57.23,79.57,37.33,43.67,98.39,77.51,84.9,47.6,40.75,1,79.07,54.45,Intermediate
S02217,2,55.19,75.57,45.77,63.13,53.64,97.92,72.22,78.5,50.47,2,72.31,59.92,Advanced
S02218,4,86.94,64.53,93.79,93.44,47.01,90.1,87.22,84.94,66.67,0,89.76,84.67,Advanced
S02219,1,77.95,74.08,75.15,70.61,35.41,94.07,98.17,77.21,67.55,0,100.0,74.45,Advanced
S02220,7,25.96,43.45,40.78,41.46,68.64,85.63,44.52,44.73,37.63,1,87.52,37.91,Intermediate
S02221,1,75.99,72.3,56.24,43.45,72.62,100,92.32,77.41,44.92,0,82.54,62.0,Advanced
S02222,3,78.66,79.47,79.73,51.07,50.28,89.39,71.17,75.83,42.15,0,76.7,72.23,Advanced
S02223,10,75.55,75.91,71.21,85.61,47.47,73.08,72.65,87.43,55.09,0,90.54,77.07,Advanced
S02224,9,44.41,66.39,73.66,39.27,69.77,88.95,92.42,55.25,36.59,0,48.91,55.93,Intermediate
S02225,4,86.82,73.96,96.44,74.14,48.99,92.5,100.0,60.22,75.78,0,74.37,82.84,Advanced
S02226,6,32.83,41.77,10.97,41.58,66.64,71.19,43.82,41.28,19.79,2,78.76,31.79,Beginner
S02227,2,29.21,33.12,48.18,76.03,57.98,90.25,51.0,39.4,13.5,1,92.61,46.64,Beginner
S02228,5,67.24,57.62,36.92,25.57,43.21,89.38,73.52,50.36,41.73,0,74.33,46.84,Intermediate
S02229,3,90.06,71.65,84.06,83.81,56.25,88.48,81.63,78.47,71.92,1,75.43,82.39,Advanced
S02230,6,59.65,65.03,87.2,65.26,47.76,84.85,100.0,75.19,66.66,0,84.23,69.28,Intermediate
S02231,7,45.48,55.35,42.39,65.43,77.46,77.75,69.42,40.03,22.85,0,79.31,52.16,Intermediate
S02232,3,59.28,53.55,50.21,70.45,39.46,92.68,78.16,48.39,30.21,1,83.64,58.37,Intermediate
S02233,1,37.97,37.28,37.16,44.26,60.81,73.71,73.37,45.19,37.44,0,100.0,39.16,Beginner
S02234,5,14.95,49.74,56.36,37.83,86.7,85.52,56.34,56.6,28.42,2,58.62,39.72,Intermediate
S02235,3,77.52,60.85,63.99,73.11,56.54,82.64,84.87,61.25,36.75,1,80.35,68.87,Advanced
S02236,6,93.9,80.98,94.36,95.94,73.13,93.33,100.0,89.98,58.25,0,82.58,91.29,Advanced
S02237,4,95.91,100.0,83.7,92.73,38.09,96.77,100.0,99.61,76.64,0,74.66,93.09,Advanced
S02238,6,81.14,62.91,92.72,100.0,50.65,87.73,89.37,86.5,63.05,0,75.8,84.19,Advanced
S02239,2,39.12,26.43,35.67,38.67,75.21,89.69,65.11,32.49,26.7,1,87.73,34.97,Beginner
S02240,7,50.24,50.32,58.59,66.25,56.81,79.91,66.47,71.53,34.74,0,89.01,56.35,Intermediate
S02241,5,35.96,29.45,24.59,44.65,81.59,68.39,41.16,42.83,11.85,0,72.91,33.66,Beginner
S02242,3,94.63,64.2,75.24,71.16,41.52,86.76,94.91,64.06,30.85,0,69.76,76.31,Intermediate
S02243,2,78.14,63.07,72.16,70.0,29.96,81.38,85.17,77.74,30.93,0,68.42,70.84,Advanced
S02244,7,89.57,88.27,97.5,70.35,57.9,100,90.84,81.33,82.96,0,84.99,86.42,Advanced
S02245,3,50.92,57.85,64.63,44.4,58.99,71.29,51.45,56.64,43.01,0,64.39,54.45,Intermediate
S02246,5,70.58,58.43,59.98,70.13,47.23,73.49,75.75,65.77,39.05,0,82.89,64.78,Intermediate
S02247,1,64.59,70.46,77.56,75.07,57.89,81.0,67.37,74.02,67.66,0,100.0,71.92,Advanced
S02248,1,60.58,49.65,84.65,56.36,57.54,86.34,90.49,78.21,52.57,1,77.02,62.81,Advanced
S02249,5,54.62,45.53,59.43,72.75,49.43,79.05,57.37,54.02,21.45,0,85.89,58.08,Intermediate
S02250,4,82.21,83.85,100.0,73.34,41.01,88.26,98.56,94.24,100.0,0,82.45,84.85,Advanced
S02251,3,84.01,83.37,100.0,98.11,47.29,86.09,100.0,100.0,88.11,0,95.55,91.37,Advanced
S02252,2,37.84,19.11,16.98,8.81,73.68,76.95,52.56,40.74,27.82,1,74.76,20.69,Beginner
S02253,1,66.56,56.83,51.23,53.39,77.64,85.31,84.38,45.85,41.05,1,69.25,57.0,Intermediate
S02254,4,62.81,92.62,80.11,63.31,57.93,94.25,77.79,73.84,56.4,0,47.86,74.71,Advanced
S02255,3,71.14,54.35,39.84,71.63,81.41,89.18,61.11,72.04,38.64,0,73.65,59.24,Advanced
S02256,3,64.41,64.22,78.85,56.65,59.44,93.49,57.79,55.86,45.92,0,82.28,66.03,Advanced
S02257,4,52.11,41.27,49.64,52.15,72.35,98.79,72.03,56.14,57.43,0,89.9,48.79,Intermediate
S02258,5,87.94,100.0,100.0,77.15,45.21,95.31,100.0,100.0,90.27,0,53.62,91.27,Advanced
S02259,1,66.13,86.29,72.98,68.03,67.63,88.24,80.1,77.91,49.27,1,62.59,73.36,Advanced
S02260,3,49.17,27.09,53.98,55.17,76.18,84.55,58.43,42.63,21.25,1,74.14,46.35,Beginner
S02261,1,33.67,56.03,57.39,33.91,91.65,87.61,49.25,38.37,25.75,2,65.69,45.25,Beginner
S02262,3,38.95,52.52,55.24,64.6,89.53,74.74,63.46,57.88,30.6,0,74.17,52.83,Beginner
S02263,1,58.24,46.18,36.36,36.65,43.73,82.0,70.55,48.13,52.49,1,83.7,44.36,Intermediate
S02264,2,100.0,90.48,100.0,100.0,32.63,98.85,100.0,100.0,77.07,0,90.6,97.62,Advanced
S02265,1,63.59,70.09,77.45,75.56,74.89,93.43,100.0,93.02,70.59,0,90.94,71.68,Advanced
S02266,1,61.22,51.62,33.26,62.37,70.56,100,72.61,45.24,74.45,2,72.63,52.12,Intermediate
S02267,8,50.15,75.98,67.85,34.03,66.26,84.42,91.49,67.39,46.08,3,48.8,57.0,Advanced
S02268,5,78.73,89.7,91.49,100.0,51.3,94.58,99.48,62.72,65.62,0,87.35,89.98,Advanced
S02269,9,90.15,94.5,81.71,94.03,44.14,93.73,100.0,75.5,40.11,0,94.48,90.09,Advanced
S02270,2,44.47,69.09,42.38,36.8,64.87,89.57,71.26,34.5,39.37,0,75.4,48.18,Beginner
S02271,7,45.7,14.63,26.49,10.65,86.36,70.77,55.3,23.3,18.49,1,62.23,24.37,Beginner
S02272,9,48.87,40.16,41.67,75.33,72.69,98.4,73.09,55.08,55.69,0,73.44,51.51,Intermediate
S02273,2,77.62,83.89,67.43,74.87,70.75,93.51,77.33,68.46,49.26,0,88.47,75.96,Advanced
S02274,3,82.6,100.0,96.65,100.0,43.72,96.88,95.99,73.4,68.91,1,69.44,94.81,Advanced
S02275,9,85.96,76.65,77.82,81.4,75.22,100,88.3,82.95,47.54,0,82.09,80.46,Advanced
S02276,3,21.52,40.32,45.64,55.95,73.45,86.73,65.85,46.55,9.71,1,74.15,40.85,Intermediate
S02277,3,43.32,70.87,37.65,77.55,69.3,100,70.01,58.29,60.43,0,37.8,57.35,Intermediate
S02278,5,69.99,45.35,51.45,66.74,65.5,96.03,79.59,54.67,34.1,0,72.13,58.38,Intermediate
S02279,7,72.81,73.49,42.37,61.73,48.66,100,88.22,73.54,54.88,0,97.66,62.6,Advanced
S02280,2,73.55,73.29,78.05,72.97,50.47,86.49,93.63,73.37,75.18,0,98.32,74.47,Advanced
S02281,3,62.48,69.83,43.57,72.82,66.25,78.5,85.31,94.08,62.08,0,80.85,62.18,Advanced
S02282,4,66.91,68.75,90.75,57.49,49.02,100,74.42,63.3,42.54,0,72.81,70.97,Advanced
S02283,3,57.54,59.39,63.22,97.1,59.61,89.74,70.29,61.93,32.97,0,75.44,69.31,Advanced
S02284,2,81.97,60.63,91.34,50.39,60.14,71.93,73.68,86.79,68.56,0,59.56,71.08,Advanced
S02285,2,44.0,62.97,63.88,55.78,51.66,100,74.43,50.68,57.79,0,71.22,56.66,Intermediate
S02286,4,47.76,22.0,43.97,28.58,91.35,82.2,51.35,24.87,12.25,0,63.48,35.58,Beginner
S02287,6,54.97,58.04,23.17,43.36,69.76,79.22,59.88,47.48,15.45,1,81.73,44.88,Beginner
S02288,2,79.98,48.05,57.53,47.01,78.21,95.21,54.67,74.89,38.49,0,67.35,58.14,Intermediate
S02289,8,17.24,46.66,49.27,52.24,71.2,77.08,54.04,38.86,26.05,2,59.68,41.35,Beginner
S02290,3,47.84,43.41,67.97,35.48,74.56,79.76,65.22,70.61,29.58,0,79.99,48.68,Intermediate
S02291,5,79.78,90.5,100.0,100.0,46.83,94.76,100.0,95.83,64.62,0,94.43,92.57,Advanced
S02292,4,60.75,62.62,68.63,92.85,70.14,84.16,91.06,47.6,53.25,0,99.71,71.21,Intermediate
S02293,4,48.92,58.73,44.54,58.01,66.67,85.69,65.55,30.19,26.95,2,83.45,52.55,Beginner
S02294,8,54.41,51.76,60.07,71.4,78.74,84.94,64.56,70.13,59.05,0,100.0,59.41,Advanced
S02295,3,75.56,43.19,59.73,60.17,66.79,88.38,79.21,81.51,53.06,0,64.23,59.66,Advanced
S02296,5,49.05,40.05,27.81,25.58,91.58,86.06,60.27,24.64,23.4,1,89.53,35.62,Beginner
S02297,8,39.85,66.29,34.01,34.88,60.14,90.41,59.49,55.57,24.33,0,75.12,43.76,Intermediate
S02298,3,77.02,98.1,71.3,67.42,43.0,92.26,97.6,71.91,51.72,0,73.91,78.46,Advanced
S02299,4,97.24,63.44,56.06,61.4,66.85,84.66,93.58,73.24,75.49,0,61.99,69.53,Advanced
S02300,1,53.76,72.25,41.37,60.44,62.38,84.16,91.3,70.28,66.54,0,69.53,56.95,Intermediate
S02301,10,35.69,38.81,61.0,22.06,69.36,81.94,51.63,45.02,20.34,0,62.91,39.39,Beginner
S02302,5,68.0,69.81,40.69,58.43,58.81,86.34,74.18,72.71,56.17,0,99.91,59.23,Advanced
S02303,2,35.46,53.25,34.3,28.2,57.09,80.08,51.13,50.59,26.74,1,88.43,37.8,Beginner
S02304,5,88.03,65.82,60.51,80.44,54.27,100,88.19,75.32,54.44,0,75.47,73.7,Advanced
S02305,2,98.0,66.5,86.5,79.85,50.79,84.57,76.38,84.22,66.22,1,52.54,82.71,Advanced
S02306,1,86.72,83.98,82.85,90.52,43.39,86.05,100.0,75.32,91.64,0,100.0,86.02,Advanced
S02307,1,8.48,11.46,31.71,28.32,82.1,71.85,31.6,32.17,5.26,1,94.96,19.99,Beginner
S02308,8,70.66,42.24,45.84,32.96,58.53,94.07,70.46,53.65,42.6,1,66.71,47.93,Intermediate
S02309,1,100.0,100.0,99.53,97.85,29.01,98.15,100.0,88.22,81.35,0,100.0,99.35,Advanced
S02310,7,20.46,8.64,28.33,14.17,68.93,89.96,21.16,0.0,0.0,1,84.26,17.9,Beginner
S02311,5,63.82,72.0,65.14,55.95,59.84,80.35,61.88,61.62,29.36,1,95.86,64.23,Intermediate
S02312,9,33.34,52.0,74.38,71.56,66.46,82.63,55.07,33.9,45.32,0,79.38,57.82,Intermediate
S02313,4,46.06,55.71,29.44,12.58,69.77,99.27,59.89,42.88,18.52,2,86.29,35.95,Beginner
S02314,4,72.27,61.31,78.51,93.43,30.68,91.36,86.35,68.24,61.99,0,82.11,76.38,Advanced
S02315,5,15.74,27.96,30.94,36.01,71.42,80.34,48.27,47.13,26.04,1,81.11,27.66,Beginner
S02316,8,62.3,62.27,67.34,58.88,73.01,93.68,63.69,56.38,59.74,0,92.97,62.7,Advanced
S02317,3,54.22,73.78,48.08,40.7,49.04,89.29,60.9,39.17,39.56,0,73.53,54.2,Intermediate
S02318,1,32.62,41.15,73.33,40.81,80.04,74.35,60.43,66.87,35.58,0,63.89,46.98,Intermediate
S02319,1,71.47,100.0,80.53,100.0,50.18,80.37,100.0,100.0,75.17,0,65.02,88.0,Advanced
S02320,4,50.87,70.05,52.35,78.62,52.41,85.85,69.47,58.0,44.12,0,64.72,62.97,Intermediate
S02321,3,45.19,38.7,27.4,31.52,77.02,74.8,42.61,35.27,27.21,4,80.25,35.7,Beginner
S02322,3,63.3,45.72,44.59,74.91,36.55,100,74.06,77.67,47.52,0,68.17,57.13,Advanced
S02323,2,55.83,31.52,57.54,61.25,76.9,75.12,67.37,48.21,44.2,1,80.05,51.54,Intermediate
S02324,8,50.08,59.22,64.34,81.22,77.26,79.45,59.44,42.98,36.95,1,75.82,63.72,Intermediate
S02325,4,43.88,32.85,27.61,43.53,62.49,77.03,63.83,41.39,38.22,0,84.41,36.97,Beginner
S02326,9,48.25,58.41,25.66,49.49,74.99,83.86,66.39,57.64,49.98,0,80.87,45.46,Intermediate
S02327,1,96.01,100.0,100.0,92.24,33.5,100,100.0,94.86,90.21,1,92.46,97.06,Advanced
S02328,1,32.68,19.63,20.88,20.52,74.93,95.16,30.18,44.38,10.06,1,85.02,23.43,Beginner
S02329,1,59.72,65.36,77.0,48.41,58.09,95.17,56.3,54.8,47.71,1,78.48,62.62,Intermediate
S02330,2,60.53,47.41,41.05,49.39,56.66,83.04,64.09,33.92,9.3,1,82.81,49.6,Intermediate
S02331,7,68.13,66.08,63.69,100.0,58.88,81.38,68.5,59.83,40.09,1,87.44,74.47,Intermediate
S02332,3,31.69,70.78,43.01,70.43,70.24,95.36,60.93,59.49,34.86,1,40.35,53.98,Intermediate
S02333,2,72.21,57.05,71.18,52.74,56.27,82.11,88.87,64.22,67.97,0,78.89,63.3,Intermediate
S02334,4,60.07,76.63,54.29,47.73,71.51,88.17,88.62,68.22,14.13,0,64.68,59.68,Intermediate
S02335,6,35.72,33.5,17.82,34.57,69.87,95.0,39.78,34.52,15.11,2,83.55,30.4,Beginner
S02336,9,63.8,67.63,84.32,82.75,46.79,100,82.96,64.61,53.61,2,98.65,74.62,Advanced
S02337,1,59.4,46.82,52.1,47.56,84.76,90.16,69.75,50.44,37.67,1,84.0,51.47,Intermediate
S02338,4,89.81,64.31,56.64,92.12,60.34,99.54,85.23,80.85,56.37,0,57.44,75.72,Advanced
S02339,3,81.82,72.53,56.85,74.83,69.4,89.92,81.49,52.2,54.77,0,80.87,71.51,Intermediate
S02340,1,18.14,39.05,37.9,30.73,84.52,93.03,51.46,47.21,25.06,0,72.09,31.45,Beginner
S02341,3,48.45,63.36,49.18,42.63,80.93,100,55.41,58.6,39.09,1,79.64,50.91,Intermediate
S02342,9,64.61,67.98,47.79,81.76,64.29,93.99,84.76,72.04,43.26,0,63.16,65.54,Advanced
S02343,6,27.05,15.63,22.64,21.29,91.82,72.14,21.85,11.99,7.57,1,88.89,21.65,Beginner
S02344,3,68.36,67.89,88.69,69.18,58.26,90.46,85.39,56.1,54.66,0,90.83,73.53,Advanced
S02345,3,70.75,56.73,51.09,64.54,60.03,91.1,83.85,70.14,29.94,1,81.17,60.78,Advanced
S02346,4,51.87,46.95,33.26,62.51,74.71,83.78,59.7,42.9,28.57,1,94.78,48.65,Intermediate
S02347,4,76.33,74.98,71.56,81.86,45.18,98.79,85.49,65.88,49.84,4,90.94,76.18,Advanced
S02348,5,28.08,26.28,48.02,50.72,61.71,100,52.21,27.1,27.79,0,97.51,38.27,Intermediate
S02349,5,92.21,83.88,100.0,90.57,36.54,86.06,100.0,87.89,80.29,0,74.47,91.67,Advanced
S02350,1,30.86,27.51,34.83,18.08,96.42,83.07,44.28,35.5,18.08,0,97.05,27.82,Beginner
S02351,1,50.16,32.26,47.16,23.68,68.45,71.59,44.54,41.99,36.34,1,59.51,38.31,Beginner
S02352,7,84.94,84.3,94.23,98.79,44.81,96.41,81.06,84.96,68.26,0,100.0,90.57,Advanced
S02353,2,40.58,17.77,23.02,31.05,48.53,85.99,49.76,55.63,13.1,1,70.3,28.11,Beginner
S02354,2,71.37,60.67,65.3,71.07,61.64,92.6,61.78,71.36,75.94,0,79.87,67.1,Advanced
S02355,7,15.14,0.0,8.12,11.62,109.58,78.38,8.58,0.0,0.0,4,76.52,8.72,Beginner
S02356,7,55.57,83.79,81.85,91.05,52.94,94.93,99.96,69.36,65.08,0,64.74,78.07,Advanced
S02357,5,51.49,61.97,58.82,39.17,51.78,90.14,71.97,65.02,43.27,0,80.65,52.86,Intermediate
S02358,3,53.67,56.86,49.95,35.53,68.98,90.7,71.3,58.21,44.02,0,83.07,49.0,Intermediate
S02359,5,19.47,21.92,43.16,26.73,88.95,87.59,43.96,30.1,40.25,2,84.41,27.82,Beginner
S02360,7,41.18,59.09,31.32,50.63,47.63,91.39,79.21,69.62,39.65,0,72.05,45.56,Intermediate
S02361,7,80.62,73.14,77.81,70.45,83.64,92.96,95.5,67.15,64.18,0,95.1,75.5,Advanced
S02362,6,14.52,38.33,40.53,34.98,67.44,78.91,55.15,35.45,35.04,0,75.36,32.09,Intermediate
S02363,4,70.59,61.91,73.41,49.5,67.04,86.48,61.31,69.11,40.31,0,67.28,63.85,Intermediate
S02364,4,45.71,67.91,61.15,47.96,79.27,91.1,53.06,68.97,32.5,0,70.9,55.68,Intermediate
S02365,2,79.11,61.72,71.08,69.86,62.42,91.82,86.63,89.13,17.88,0,92.69,70.44,Advanced
S02366,6,46.62,38.03,62.35,55.98,65.35,90.62,29.2,29.45,38.42,2,98.92,50.75,Intermediate
S02367,2,67.3,93.97,100.0,88.42,53.68,90.42,100.0,97.23,77.85,0,54.73,87.42,Advanced
S02368,1,59.36,50.09,80.68,71.89,51.77,100,70.77,66.46,38.46,0,86.57,65.5,Advanced
S02369,1,87.99,70.49,71.9,58.65,69.84,94.33,87.1,63.9,65.91,0,80.82,72.26,Advanced
S02370,6,80.79,82.27,52.27,63.15,36.02,100,94.2,56.71,44.02,0,87.28,69.62,Advanced
S02371,6,46.09,64.48,67.44,30.25,70.65,90.88,49.26,41.05,45.78,0,69.87,52.06,Intermediate
S02372,4,66.45,46.18,32.86,48.52,83.36,89.86,43.82,54.43,28.84,0,74.59,48.5,Intermediate
S02373,5,81.86,76.86,64.01,73.91,58.65,80.12,90.44,39.78,49.73,0,91.6,74.16,Intermediate
S02374,3,48.53,58.66,72.95,62.06,52.41,87.38,73.44,58.93,47.76,2,90.37,60.55,Intermediate
S02375,1,21.21,25.52,63.17,22.83,93.29,77.14,38.72,25.05,11.49,3,69.35,33.18,Beginner
S02376,7,56.15,42.95,47.39,38.98,61.45,95.73,60.69,42.11,42.71,1,81.97,46.37,Intermediate
S02377,5,70.09,57.65,63.82,42.97,57.68,77.18,65.07,61.76,30.96,1,74.03,58.63,Intermediate
S02378,5,37.74,43.36,39.9,49.95,82.75,95.45,59.78,24.09,14.57,1,92.36,42.74,Beginner
S02379,9,55.55,72.65,57.4,56.86,65.43,98.58,64.96,56.06,56.84,0,85.37,60.62,Intermediate
S02380,2,55.65,53.86,29.26,56.08,51.89,92.6,59.77,55.06,41.69,0,86.2,48.71,Intermediate
S02381,6,61.09,46.81,29.83,55.79,79.29,95.31,62.76,59.33,33.37,0,69.98,48.38,Intermediate
S02382,1,34.97,39.02,26.65,55.29,81.95,69.5,59.84,42.27,21.33,1,80.88,38.99,Beginner
S02383,1,71.09,68.23,88.0,86.76,48.57,98.82,89.28,74.49,53.96,0,92.08,78.52,Advanced
S02384,4,59.65,64.53,71.15,63.4,63.73,80.64,76.57,49.75,33.4,0,100.0,64.68,Advanced
S02385,7,66.4,80.81,75.29,80.8,49.66,93.64,87.53,66.23,49.38,0,81.4,75.83,Advanced
S02386,6,57.5,99.47,83.49,88.71,42.53,97.86,82.96,85.73,61.35,0,48.16,82.29,Advanced
S02387,8,37.71,16.52,24.31,18.98,73.73,83.26,57.8,30.48,0.0,3,71.39,24.38,Beginner
S02388,4,72.91,82.15,91.01,78.02,61.41,100,88.69,74.25,69.22,0,84.48,81.02,Advanced
S02389,3,27.1,27.49,22.25,47.3,101.22,89.17,57.98,9.45,27.03,3,84.11,31.03,Beginner
S02390,1,54.9,83.95,70.04,68.97,50.01,97.43,95.06,65.35,53.28,0,61.98,69.46,Advanced
S02391,3,70.1,46.81,52.32,52.3,75.95,97.05,80.15,57.11,66.94,0,75.73,55.38,Advanced
S02392,5,67.51,76.17,74.09,63.59,59.07,98.4,96.32,59.75,63.5,1,93.38,70.34,Advanced
S02393,7,60.23,59.51,60.81,39.01,47.39,78.96,57.84,52.63,33.52,1,95.28,54.89,Intermediate
S02394,1,36.06,22.96,20.53,36.26,77.16,80.21,58.26,26.55,0.0,0,77.02,28.95,Beginner
S02395,4,73.34,70.22,74.28,82.41,43.14,92.64,95.19,44.44,48.04,0,100.0,75.06,Intermediate
S02396,8,57.7,77.63,65.07,33.01,74.57,92.87,64.63,50.54,50.95,0,50.35,58.35,Intermediate
S02397,4,65.62,67.74,60.8,65.25,55.81,80.44,59.92,56.02,56.68,1,81.58,64.85,Advanced
S02398,6,56.12,69.9,44.74,35.4,60.82,98.86,74.81,54.11,45.82,0,87.45,51.54,Intermediate
S02399,5,75.43,40.42,72.3,40.65,35.22,90.82,78.03,63.71,39.32,0,54.44,57.2,Intermediate
S02400,5,55.69,69.74,42.46,78.8,63.34,100,67.08,77.37,43.72,0,69.84,61.67,Advanced
S02401,8,77.69,67.45,49.43,63.29,67.17,88.61,90.53,54.49,47.55,0,85.84,64.47,Intermediate
S02402,5,56.14,36.49,63.02,52.0,73.62,95.23,50.49,51.91,31.06,0,75.45,51.91,Intermediate
S02403,8,66.11,87.35,88.1,50.4,73.41,86.74,87.21,82.07,60.21,0,61.49,72.99,Advanced
S02404,1,55.49,52.46,55.43,46.88,59.08,79.26,70.5,40.27,27.61,0,100.0,52.56,Intermediate
S02405,3,44.72,54.91,43.2,24.99,79.39,90.05,54.43,51.47,23.39,0,85.85,41.96,Beginner
S02406,4,86.09,87.59,84.33,94.1,21.76,95.9,100.0,81.73,58.96,0,86.65,88.03,Advanced
S02407,2,35.61,53.43,62.95,73.55,64.47,72.23,78.3,45.2,20.61,1,80.8,56.39,Intermediate
S02408,3,65.78,65.73,65.65,70.31,47.68,78.53,97.66,79.35,64.39,1,94.56,66.87,Advanced
S02409,7,10.29,0.0,43.25,28.39,90.31,82.04,34.18,23.95,12.45,2,85.21,20.48,Beginner
S02410,5,25.12,55.52,58.45,39.28,55.95,80.49,68.58,39.88,27.67,0,57.31,44.59,Beginner
S02411,6,51.54,59.12,27.81,46.62,64.99,85.89,74.21,46.79,35.07,2,80.57,46.27,Intermediate
S02412,4,56.87,47.29,56.65,24.58,75.32,80.38,52.67,49.12,50.01,0,74.2,46.35,Intermediate
S02413,4,54.37,64.66,68.65,45.34,72.53,95.21,57.32,75.62,47.9,0,73.0,58.25,Advanced
S02414,7,64.85,54.35,70.69,65.85,46.93,89.91,75.35,69.37,56.67,0,91.29,63.94,Advanced
S02415,3,67.23,66.17,55.64,60.21,74.27,79.34,73.41,56.04,29.38,0,95.33,62.31,Intermediate
S02416,5,35.21,39.85,59.04,51.1,82.99,79.17,61.71,44.36,17.55,3,83.6,46.3,Intermediate
S02417,4,51.93,53.61,51.92,31.0,74.25,72.8,54.55,47.25,31.07,1,78.7,47.11,Intermediate
S02418,4,99.64,82.22,64.56,83.9,63.27,79.15,100.0,71.59,74.08,2,84.79,82.58,Advanced
S02419,1,80.37,58.24,49.97,59.89,50.95,94.63,64.92,44.58,64.14,0,57.26,62.12,Advanced
S02420,1,72.25,70.69,88.47,73.29,51.9,100,73.87,69.88,65.89,0,75.02,76.17,Advanced
S02421,2,50.7,73.53,46.34,49.41,68.49,71.07,58.9,59.52,24.76,0,84.17,54.99,Intermediate
S02422,2,67.14,42.41,47.39,45.99,62.39,63.83,57.45,39.21,52.88,0,85.05,50.73,Intermediate
S02423,4,68.31,90.82,88.58,72.1,53.6,88.35,95.83,69.02,50.96,0,65.44,79.95,Advanced
S02424,7,41.9,31.12,35.76,28.93,55.99,98.72,59.13,40.2,31.89,2,87.32,34.43,Beginner
S02425,1,58.76,79.44,86.42,68.4,69.0,80.52,96.19,76.68,53.57,0,72.84,73.26,Advanced
S02426,7,33.47,29.87,30.58,40.76,57.1,66.75,52.62,34.03,26.52,1,83.94,33.67,Beginner
S02427,6,57.85,63.61,74.06,68.0,57.7,89.01,68.23,62.14,69.95,1,99.65,65.88,Advanced
S02428,6,62.06,22.88,53.09,63.29,50.42,97.48,66.17,45.93,48.32,0,55.58,50.33,Intermediate
S02429,9,72.56,83.33,46.74,56.41,61.59,84.54,78.02,86.22,43.12,2,94.9,64.76,Advanced
S02430,3,52.24,58.28,33.48,58.03,64.0,82.95,51.53,35.65,31.3,0,84.37,50.51,Intermediate
S02431,4,38.92,49.08,76.74,45.89,56.66,73.7,58.32,54.55,16.62,1,75.55,52.66,Intermediate
S02432,3,66.69,74.55,48.87,49.93,56.02,87.03,80.29,68.17,46.23,0,99.24,60.01,Advanced
S02433,8,72.55,65.54,92.74,77.53,49.86,81.1,91.7,80.34,44.43,1,81.87,77.09,Advanced
S02434,2,43.24,30.09,42.4,35.73,49.98,82.57,49.19,56.78,14.23,0,84.92,37.87,Intermediate
S02435,2,41.12,52.93,53.43,66.46,76.15,80.88,58.09,44.68,48.01,1,79.61,53.48,Beginner
S02436,1,93.44,85.7,84.22,88.68,69.27,96.07,87.9,77.34,67.97,1,84.35,88.01,Advanced
S02437,1,14.52,29.06,43.63,26.2,78.71,90.12,41.96,14.49,0.0,0,74.5,28.35,Beginner
S02438,4,44.4,53.21,36.57,42.02,94.91,86.32,46.86,42.25,33.18,0,83.36,44.05,Beginner
S02439,1,39.67,42.02,63.45,53.41,65.34,84.68,81.84,39.81,31.66,0,81.14,49.64,Intermediate
S02440,3,68.62,51.04,63.42,59.95,66.0,88.88,85.92,57.25,36.11,0,74.77,60.76,Advanced
S02441,3,100.0,100.0,75.8,88.91,47.16,100,100.0,100.0,83.93,0,80.71,91.18,Advanced
S02442,6,64.31,61.73,62.65,66.38,61.79,100,87.07,77.1,63.49,0,93.67,63.77,Advanced
S02443,6,71.29,46.21,71.96,69.74,59.3,94.42,78.92,47.01,51.06,3,71.0,64.8,Intermediate
S02444,2,77.45,74.11,58.8,55.39,81.58,85.39,48.69,65.56,42.49,0,96.95,66.44,Advanced
S02445,4,54.28,89.88,80.31,79.83,50.71,90.53,92.25,66.9,56.08,1,71.12,76.07,Advanced
S02446,6,77.19,74.11,75.82,79.46,72.15,91.82,89.96,76.49,47.75,0,84.02,76.64,Advanced
S02447,5,63.05,61.6,71.22,81.01,66.98,80.03,74.64,61.98,61.92,0,90.75,69.22,Advanced
S02448,3,36.29,44.98,34.64,19.54,73.92,93.0,42.17,55.67,21.01,2,89.93,33.86,Beginner
S02449,3,52.76,72.46,78.0,52.69,64.2,99.11,77.06,61.44,58.47,0,62.86,63.98,Advanced
S02450,5,55.54,55.65,37.07,74.81,76.17,93.26,71.34,75.15,68.44,0,77.62,55.77,Advanced
S02451,3,71.13,61.92,93.84,87.27,54.9,100,83.98,84.76,60.56,0,64.41,78.54,Advanced
S02452,2,95.68,82.8,81.84,86.72,36.34,97.59,100.0,90.65,81.63,0,94.67,86.76,Advanced
S02453,5,62.49,78.03,71.85,74.91,70.54,69.31,73.68,65.78,40.68,0,81.43,71.82,Intermediate
S02454,3,59.8,59.05,47.04,62.98,57.84,86.15,83.53,77.41,59.73,1,93.7,57.22,Advanced
S02455,5,28.25,14.0,25.76,19.37,90.65,77.37,39.46,40.59,0.0,4,89.7,21.85,Beginner
S02456,5,84.41,46.03,81.73,77.27,65.31,100,93.42,71.71,48.44,1,62.28,72.36,Advanced
S02457,4,41.36,64.99,36.2,44.9,53.38,78.33,54.5,49.75,13.49,1,76.15,46.86,Beginner
S02458,7,25.43,0.0,29.18,1.5,80.9,74.46,20.58,10.31,0.0,1,65.24,14.03,Beginner
S02459,2,99.82,84.47,82.49,95.6,51.89,93.24,100.0,86.46,97.22,0,72.64,90.59,Advanced
S02460,1,51.52,41.04,16.35,50.47,76.48,62.15,57.18,56.53,20.52,1,58.9,39.84,Intermediate
S02461,7,69.44,94.17,71.83,77.53,45.34,76.61,100.0,69.43,69.82,0,63.31,78.24,Advanced
S02462,8,59.39,73.41,61.22,65.92,53.33,92.8,74.81,79.23,68.57,0,79.75,64.99,Advanced
S02463,2,70.55,78.49,84.77,58.01,66.18,93.88,75.73,64.69,43.17,3,81.61,72.95,Advanced
S02464,5,90.66,100.0,100.0,100.0,27.55,100,100.0,89.0,62.96,0,100.0,97.66,Advanced
S02465,3,40.59,67.95,57.21,58.65,69.56,84.1,61.12,64.91,40.51,0,73.64,56.1,Intermediate
S02466,7,36.65,28.89,29.15,37.29,85.73,72.55,60.19,40.62,3.69,0,86.69,33.0,Beginner
S02467,3,44.51,41.52,21.07,46.4,52.71,83.17,72.72,38.08,41.74,0,83.11,38.38,Intermediate
S02468,2,51.42,62.27,55.58,47.34,51.22,89.31,72.46,68.04,35.62,0,80.9,54.15,Advanced
S02469,5,63.49,76.9,78.53,72.65,59.11,99.12,74.92,48.55,61.4,0,82.14,72.89,Advanced
S02470,9,37.86,77.33,60.04,61.6,69.42,89.9,89.92,70.99,58.59,0,61.69,59.21,Intermediate
S02471,5,60.11,50.85,48.13,64.47,77.86,68.25,64.28,65.65,21.4,0,84.54,55.89,Intermediate
S02472,4,69.56,72.0,87.69,75.19,54.12,90.5,96.52,77.76,48.82,0,89.15,76.11,Advanced
S02473,1,48.61,78.68,84.18,70.34,49.26,100,82.09,76.09,64.99,0,63.28,70.45,Advanced
S02474,5,40.26,29.28,53.96,35.61,70.85,77.13,50.26,57.93,42.68,2,73.35,39.78,Intermediate
S02475,5,51.39,51.41,55.39,44.79,60.79,86.24,65.94,64.03,45.71,1,87.63,50.75,Intermediate
S02476,2,0.0,18.81,15.21,32.51,52.38,78.6,28.79,17.46,0.0,2,71.69,16.63,Beginner
S02477,4,45.69,73.04,69.9,44.47,48.46,96.0,77.25,72.15,41.64,2,42.96,58.27,Advanced
S02478,2,69.35,27.27,37.52,56.32,75.39,79.84,73.89,68.67,55.79,1,50.5,47.62,Intermediate
S02479,6,25.96,44.34,53.72,69.0,67.5,71.68,57.85,63.13,38.62,0,57.06,48.26,Intermediate
S02480,1,46.68,46.19,54.05,53.87,75.69,83.52,56.12,63.23,35.73,2,100.0,50.2,Intermediate
S02481,2,71.01,52.24,57.87,55.51,75.41,78.25,71.14,54.86,42.3,1,73.09,59.16,Intermediate
S02482,4,87.8,93.48,97.3,91.33,40.79,96.19,90.12,82.43,83.01,0,91.81,92.48,Advanced
S02483,1,48.05,43.57,39.35,49.55,78.95,96.98,43.68,41.27,26.22,2,99.49,45.13,Intermediate
S02484,1,74.24,80.36,95.55,94.56,47.41,94.41,90.13,70.13,76.82,0,100.0,86.18,Advanced
S02485,3,45.04,69.53,65.03,68.19,63.57,97.65,67.67,48.19,57.64,0,69.29,61.95,Advanced
S02486,3,57.66,62.74,57.54,51.02,59.99,82.94,74.54,57.16,47.56,2,87.26,57.24,Intermediate
S02487,4,83.35,65.58,62.68,66.03,60.23,75.84,77.34,47.26,32.85,0,75.14,69.41,Advanced
S02488,7,60.1,65.02,95.86,41.29,59.98,96.4,68.96,66.11,43.97,0,70.75,65.57,Advanced
S02489,3,60.34,69.74,58.61,45.63,73.43,92.99,83.34,58.29,27.69,0,84.72,58.58,Advanced
S02490,2,58.85,56.15,51.44,41.46,82.37,88.37,71.9,45.71,43.11,0,93.99,51.97,Intermediate
S02491,4,46.22,34.44,39.25,46.58,82.31,83.02,64.82,31.35,36.27,2,79.42,41.62,Intermediate
S02492,9,51.42,59.7,69.56,66.64,85.09,86.24,68.68,72.77,43.6,0,83.14,61.83,Intermediate
S02493,5,65.98,58.25,35.76,52.18,72.53,73.15,67.94,57.85,40.3,0,74.67,53.04,Intermediate
S02494,7,30.0,47.78,60.63,45.9,72.2,80.83,52.47,21.32,10.56,2,70.56,46.08,Intermediate
S02495,6,66.96,41.07,38.25,57.14,56.38,88.66,81.3,57.35,49.07,0,65.52,50.86,Beginner
S02496,4,16.84,48.1,41.8,2.6,78.46,83.43,44.89,36.77,11.18,2,38.23,27.33,Beginner
S02497,1,49.0,88.35,45.61,39.87,64.5,87.97,67.91,60.19,44.27,0,64.23,55.71,Intermediate
S02498,2,100.0,79.11,76.9,98.03,42.54,80.85,83.56,64.16,65.81,1,49.63,88.51,Advanced
S02499,2,47.93,71.21,56.95,56.02,70.75,84.44,81.45,86.6,36.83,0,61.87,58.02,Intermediate
S02500,1,54.81,38.37,29.15,72.32,70.25,80.74,66.37,46.82,28.19,0,69.69,48.66,Intermediate
S02501,4,67.77,59.55,66.94,85.21,38.98,85.81,70.18,59.76,51.65,0,89.91,69.87,Advanced
S02502,5,55.1,60.05,73.5,43.51,67.4,86.07,82.58,63.15,49.43,0,73.92,58.04,Intermediate
S02503,3,39.18,49.87,60.86,74.74,77.74,86.99,52.37,47.7,15.31,1,90.36,56.16,Intermediate
S02504,2,63.8,63.08,61.22,69.99,61.81,96.48,70.7,64.35,58.04,0,93.16,64.52,Advanced
S02505,2,44.13,54.59,47.86,44.93,94.57,92.29,57.11,34.33,29.04,0,92.41,47.88,Intermediate
S02506,4,33.85,54.01,46.22,39.97,82.57,95.26,58.7,47.05,25.26,1,78.99,43.51,Intermediate
S02507,1,52.41,69.43,56.63,68.32,51.32,78.49,60.08,54.17,23.32,0,79.37,61.7,Beginner
S02508,4,78.07,82.46,88.2,93.76,50.19,100,100.0,95.58,78.32,1,92.53,85.62,Advanced
S02509,2,45.23,55.76,82.12,70.15,80.38,86.19,77.05,65.66,55.55,1,84.3,63.32,Advanced
S02510,2,75.53,45.7,55.35,67.51,49.5,97.03,85.25,61.75,58.88,0,57.24,61.02,Intermediate
S02511,5,41.76,38.46,54.17,36.21,85.04,84.36,52.87,27.45,36.01,0,93.75,42.65,Intermediate
S02512,6,60.95,32.43,63.71,61.32,86.91,92.99,68.63,52.85,33.16,0,64.74,54.6,Intermediate
S02513,9,100.0,97.9,79.65,98.19,56.3,91.01,100.0,72.35,95.57,0,79.34,93.94,Advanced
S02514,5,39.45,15.63,26.47,15.82,82.98,84.61,32.47,26.37,1.25,3,78.53,24.34,Beginner
S02515,5,80.48,43.4,57.95,45.26,52.37,82.7,85.17,51.04,22.8,1,46.87,56.77,Intermediate
S02516,6,68.77,56.31,22.94,49.28,58.0,85.19,45.32,58.17,31.91,0,57.94,49.33,Beginner
S02517,7,55.79,61.15,68.33,51.38,78.97,87.28,77.66,72.12,52.63,0,81.85,59.16,Intermediate
S02518,2,46.49,45.03,41.9,35.96,64.86,88.48,70.48,61.57,27.64,0,98.06,42.35,Intermediate
S02519,6,64.91,48.89,41.45,48.5,56.1,85.64,60.08,54.4,23.38,0,77.27,50.94,Intermediate
S02520,9,77.42,63.41,60.19,47.24,73.58,90.45,65.65,64.77,52.37,0,77.42,62.07,Advanced
S02521,3,84.58,75.05,94.03,50.61,53.25,98.45,79.36,76.31,58.73,1,67.81,76.07,Advanced
S02522,6,86.71,84.76,68.78,71.18,61.91,90.23,86.63,70.0,73.04,0,100.0,77.86,Advanced
S02523,1,67.03,61.2,79.08,71.97,47.77,79.55,89.71,85.15,68.19,0,79.88,69.82,Advanced
S02524,4,60.46,72.72,70.29,56.01,55.58,100,76.22,69.36,49.73,0,94.54,64.87,Advanced
S02525,1,68.28,53.74,50.01,34.89,30.09,96.32,84.05,65.64,33.57,0,84.97,51.73,Intermediate
S02526,1,35.78,38.08,41.26,66.19,60.37,82.84,48.95,36.08,24.6,1,81.59,45.33,Beginner
S02527,4,71.17,68.57,68.1,75.76,41.83,87.55,100.0,63.76,48.65,0,100.0,70.9,Advanced
S02528,6,47.45,42.29,34.22,70.09,61.51,87.75,52.89,29.29,26.08,0,74.13,48.51,Intermediate
S02529,1,84.3,71.2,81.42,100.0,64.68,93.67,100.0,91.19,69.4,0,80.68,84.23,Advanced
S02530,5,39.95,45.14,52.78,83.72,69.36,83.28,67.35,61.3,52.16,0,70.68,55.4,Intermediate
S02531,6,52.94,32.06,60.21,53.75,57.01,91.35,72.8,44.68,32.12,0,65.71,49.74,Intermediate
S02532,9,66.44,63.7,50.37,47.5,53.06,72.19,75.45,60.41,47.04,0,100.0,57.0,Intermediate
S02533,4,62.2,73.07,57.59,72.56,50.7,81.92,79.88,77.52,60.16,0,79.09,66.36,Advanced
S02534,9,62.69,40.47,59.33,66.55,71.03,74.39,68.11,57.92,32.25,0,71.83,57.26,Intermediate
S02535,7,87.22,83.97,100.0,100.0,38.56,100,100.0,83.59,78.24,0,92.6,92.8,Advanced
S02536,2,89.33,60.59,42.79,74.42,53.91,93.07,70.02,59.63,43.36,0,59.57,66.78,Advanced
S02537,3,46.43,30.86,37.9,12.71,68.31,79.49,32.37,37.34,9.47,1,75.74,31.97,Beginner
S02538,6,22.08,18.38,12.69,29.66,94.55,77.35,22.92,28.1,0.0,2,95.86,20.7,Beginner
S02539,1,89.43,100.0,91.19,93.11,25.6,90.91,97.75,92.79,85.64,0,81.16,93.43,Advanced
S02540,1,37.42,38.41,35.78,45.67,64.5,86.46,57.22,27.21,19.43,2,88.16,39.32,Intermediate
S02541,2,46.87,68.41,58.25,89.4,48.86,100,76.07,58.53,41.2,0,48.5,65.73,Intermediate
S02542,1,99.97,100.0,96.39,94.07,18,100,100.0,89.08,90.88,0,100.0,97.61,Advanced
S02543,4,47.0,34.05,48.09,38.82,66.55,87.7,53.16,21.77,23.36,2,76.5,41.99,Beginner
S02544,5,36.69,42.25,54.76,59.67,77.01,95.83,42.46,51.62,28.04,0,98.52,48.34,Intermediate
S02545,1,100.0,87.53,96.15,74.82,44.51,86.59,92.26,92.94,63.99,0,70.06,89.62,Advanced
S02546,4,42.52,53.72,53.92,34.88,60.5,87.31,39.77,51.88,3.09,1,88.23,46.26,Intermediate
S02547,2,96.05,75.53,70.43,66.87,59.65,92.6,88.3,100.0,70.97,0,94.96,77.22,Advanced
S02548,4,86.29,60.98,71.19,80.96,43.3,90.9,92.23,77.98,70.38,0,66.87,74.86,Advanced
S02549,6,49.88,35.74,63.95,54.71,73.32,100,46.94,61.87,26.08,1,85.26,51.07,Intermediate
S02550,4,53.35,71.87,62.34,69.79,80.38,92.43,81.1,58.41,32.96,0,75.81,64.34,Advanced
S02551,4,81.56,78.49,69.8,48.77,50.47,86.91,84.9,66.59,37.42,0,89.73,69.65,Advanced
S02552,3,50.42,67.84,38.25,51.79,73.23,72.73,70.45,65.54,52.59,0,84.5,52.07,Intermediate
S02553,2,48.68,66.07,78.63,64.86,63.0,86.69,61.4,36.02,41.31,2,78.07,64.56,Advanced
S02554,6,87.45,61.65,57.3,70.86,64.75,87.37,61.23,56.86,35.29,0,62.55,69.31,Intermediate
S02555,3,96.13,100.0,99.96,100.0,39.91,100,100.0,90.93,76.2,0,97.98,99.02,Advanced
S02556,7,47.84,45.28,51.18,45.03,72.45,99.18,53.97,26.7,26.58,0,95.86,47.33,Intermediate
S02557,4,53.88,65.42,67.56,68.33,45.34,84.87,87.56,71.04,54.99,0,74.34,63.8,Advanced
S02558,4,39.45,32.57,55.1,62.75,72.65,88.67,70.25,36.71,28.73,0,95.15,47.47,Intermediate
S02559,8,81.99,66.82,76.26,86.01,49.03,86.53,79.54,71.7,52.34,0,81.54,77.77,Advanced
S02560,5,55.72,49.27,31.09,43.33,69.34,92.29,50.55,40.45,15.82,2,86.95,44.85,Beginner
S02561,1,61.57,40.77,48.11,62.17,48.08,95.23,76.44,84.07,47.23,0,67.63,53.15,Intermediate
S02562,5,57.07,56.06,48.04,93.12,70.8,82.84,93.44,55.78,56.38,0,84.76,63.57,Advanced
S02563,7,53.75,51.97,52.3,50.84,51.07,76.94,57.51,31.69,25.84,2,100.0,52.21,Intermediate
S02564,5,65.29,48.69,23.52,56.01,53.38,91.41,70.49,48.01,20.52,1,73.67,48.38,Intermediate
S02565,1,52.78,67.57,65.49,81.66,51.19,87.53,64.97,80.75,52.96,2,70.89,66.88,Advanced
S02566,6,74.15,62.46,70.98,58.9,50.78,89.96,72.08,80.82,55.26,0,77.02,66.62,Advanced
S02567,5,87.82,71.33,84.91,76.82,41.77,92.59,100.0,72.72,53.66,1,81.74,80.22,Advanced
S02568,1,63.66,67.67,63.8,78.61,54.35,100,74.8,66.2,41.78,0,77.82,68.43,Intermediate
S02569,4,62.29,48.28,57.86,48.11,59.12,85.72,71.07,58.18,49.81,0,75.11,54.13,Intermediate
S02570,3,46.22,69.9,60.23,62.79,57.91,64.98,69.21,57.12,50.42,1,76.33,59.78,Intermediate
S02571,7,60.71,63.93,65.4,54.27,33.2,93.68,89.98,68.08,26.45,1,94.88,61.08,Intermediate
S02572,4,52.61,75.32,33.08,31.17,77.33,85.97,57.17,51.11,0.0,0,78.83,48.04,Intermediate
S02573,2,65.44,68.94,78.6,50.88,50.76,99.67,73.93,73.73,71.01,0,69.8,65.97,Advanced
S02574,9,11.8,12.29,33.16,30.34,76.78,83.65,29.44,23.44,10.77,4,97.83,21.9,Beginner
S02575,1,43.58,67.98,56.48,50.6,43.02,72.65,58.86,54.8,16.77,2,86.48,54.66,Intermediate
S02576,4,46.19,37.42,72.14,49.48,71.34,84.08,61.27,62.57,35.33,2,77.09,51.31,Intermediate
S02577,7,57.1,60.76,69.03,65.84,60.41,81.68,82.06,80.01,49.96,1,99.65,63.18,Advanced
S02578,5,92.56,65.26,69.88,51.69,59.63,95.75,94.94,57.31,45.23,2,59.49,69.85,Intermediate
S02579,1,95.15,88.55,92.05,99.73,45.17,100,100.0,100.0,74.0,0,90.34,93.87,Advanced
S02580,2,51.87,41.05,35.73,52.93,56.52,83.74,50.54,60.52,46.45,1,86.23,45.4,Intermediate
S02581,7,46.63,44.08,46.79,54.7,69.98,83.02,47.34,53.68,22.88,0,90.24,48.05,Intermediate
S02582,6,41.33,55.27,52.27,53.11,89.76,94.9,82.51,61.27,33.04,0,100.0,50.49,Intermediate
S02583,4,56.54,70.25,95.69,79.53,38.14,100,98.79,70.9,47.2,1,78.38,75.5,Advanced
S02584,3,55.58,54.46,51.48,36.51,76.76,76.74,74.32,66.64,35.19,0,94.0,49.51,Intermediate
S02585,12,70.24,66.44,76.67,74.25,34.8,83.41,68.78,67.0,49.37,0,83.69,71.9,Advanced
S02586,4,82.58,89.4,84.75,70.81,34.25,87.09,94.69,82.83,73.75,0,84.68,81.88,Advanced
S02587,2,70.03,61.22,62.7,56.94,44.78,87.0,67.14,45.32,40.56,1,88.96,62.72,Advanced
S02588,4,99.55,100.0,91.3,96.63,48.35,100,100.0,86.74,73.65,1,94.79,96.87,Advanced
S02589,1,93.29,90.52,100.0,63.74,34.28,98.28,100.0,96.36,54.29,1,61.95,86.89,Advanced
S02590,3,83.18,70.01,69.81,86.31,59.61,86.4,92.99,71.08,52.68,0,75.64,77.32,Advanced
S02591,4,37.67,30.93,47.8,69.52,62.3,89.99,50.89,35.05,16.09,2,76.68,46.48,Beginner
S02592,1,75.64,70.67,75.25,88.65,39.37,96.7,82.75,60.55,44.11,0,97.88,77.55,Advanced
S02593,7,49.09,41.25,38.57,47.12,73.31,74.03,64.36,53.83,26.7,0,92.66,44.01,Beginner
S02594,4,66.96,71.81,61.58,86.27,58.78,93.16,80.91,63.82,46.07,0,73.23,71.65,Advanced
S02595,1,40.69,41.93,42.88,39.94,62.02,82.24,77.4,46.32,28.93,0,96.39,41.36,Beginner
S02596,1,100.0,79.17,72.01,91.44,61.76,94.43,96.21,100.0,53.66,1,61.7,85.66,Advanced
S02597,2,44.71,38.06,45.09,29.3,89.61,90.36,52.62,48.73,27.83,3,77.06,39.29,Beginner
S02598,5,38.07,54.27,59.27,52.55,53.81,83.55,70.04,56.25,41.71,0,98.06,51.04,Intermediate
S02599,4,53.12,65.39,53.19,62.24,58.73,88.17,65.27,47.92,45.61,2,73.24,58.48,Advanced
S02600,6,55.69,78.19,76.64,68.32,61.34,82.13,62.84,46.55,59.41,0,70.01,69.71,Intermediate
S02601,3,70.36,58.8,62.38,47.36,67.28,95.45,82.92,52.1,44.38,0,73.79,59.72,Intermediate
S02602,1,42.57,28.43,26.34,31.9,82.41,85.16,62.9,30.63,31.52,4,76.9,32.31,Beginner
S02603,8,87.85,79.79,77.37,68.76,41.29,100,69.46,65.58,63.15,0,93.11,78.44,Advanced
S02604,3,39.56,29.2,38.13,23.07,65.0,75.43,38.22,44.35,31.87,1,79.18,32.49,Intermediate
S02605,9,76.97,65.02,71.72,74.29,44.42,82.29,64.57,62.58,70.21,0,82.2,72.0,Advanced
S02606,6,86.88,69.8,80.89,55.41,52.6,85.63,100.0,64.57,72.64,0,67.45,73.24,Advanced
S02607,5,77.7,64.94,94.16,56.89,38.25,85.63,100.0,48.54,58.73,0,64.67,73.42,Advanced
S02608,3,92.88,100.0,97.28,98.84,47.25,100,100.0,94.35,65.12,1,91.9,97.25,Advanced
S02609,6,56.0,58.66,62.91,47.43,79.63,94.93,69.52,71.13,36.84,1,86.81,56.25,Advanced
S02610,5,45.19,51.96,35.75,44.94,74.58,84.91,59.83,31.71,21.5,3,83.24,44.46,Intermediate
S02611,6,16.25,12.04,23.04,1.08,73.2,78.49,32.55,0.38,4.83,3,91.38,13.1,Beginner
S02612,4,17.97,25.73,27.71,22.65,90.49,83.4,33.54,31.56,12.45,0,98.25,23.52,Beginner
S02613,5,46.25,72.77,53.56,64.25,59.82,96.56,56.6,52.34,52.95,0,70.05,59.21,Intermediate
S02614,3,47.07,50.94,38.42,57.58,69.07,78.84,53.91,44.16,42.43,1,77.85,48.5,Intermediate
S02615,3,86.93,97.52,94.38,85.24,56.27,94.32,100.0,68.99,58.13,0,78.47,91.02,Advanced
S02616,8,65.55,69.93,83.21,82.47,38.02,89.56,100.0,89.95,64.08,0,81.38,75.29,Advanced
S02617,8,100.0,69.52,92.7,81.41,37.5,96.09,100.0,75.4,81.89,0,69.97,85.91,Advanced
S02618,2,89.71,78.97,76.17,74.43,43.5,100,96.0,70.27,61.35,0,94.16,79.82,Advanced
S02619,8,63.61,70.47,67.71,47.62,56.76,86.18,66.63,57.5,37.35,0,79.43,62.35,Advanced
S02620,6,36.92,25.46,35.25,27.12,69.5,84.13,46.83,56.7,18.86,2,97.64,31.19,Beginner
S02621,4,41.24,30.32,30.85,44.47,66.9,84.14,51.98,21.45,16.44,3,74.03,36.72,Beginner
S02622,4,91.98,59.42,78.74,42.58,69.43,97.71,72.79,77.13,62.08,0,41.26,68.18,Advanced
S02623,7,62.39,48.87,45.41,37.92,73.1,87.65,62.41,53.34,14.6,1,74.04,48.65,Intermediate
S02624,3,53.83,83.45,80.98,89.05,47.56,93.92,66.73,52.87,46.92,1,64.52,76.83,Intermediate
S02625,7,76.63,77.22,78.48,60.85,37.82,92.72,81.3,68.43,63.49,0,80.54,73.29,Advanced
S02626,11,57.25,84.03,74.43,74.43,65.82,84.5,68.92,44.21,49.92,0,65.24,72.53,Intermediate
S02627,6,65.4,63.01,60.49,64.89,65.75,91.12,70.07,69.12,39.54,0,92.09,63.45,Intermediate
S02628,4,43.41,24.96,49.4,40.92,80.82,96.86,59.87,55.47,48.59,0,72.55,39.67,Beginner
S02629,1,53.36,67.75,77.28,69.47,70.82,75.38,88.49,85.28,60.64,2,87.4,66.96,Advanced
S02630,7,59.42,91.62,72.38,79.23,68.03,99.28,98.41,87.04,56.57,1,70.33,75.66,Advanced
S02631,1,45.76,34.14,38.85,49.56,61.26,79.13,52.03,46.52,42.49,4,78.93,42.08,Intermediate
S02632,1,48.83,62.64,36.63,46.61,61.16,80.02,58.23,51.7,27.01,1,70.73,48.68,Intermediate
S02633,7,51.91,49.18,23.61,77.31,39.67,88.77,72.78,34.65,30.77,0,57.48,50.5,Beginner
S02634,1,82.96,80.18,78.91,100.0,48.37,100,86.76,79.74,80.99,0,84.26,85.51,Advanced
S02635,7,76.66,42.97,43.66,71.98,78.06,94.27,80.53,58.31,52.4,0,51.61,58.82,Intermediate
S02636,3,63.98,75.12,62.0,43.99,52.6,79.83,66.14,78.38,48.61,0,83.28,61.27,Advanced
S02637,4,87.95,61.77,85.3,88.26,54.62,77.75,79.98,72.66,86.3,0,82.63,80.82,Advanced
S02638,4,61.99,56.78,48.78,57.12,63.64,80.5,68.02,71.59,35.83,0,90.93,56.17,Intermediate
S02639,3,54.09,39.22,53.42,48.58,60.7,83.11,62.72,34.72,33.05,0,86.06,48.83,Intermediate
S02640,4,78.47,51.35,71.46,55.33,60.62,79.24,95.1,80.83,48.65,0,68.99,64.15,Advanced
S02641,1,78.19,86.35,71.74,79.48,29.72,88.25,95.7,94.33,73.95,0,85.67,78.94,Advanced
S02642,1,77.51,89.25,69.13,86.88,56.24,90.08,76.04,74.17,71.02,0,85.4,80.69,Advanced
S02643,7,100.0,100.0,100.0,100.0,47.07,98.8,87.79,81.84,63.94,2,95.08,100.0,Advanced
S02644,5,45.03,18.73,42.09,26.35,74.54,69.01,60.76,30.95,26.4,1,67.66,33.05,Beginner
S02645,5,79.42,88.17,71.27,75.24,77.11,82.09,70.25,65.39,57.76,1,87.38,78.52,Advanced
S02646,1,64.35,68.18,50.62,61.32,48.61,100,82.16,85.74,67.52,0,93.81,61.12,Advanced
S02647,4,58.89,39.15,42.35,35.54,80.8,78.65,63.77,39.1,49.14,0,75.83,43.98,Intermediate
S02648,4,100.0,89.27,77.18,89.15,35.49,87.88,100.0,80.8,67.46,0,86.23,88.9,Advanced
S02649,4,43.07,50.44,68.22,60.21,55.44,91.06,69.65,52.33,39.13,0,93.45,55.49,Intermediate
S02650,6,79.64,63.5,46.68,65.57,56.55,79.47,65.66,75.95,55.1,2,82.93,63.85,Advanced
S02651,3,40.37,31.13,38.9,42.47,84.35,88.54,64.5,40.62,25.95,0,88.38,38.22,Intermediate
S02652,2,40.38,50.7,47.09,58.83,66.37,95.49,62.21,79.35,26.62,0,80.02,49.25,Intermediate
S02653,2,94.28,74.13,53.98,48.78,69.44,90.82,74.37,54.35,37.18,0,74.07,67.79,Intermediate
S02654,11,67.62,86.48,77.87,81.52,48.32,87.57,75.31,86.91,55.81,1,87.9,78.37,Advanced
S02655,4,58.31,80.14,67.26,50.32,40.61,96.12,86.76,97.36,72.42,0,76.27,64.01,Advanced
S02656,2,59.34,33.68,68.59,31.87,90.25,87.8,62.27,18.21,40.57,0,51.88,48.37,Beginner
S02657,8,82.41,92.04,80.36,75.15,53.29,98.22,76.66,64.38,65.75,1,79.13,82.49,Advanced
S02658,2,76.12,100.0,73.55,80.25,69.88,100,83.69,72.2,60.67,0,61.87,82.48,Advanced
S02659,7,50.13,62.11,76.69,51.33,68.57,80.07,65.94,57.53,41.95,0,78.29,60.06,Intermediate
S02660,6,37.25,35.64,34.01,21.89,73.92,91.62,51.8,22.83,9.36,0,93.47,32.2,Beginner
S02661,2,58.58,73.43,44.35,49.74,74.25,88.54,52.59,56.15,18.98,0,86.18,56.52,Intermediate
S02662,5,61.91,72.6,30.63,63.5,68.31,87.28,58.62,47.27,47.01,0,81.97,57.16,Intermediate
S02663,5,34.6,36.4,53.62,42.66,48.4,89.39,72.85,43.63,39.22,0,86.61,41.82,Beginner
S02664,1,61.08,85.91,40.12,58.88,55.55,77.15,98.22,94.72,53.83,0,47.56,61.5,Advanced
S02665,6,22.22,13.93,40.12,24.13,92.56,82.32,23.89,14.08,0.0,3,77.21,25.1,Beginner
S02666,3,61.92,47.37,65.96,58.03,75.04,82.74,76.11,53.97,27.68,1,78.74,58.32,Intermediate
S02667,3,57.59,54.45,59.46,44.96,54.55,83.4,65.84,58.74,46.42,1,100.0,54.12,Advanced
S02668,3,46.68,53.1,31.21,59.5,94.28,82.18,54.18,35.03,30.97,0,67.51,47.62,Intermediate
S02669,5,44.22,51.93,51.53,44.09,76.2,81.0,69.58,39.26,22.66,0,86.67,47.95,Intermediate
S02670,4,63.86,62.58,36.83,40.0,63.51,75.27,69.58,58.51,51.35,1,99.9,50.82,Intermediate
S02671,1,36.88,50.49,58.44,24.06,59.63,85.46,56.41,45.1,16.86,2,65.13,42.47,Beginner
S02672,3,97.04,89.02,86.1,100.0,52.66,100,98.45,64.51,78.26,0,83.29,93.04,Advanced
S02673,5,42.68,14.05,18.99,3.23,105.52,76.44,45.45,31.77,11.45,2,58.18,19.74,Beginner
S02674,6,21.42,37.97,32.91,36.73,53.83,88.25,53.81,53.02,17.68,3,69.62,32.26,Beginner
S02675,3,30.63,27.14,17.44,29.43,60.06,68.04,29.34,25.56,24.47,3,92.99,26.16,Beginner
S02676,3,15.29,11.37,9.61,20.5,86.56,63.18,13.88,14.4,7.33,1,88.45,14.19,Beginner
S02677,4,47.7,61.17,52.15,64.52,59.72,83.26,71.31,56.99,45.76,0,81.12,56.39,Advanced
S02678,3,32.2,52.68,58.89,38.39,71.6,96.9,56.61,53.66,0.0,1,59.2,45.54,Intermediate
S02679,6,26.06,36.97,53.25,32.91,58.05,76.71,40.98,24.78,18.45,3,76.27,37.3,Beginner
S02680,4,86.49,75.6,84.45,85.11,58.13,91.09,100.0,86.87,87.99,0,75.54,82.91,Advanced
S02681,4,26.35,56.49,66.36,56.64,82.43,92.42,66.04,41.95,47.79,0,72.91,51.46,Intermediate
S02682,4,100.0,100.0,75.07,100.0,37.63,94.24,100.0,93.35,86.88,0,78.59,93.77,Advanced
S02683,1,52.62,4.06,21.6,20.38,86.91,79.84,42.3,12.98,25.56,0,37.44,24.67,Beginner
S02684,1,67.14,71.2,72.25,54.06,55.19,99.68,84.22,72.69,52.18,0,81.39,66.16,Intermediate
S02685,5,60.52,65.76,76.89,51.49,67.08,67.41,82.07,60.13,53.03,1,78.31,63.66,Intermediate
S02686,2,51.23,45.59,59.59,31.04,63.8,95.08,69.85,43.85,19.62,0,73.33,46.86,Intermediate
S02687,2,69.63,46.52,78.4,46.64,60.7,88.46,59.09,71.72,54.37,0,53.5,60.3,Intermediate
S02688,5,74.48,55.15,50.35,64.7,94.04,84.3,80.65,61.75,50.42,0,76.0,61.17,Intermediate
S02689,1,82.57,77.38,94.81,78.54,50.89,94.22,93.4,97.76,76.32,0,86.39,83.33,Advanced
S02690,4,48.65,72.7,41.13,49.3,61.99,92.28,58.95,56.63,54.18,0,75.97,52.94,Intermediate
S02691,5,62.21,67.41,62.69,77.98,70.5,100,75.35,91.75,59.68,0,84.19,67.57,Advanced
S02692,6,69.15,80.52,44.86,68.38,37.16,85.38,96.37,65.96,53.65,0,62.22,65.73,Advanced
S02693,3,49.91,23.64,11.64,40.05,59.26,87.23,56.79,27.89,28.86,0,54.28,31.31,Beginner
S02694,4,67.22,53.23,54.99,63.59,67.39,91.12,76.45,47.36,50.08,1,92.23,59.76,Intermediate
S02695,1,44.68,70.5,63.51,43.81,68.38,92.02,79.94,60.67,48.3,1,64.95,55.62,Intermediate
S02696,4,39.66,86.17,55.61,64.05,60.45,84.31,61.62,60.13,45.63,0,37.58,61.37,Advanced
S02697,1,25.34,52.02,51.03,67.48,73.26,94.49,51.74,59.1,41.73,0,56.04,48.97,Intermediate
S02698,1,55.98,42.76,29.68,71.83,56.98,84.03,58.17,46.81,18.3,0,52.42,50.06,Intermediate
S02699,5,48.95,57.88,61.24,64.13,75.05,80.82,69.82,33.27,44.64,1,95.76,58.05,Intermediate
S02700,6,73.18,75.05,65.45,64.17,83.33,82.99,90.7,58.12,72.92,0,100.0,69.46,Advanced
S02701,3,46.52,53.05,80.12,99.61,51.14,97.71,78.17,81.78,31.41,0,82.2,69.83,Advanced
S02702,4,40.96,29.11,45.72,24.21,94.93,76.02,42.46,33.17,37.53,0,76.91,35.0,Beginner
S02703,1,52.37,46.09,73.19,25.93,81.3,83.1,75.66,47.17,42.45,1,66.88,49.4,Intermediate
S02704,6,49.23,81.09,81.46,53.97,75.63,95.19,70.96,68.62,64.01,0,44.69,66.44,Advanced
S02705,5,79.26,72.82,71.32,47.3,46.72,93.95,79.62,64.3,56.49,0,78.7,67.68,Advanced
S02706,3,68.45,78.46,70.72,95.49,61.6,97.15,88.76,64.73,55.99,1,73.18,78.28,Advanced
S02707,3,70.5,58.16,89.06,72.49,47.59,99.59,92.06,72.23,56.63,0,78.0,72.55,Advanced
S02708,5,45.8,46.3,45.05,48.99,78.26,72.92,42.72,43.48,16.41,2,97.39,46.53,Intermediate
S02709,6,63.24,68.04,50.17,71.65,61.52,89.95,99.02,68.09,63.92,0,81.69,63.27,Intermediate
S02710,9,57.66,72.06,59.53,60.32,77.43,91.39,70.99,78.12,49.44,0,79.38,62.39,Advanced
S02711,2,85.1,90.91,58.3,91.45,47.64,90.23,100.0,73.07,73.42,0,86.39,81.44,Advanced
S02712,4,79.75,71.41,82.35,85.14,53.1,79.35,71.34,80.6,61.38,2,75.56,79.66,Advanced
S02713,5,94.53,90.72,87.74,100.0,68.52,77.81,88.91,86.08,84.03,0,82.24,93.25,Advanced
S02714,3,18.23,11.15,26.18,10.48,75.92,82.22,32.32,33.95,10.28,1,72.55,16.51,Beginner
S02715,3,52.83,36.91,40.09,51.57,58.91,84.07,72.71,37.79,21.29,0,73.44,45.35,Beginner
S02716,6,60.5,37.97,72.68,65.55,60.74,89.28,69.99,52.91,44.62,0,64.88,59.17,Intermediate
S02717,3,50.16,54.23,57.11,51.64,72.36,82.29,57.81,44.95,56.03,0,88.07,53.29,Intermediate
S02718,7,35.34,66.67,39.33,23.01,59.62,86.96,68.02,47.39,14.43,0,55.6,41.09,Beginner
S02719,1,21.23,30.54,41.86,40.84,71.51,90.09,52.97,37.24,25.09,0,86.9,33.62,Beginner
S02720,6,58.46,59.46,56.83,53.48,59.6,84.99,65.46,56.98,47.64,0,100.0,57.06,Advanced
S02721,3,77.51,63.1,73.63,66.62,73.81,100,70.11,75.94,54.27,1,80.94,70.21,Advanced
S02722,5,47.71,35.23,37.1,57.69,73.81,76.83,73.29,64.82,29.37,1,60.39,44.43,Beginner
S02723,1,60.33,68.45,43.01,71.25,45.32,83.99,71.33,60.13,33.17,1,74.93,60.76,Intermediate
S02724,6,83.69,53.64,71.02,65.29,56.32,100,78.88,67.22,33.57,0,75.9,68.41,Advanced
S02725,4,100.0,98.81,100.0,92.08,25.99,98.24,100.0,100.0,73.67,0,84.69,97.72,Advanced
S02726,1,86.87,59.73,70.56,76.12,66.44,84.89,83.82,65.14,48.31,0,82.54,73.32,Advanced
S02727,2,44.9,67.15,61.76,69.32,70.7,80.78,78.82,64.86,46.73,0,70.81,60.78,Intermediate
S02728,5,71.41,71.61,80.84,41.26,61.88,98.73,87.71,73.04,48.94,0,70.22,66.28,Advanced
S02729,7,64.66,73.81,53.31,67.46,57.24,97.37,82.31,68.37,43.35,0,76.96,64.81,Intermediate
S02730,7,61.55,73.98,59.51,75.49,57.01,96.51,84.39,67.56,56.54,2,75.39,67.63,Advanced
S02731,8,77.33,100.0,95.34,57.0,57.58,75.61,100.0,73.8,81.36,0,53.68,82.42,Advanced
S02732,7,54.27,60.81,56.9,52.93,59.59,89.25,64.53,37.47,22.26,1,87.33,56.23,Intermediate
S02733,8,57.84,62.46,43.17,38.68,78.36,83.14,44.9,38.27,49.01,0,96.05,50.54,Intermediate
S02734,8,40.13,36.58,45.01,48.97,88.63,87.75,48.99,42.68,11.54,2,99.67,42.67,Intermediate
S02735,4,56.55,45.77,54.64,49.95,71.66,85.28,51.71,46.2,55.15,0,93.09,51.73,Intermediate
S02736,5,83.54,76.19,100.0,93.51,54.46,90.01,100.0,76.76,81.76,0,91.92,88.31,Advanced
S02737,1,34.76,35.84,34.14,34.5,74.44,89.66,45.87,48.96,17.73,0,100.0,34.81,Beginner
S02738,1,40.46,65.97,49.01,25.91,67.6,77.59,50.51,54.43,31.68,2,54.98,45.34,Intermediate
S02739,4,59.58,60.8,38.26,60.63,67.49,95.47,65.73,68.3,25.88,0,79.15,54.82,Intermediate
S02740,1,54.55,53.02,72.2,48.02,75.18,80.72,82.51,34.26,35.85,0,85.88,56.94,Intermediate
S02741,3,45.85,33.07,53.96,45.65,63.03,82.35,53.4,46.46,35.16,1,73.67,44.63,Beginner
S02742,8,76.52,73.52,60.28,86.75,60.76,85.18,84.67,72.52,73.91,0,73.54,74.27,Advanced
S02743,4,87.33,66.26,61.74,82.43,62.67,91.24,88.13,89.64,60.85,0,65.61,74.44,Advanced
S02744,5,91.57,72.5,83.27,86.35,25.18,80.64,97.79,78.06,71.03,0,86.47,83.42,Advanced
S02745,6,52.57,60.21,69.54,64.98,49.57,83.2,83.09,64.08,50.39,0,98.58,61.83,Intermediate
S02746,6,87.62,78.73,86.49,79.21,55.39,95.98,83.67,92.36,37.64,0,97.22,83.01,Advanced
S02747,2,41.22,59.17,38.28,63.04,77.99,84.96,67.07,61.09,43.94,0,66.94,50.43,Intermediate
S02748,3,31.42,43.88,36.14,59.97,77.37,78.18,53.0,59.83,25.72,1,63.97,42.85,Intermediate
S02749,4,44.52,28.66,39.45,47.2,82.67,73.84,51.43,34.61,41.03,0,74.5,39.96,Beginner
S02750,2,47.98,52.76,29.4,55.59,59.05,74.03,46.33,38.17,47.92,0,60.38,46.43,Intermediate
S02751,7,23.34,35.62,18.49,12.81,81.79,64.86,41.77,23.95,1.37,2,88.23,22.57,Beginner
S02752,4,58.59,83.31,49.2,57.52,49.63,84.08,85.34,67.63,55.9,0,77.24,62.16,Intermediate
S02753,1,93.96,81.87,83.88,84.28,38.03,90.78,98.17,71.75,78.22,0,100.0,86.0,Advanced
S02754,8,52.54,42.49,37.98,32.57,80.06,79.14,58.68,33.89,17.65,2,81.73,41.39,Beginner
S02755,7,41.36,49.59,72.24,71.28,75.97,89.81,78.33,55.86,50.77,1,95.82,58.62,Intermediate
S02756,3,38.36,54.18,52.76,49.63,80.69,80.08,67.35,58.58,27.29,1,76.33,48.73,Intermediate
S02757,3,66.24,67.93,79.92,93.33,51.94,80.07,100.0,72.7,65.26,0,88.2,76.86,Advanced
S02758,4,50.93,48.88,53.15,48.86,59.15,78.26,84.07,58.83,48.2,0,95.6,50.45,Intermediate
S02759,3,81.96,79.56,79.4,95.22,24.41,94.05,79.04,86.66,64.86,0,100.0,84.04,Advanced
S02760,1,56.74,78.04,49.07,43.62,54.07,86.78,75.46,63.59,36.47,0,80.49,56.86,Intermediate
S02761,1,78.9,75.79,76.97,69.77,35.93,99.86,88.55,81.93,48.06,1,80.84,75.36,Advanced
S02762,2,71.94,62.5,52.14,69.06,65.2,88.63,69.44,77.63,39.59,0,79.06,63.91,Intermediate
S02763,6,86.91,88.3,85.14,93.16,78.68,92.73,98.55,71.76,57.54,0,97.13,88.38,Advanced
S02764,6,59.0,67.67,57.54,50.66,69.52,83.63,90.11,45.34,56.66,3,80.64,58.72,Advanced
S02765,3,58.36,42.12,63.89,46.75,85.62,76.42,57.41,54.26,24.32,0,72.2,52.78,Intermediate
S02766,3,61.12,83.85,100.0,74.74,69.71,96.67,85.95,65.5,34.19,0,52.2,79.93,Advanced
S02767,4,51.55,50.33,65.04,71.33,57.73,100,75.98,56.55,59.3,0,93.67,59.56,Intermediate
S02768,1,87.17,53.35,81.63,75.46,56.83,89.65,75.31,80.31,39.33,0,68.58,74.4,Advanced
S02769,7,56.82,56.49,86.45,61.81,66.68,81.16,53.81,78.95,46.45,1,86.86,65.39,Advanced
S02770,4,61.57,85.93,61.99,92.38,75.81,96.87,65.63,70.81,48.14,0,50.33,75.47,Advanced
S02771,2,56.22,67.45,55.45,44.88,69.4,70.06,79.97,60.87,49.1,1,79.35,56.0,Intermediate
S02772,1,44.47,42.61,65.61,59.16,85.45,83.5,73.98,58.02,43.29,0,85.04,52.96,Intermediate
S02773,1,24.04,34.07,23.24,24.28,86.35,72.22,26.53,22.4,26.54,2,94.4,26.41,Beginner
S02774,3,81.49,89.66,91.66,100.0,59.34,74.91,100.0,83.68,66.41,2,82.0,90.7,Advanced
S02775,7,42.4,49.93,55.82,47.72,74.18,76.06,37.07,43.67,19.37,2,90.46,48.97,Beginner
S02776,4,68.17,55.87,53.28,79.11,66.59,71.32,63.3,58.59,42.92,0,64.88,64.11,Intermediate
S02777,9,85.19,76.73,63.01,72.86,56.14,83.1,86.23,88.21,76.66,0,85.07,74.45,Advanced
S02778,1,37.59,44.83,27.84,58.16,83.56,85.26,46.97,35.11,19.68,2,86.14,42.11,Beginner
S02779,1,86.54,90.06,89.82,77.8,70.41,87.95,78.27,77.04,53.43,2,84.57,86.06,Advanced
S02780,1,58.48,31.9,62.81,66.95,81.65,100,56.29,67.58,52.29,1,76.43,55.03,Advanced
S02781,1,28.54,45.42,51.87,29.97,87.47,87.22,51.28,33.24,23.19,0,76.99,38.95,Beginner
S02782,2,32.82,47.12,43.45,32.79,83.77,95.62,50.31,52.1,30.35,1,71.85,39.05,Intermediate
S02783,3,64.94,58.28,55.9,88.74,51.21,94.33,86.41,60.96,49.64,0,76.48,66.97,Advanced
S02784,1,58.49,77.76,49.02,56.73,62.78,100,82.37,48.45,43.39,0,76.5,60.5,Advanced
S02785,6,17.2,28.89,4.19,16.39,101.09,75.49,39.08,15.25,14.76,1,75.54,16.67,Beginner
S02786,2,52.86,51.2,40.84,49.79,60.41,93.7,88.81,64.85,23.62,0,88.71,48.67,Beginner
S02787,2,81.24,64.85,60.76,65.15,64.98,78.92,87.86,50.45,56.21,0,79.13,68.0,Intermediate
S02788,2,58.64,43.42,32.64,46.5,66.26,79.9,50.07,46.84,23.58,1,84.71,45.3,Intermediate
S02789,3,26.04,49.77,55.56,12.34,76.01,85.61,35.48,37.42,15.27,3,58.45,35.93,Beginner
S02790,3,51.92,57.4,32.53,32.07,67.19,81.05,56.87,41.79,8.79,2,87.29,43.48,Intermediate
S02791,7,100.0,100.0,100.0,66.94,55.78,83.86,100.0,100.0,71.19,0,80.83,91.73,Advanced
S02792,3,20.62,6.79,26.2,8.6,100.96,80.7,35.59,12.4,0.0,5,79.25,15.55,Beginner
S02793,2,51.22,59.93,51.31,48.05,70.4,89.05,71.44,73.52,56.9,0,95.11,52.63,Intermediate
S02794,1,42.61,26.13,42.39,56.05,42.07,79.9,61.23,55.16,47.74,3,69.53,41.79,Intermediate
S02795,6,59.57,88.71,64.22,76.04,42.0,84.77,94.57,71.43,42.96,0,63.0,72.13,Advanced
S02796,6,64.16,65.99,60.57,51.1,57.14,91.31,79.85,73.77,38.5,0,93.2,60.45,Advanced
S02797,6,49.13,46.01,36.1,42.3,84.75,87.23,48.53,34.31,20.63,2,100.0,43.38,Intermediate
S02798,4,38.17,13.38,51.89,35.87,89.2,90.2,51.01,44.17,18.43,1,71.05,34.83,Beginner
S02799,7,33.24,45.43,51.78,40.35,61.09,77.76,62.79,41.74,21.79,1,84.21,42.7,Beginner
S02800,3,66.93,30.7,51.46,69.06,61.81,95.43,54.18,56.75,18.51,2,62.3,54.54,Intermediate
S02801,2,77.6,56.44,62.23,91.55,71.84,88.48,86.07,88.04,65.56,0,69.81,71.96,Advanced
S02802,3,69.27,55.77,40.15,53.81,69.85,98.32,72.33,52.04,55.06,0,79.59,54.75,Intermediate
S02803,3,53.91,45.43,56.36,46.81,75.3,92.92,77.63,50.16,36.2,0,80.6,50.63,Intermediate
S02804,6,68.11,29.36,61.44,36.23,63.81,80.61,88.58,58.2,36.35,1,49.33,48.78,Intermediate
S02805,7,33.11,49.77,44.02,50.45,84.3,90.38,55.93,47.52,12.97,0,86.62,44.34,Beginner
S02806,4,100.0,88.08,94.21,79.81,57.47,88.28,100.0,88.86,84.6,0,75.14,90.52,Advanced
S02807,1,65.24,75.83,56.28,56.21,62.01,89.65,72.75,68.73,39.13,2,72.96,63.39,Advanced
S02808,1,88.05,92.67,88.86,94.87,38.32,95.98,100.0,63.99,37.58,0,78.39,91.11,Advanced
S02809,2,96.61,86.49,90.81,98.14,43.93,98.29,100.0,93.01,88.83,0,91.97,93.01,Advanced
S02810,3,55.34,61.53,43.83,58.03,60.68,79.32,83.1,44.42,29.0,1,82.71,54.68,Beginner
S02811,6,63.63,87.32,100.0,52.82,46.15,82.44,100.0,72.53,77.65,0,44.26,75.94,Advanced
S02812,5,67.03,43.2,58.43,52.16,67.78,88.73,58.81,43.24,44.36,0,71.55,55.21,Beginner
S02813,1,26.8,28.48,38.75,35.47,76.91,72.36,58.9,44.94,30.5,0,100.0,32.37,Beginner
S02814,4,76.75,53.2,71.85,78.04,63.46,99.15,92.62,73.83,53.67,0,67.3,69.96,Advanced
S02815,4,50.98,41.87,31.34,57.2,68.58,100,54.71,41.19,39.6,1,84.81,45.35,Intermediate
S02816,8,66.91,78.43,60.73,57.75,58.66,93.29,81.73,44.17,56.0,1,81.88,65.96,Advanced
S02817,5,86.47,85.94,62.65,95.17,48.42,91.67,83.97,68.09,53.23,0,89.08,82.56,Advanced
S02818,5,33.99,41.69,24.34,38.66,62.97,86.96,35.38,35.4,11.8,2,83.76,34.67,Beginner
S02819,5,66.39,72.51,59.83,59.13,71.54,85.13,79.84,66.19,42.64,1,89.7,64.46,Intermediate
S02820,4,27.38,31.36,55.92,44.98,41.87,86.51,73.89,49.71,33.66,1,86.44,39.91,Beginner
S02821,5,79.47,61.86,79.73,79.54,48.76,90.37,90.55,70.1,53.66,1,84.58,75.15,Advanced
S02822,7,73.77,45.5,53.72,48.97,72.86,98.37,93.39,69.6,45.49,0,56.53,55.49,Advanced
S02823,4,52.17,58.91,66.19,60.67,75.69,81.06,81.29,79.19,52.83,0,78.82,59.48,Advanced
S02824,11,14.37,8.01,20.81,24.63,82.89,72.11,35.93,46.34,19.54,3,93.3,16.95,Beginner
S02825,2,26.52,22.65,25.74,11.1,86.7,79.26,57.11,25.88,18.83,2,83.31,21.5,Beginner
S02826,5,29.37,53.3,58.72,41.15,49.27,83.43,50.57,53.18,35.01,2,50.94,45.64,Beginner
S02827,7,27.7,32.54,36.14,39.99,85.3,82.24,48.34,41.01,12.91,1,91.72,34.09,Beginner
S02828,3,78.51,83.28,79.59,85.59,42.3,94.49,100.0,84.58,73.13,0,81.96,81.74,Advanced
S02829,1,61.03,60.77,83.77,85.41,51.55,86.55,100.0,75.93,61.91,0,98.14,72.74,Advanced
S02830,2,62.27,57.0,48.04,60.1,61.2,84.3,68.58,60.2,35.13,1,84.1,56.85,Intermediate
S02831,6,23.85,33.97,34.22,58.95,63.58,86.12,50.14,35.28,16.4,3,85.47,37.75,Intermediate
S02832,4,76.84,70.96,60.24,60.38,61.53,86.66,72.46,72.96,51.46,0,100.0,67.1,Advanced
S02833,1,58.65,70.36,64.53,48.86,78.35,91.34,69.36,60.94,40.71,2,79.5,60.6,Intermediate
S02834,5,51.07,27.72,20.0,63.4,73.01,81.09,52.27,31.46,42.25,1,55.26,40.55,Intermediate
S02835,3,35.66,27.64,38.24,57.03,40.47,78.08,72.42,45.6,36.23,1,82.34,39.64,Beginner
S02836,5,39.13,50.23,53.96,46.1,61.11,81.7,61.15,38.85,28.07,4,75.91,47.35,Intermediate
S02837,4,56.05,42.25,70.03,30.11,70.63,77.07,54.25,31.67,30.45,0,65.37,49.61,Beginner
S02838,6,15.49,19.57,20.1,21.76,85.72,82.02,34.71,12.03,13.46,3,77.29,19.23,Beginner
S02839,1,70.8,84.29,77.67,60.11,47.5,91.08,83.5,86.22,54.77,0,82.46,73.22,Advanced
S02840,3,54.14,60.12,50.01,45.8,83.8,86.29,64.4,56.52,42.17,1,89.18,52.52,Intermediate
S02841,2,100.0,83.72,100.0,94.7,24.54,95.98,100.0,100.0,83.08,0,76.32,94.6,Advanced
S02842,11,69.67,55.4,54.52,47.39,65.52,85.77,71.73,48.53,32.96,0,85.42,56.75,Intermediate
S02843,5,85.51,71.83,70.03,63.98,71.45,88.41,82.28,47.15,56.28,0,100.0,72.84,Advanced
S02844,5,64.92,53.7,60.25,84.33,38.54,100,75.2,60.22,52.98,0,69.76,65.8,Advanced
S02845,6,57.41,30.4,16.12,16.35,68.02,85.97,54.64,37.94,13.56,1,74.68,30.07,Beginner
S02846,1,64.11,63.83,55.74,35.53,48.44,78.23,89.8,62.7,47.88,2,93.08,54.8,Intermediate
S02847,10,65.82,72.72,53.07,72.55,56.27,87.24,84.13,66.96,30.23,0,91.75,66.04,Advanced
S02848,6,78.84,70.75,69.63,75.54,77.85,89.36,80.38,61.69,55.76,0,93.47,73.69,Advanced
S02849,3,30.49,37.45,74.22,35.5,83.75,70.26,48.17,37.78,17.57,0,75.57,44.41,Beginner
S02850,5,43.41,10.06,42.16,34.04,62.04,87.6,40.5,26.98,0.0,0,65.49,32.42,Beginner
S02851,5,83.86,80.72,81.43,89.47,48.39,100,100.0,82.92,75.94,0,100.0,83.87,Advanced
S02852,1,65.26,77.86,76.04,85.98,48.04,80.02,86.92,80.61,75.37,0,82.66,76.29,Advanced
S02853,3,36.36,12.43,4.81,25.57,63.92,84.47,53.36,31.49,22.25,1,60.93,19.79,Beginner
S02854,8,79.03,70.53,73.24,75.6,59.58,92.52,95.57,76.4,62.06,0,85.16,74.6,Advanced
S02855,5,75.35,78.07,97.36,100.0,41.09,94.94,88.63,68.1,66.91,0,97.38,87.69,Advanced
S02856,6,61.79,65.36,66.5,52.12,67.91,84.6,88.72,45.49,49.64,0,77.58,61.44,Intermediate
S02857,4,65.61,56.07,93.24,61.51,50.22,79.87,99.14,70.22,64.16,0,66.51,69.11,Intermediate
S02858,1,64.57,59.96,83.71,69.44,64.69,87.26,83.31,63.01,32.84,0,81.91,69.42,Advanced
S02859,3,51.05,23.76,23.92,38.33,72.2,85.96,44.19,45.77,25.28,1,67.81,34.27,Beginner
S02860,5,72.25,69.72,88.17,57.95,57.13,94.12,68.06,65.37,74.68,0,79.11,72.02,Intermediate
S02861,1,72.21,64.29,89.85,60.85,49.37,91.12,80.17,64.01,39.55,1,66.98,71.8,Intermediate
S02862,6,52.75,41.74,41.04,49.29,61.07,99.16,58.5,22.12,23.81,0,87.55,46.2,Beginner
S02863,2,64.31,64.13,70.37,54.52,71.12,98.85,84.33,63.56,68.02,0,88.58,63.33,Advanced
S02864,4,43.01,49.14,36.54,54.61,75.78,69.56,45.26,53.47,38.53,0,77.2,45.82,Intermediate
S02865,1,43.0,40.13,76.31,48.12,62.42,82.07,68.82,37.51,33.9,1,84.14,51.89,Intermediate
S02866,1,61.18,78.79,77.84,56.27,59.78,87.7,71.56,60.17,57.56,0,58.55,68.52,Intermediate
S02867,3,71.23,69.02,73.91,64.26,62.43,96.11,79.58,72.34,47.64,0,92.38,69.61,Advanced
S02868,5,48.88,44.02,46.24,55.33,76.35,87.8,61.33,50.15,55.48,2,84.74,48.62,Intermediate
S02869,3,56.13,58.3,50.68,52.86,52.86,91.62,76.04,65.95,39.6,0,95.42,54.49,Intermediate
S02870,7,58.05,52.53,35.78,61.5,68.78,94.19,78.32,48.99,37.38,1,72.17,51.97,Intermediate
S02871,8,57.24,56.53,54.18,50.11,39.21,94.55,60.18,41.55,65.13,1,91.86,54.52,Intermediate
S02872,1,53.02,60.3,79.28,78.54,40.65,86.0,66.19,63.2,19.9,2,92.09,67.78,Advanced
S02873,2,31.57,29.4,32.65,16.86,89.78,87.23,54.35,39.46,4.38,2,85.01,27.62,Beginner
S02874,3,44.47,47.4,22.35,4.9,78.59,78.29,38.83,37.86,22.7,3,80.21,29.78,Beginner
S02875,5,99.97,86.63,92.72,83.53,49.59,96.12,100.0,86.73,71.15,0,87.6,90.71,Advanced
S02876,3,65.23,64.71,77.79,44.53,36.41,95.31,72.8,63.66,66.39,0,85.72,63.07,Advanced
S02877,7,100.0,100.0,100.0,98.14,73.48,100,100.0,99.85,54.5,1,97.92,99.53,Advanced
S02878,3,34.31,43.02,10.25,36.16,70.59,69.93,46.58,34.11,22.26,2,77.89,30.93,Beginner
S02879,4,75.88,71.84,49.3,72.29,67.41,87.34,78.92,49.83,49.1,1,84.48,67.33,Intermediate
S02880,6,51.3,28.47,29.22,26.21,65.65,93.12,47.73,28.14,36.6,2,71.08,33.8,Beginner
S02881,4,100.0,80.37,78.98,62.39,52.93,92.6,86.19,85.83,43.39,0,61.14,80.43,Advanced
S02882,4,52.18,58.6,70.81,38.29,55.9,87.46,88.46,71.59,71.46,0,64.78,54.97,Intermediate
S02883,7,34.67,29.62,30.32,23.42,63.65,83.43,48.9,41.73,19.51,2,100.0,29.51,Beginner
S02884,2,27.14,45.27,28.56,27.37,83.59,70.85,44.65,26.14,11.54,2,85.07,32.08,Beginner
S02885,4,51.71,72.99,68.44,61.03,55.49,100,91.84,61.7,45.65,0,75.93,63.54,Advanced
S02886,3,49.24,63.23,54.03,59.23,50.26,80.97,69.95,52.47,45.05,0,88.91,56.43,Intermediate
S02887,8,80.54,69.35,62.35,71.58,72.48,87.85,90.33,76.99,60.42,0,87.12,70.95,Advanced
S02888,1,57.59,40.69,52.95,65.01,53.68,82.48,73.07,71.02,22.98,0,72.16,54.06,Advanced
S02889,3,76.42,83.84,80.43,81.69,71.6,100,86.59,92.44,53.59,0,90.93,80.59,Advanced
S02890,5,64.56,74.02,59.95,63.29,64.34,83.74,58.58,69.41,41.47,0,95.87,65.46,Advanced
S02891,3,81.69,67.09,70.48,72.08,75.44,79.34,67.81,36.85,43.24,0,87.22,72.83,Intermediate
S02892,2,59.16,53.55,36.91,30.98,55.79,84.34,58.33,64.74,30.18,1,90.88,45.15,Intermediate
S02893,5,64.8,62.75,74.38,88.74,52.38,96.4,99.35,86.38,42.08,0,96.62,72.66,Advanced
S02894,8,56.92,74.4,76.75,69.75,38.97,75.72,88.68,52.43,60.26,0,76.7,69.46,Advanced
S02895,1,62.53,42.28,48.04,44.36,30.64,88.83,66.18,61.15,34.97,0,79.21,49.3,Intermediate
S02896,8,60.22,56.69,67.8,83.73,66.06,90.25,87.78,71.03,40.5,0,85.37,67.11,Intermediate
S02897,8,56.3,42.55,64.65,32.93,74.12,84.99,54.73,62.67,39.42,0,78.87,49.11,Intermediate
S02898,4,97.51,85.95,100.0,100.0,59.96,94.06,100.0,97.69,72.27,0,80.36,95.87,Advanced
S02899,4,50.68,31.33,41.35,54.64,62.93,94.83,67.33,57.02,42.66,0,68.98,44.5,Intermediate
S02900,5,36.45,43.41,9.7,36.9,52.75,83.79,45.47,30.94,16.93,4,80.21,31.62,Beginner
S02901,4,44.39,32.51,16.92,18.35,70.92,95.89,44.56,17.1,7.4,2,95.92,28.04,Beginner
S02902,4,40.19,34.86,79.95,60.2,55.47,85.68,61.35,55.9,31.06,1,79.44,53.8,Intermediate
S02903,8,52.87,67.61,69.28,66.47,51.34,100,80.47,54.39,46.0,0,80.0,64.05,Advanced
S02904,6,67.86,44.96,57.37,60.06,76.68,78.0,74.88,65.15,36.09,0,86.99,57.56,Intermediate
S02905,4,49.56,60.5,34.79,46.21,79.48,85.73,63.39,30.29,40.04,0,78.52,47.77,Beginner
S02906,1,67.83,69.09,77.93,81.74,55.3,100,100.0,67.33,63.9,1,100.0,74.15,Advanced
S02907,7,51.49,35.69,51.56,63.21,85.33,80.87,57.52,53.94,11.01,3,90.22,50.49,Intermediate
S02908,6,62.84,82.3,42.94,62.95,75.94,80.26,99.65,60.39,52.96,0,59.09,62.76,Advanced
S02909,4,79.89,78.08,70.14,54.38,55.3,99.51,78.97,57.62,49.36,0,90.87,70.62,Advanced
S02910,7,55.31,75.68,76.43,100.0,51.31,99.96,84.77,69.28,51.11,1,75.57,76.85,Advanced
S02911,4,71.26,46.46,79.68,74.31,54.83,100,81.83,77.19,62.27,1,80.37,67.93,Advanced
S02912,2,29.64,34.23,37.24,48.5,91.02,78.93,47.59,48.81,31.35,2,82.72,37.4,Beginner
S02913,5,16.54,26.84,17.54,21.67,91.48,77.96,24.86,14.22,0.0,3,87.58,20.65,Beginner
S02914,4,88.43,87.84,85.98,55.73,61.08,100,100.0,73.73,66.32,0,82.82,79.5,Advanced
S02915,5,52.07,46.13,68.37,62.04,58.11,82.16,50.23,62.81,46.76,0,100.0,57.15,Intermediate
S02916,5,70.45,57.72,58.67,78.11,66.57,89.93,85.03,82.01,43.32,1,72.6,66.24,Advanced
S02917,3,57.97,61.3,33.14,50.82,94.79,86.39,74.99,41.33,38.39,1,86.23,50.81,Intermediate
S02918,8,62.96,33.57,65.6,71.82,59.83,92.22,89.74,62.99,47.16,1,49.23,58.49,Intermediate
S02919,6,74.23,66.05,56.52,61.22,50.13,83.52,84.97,66.04,49.44,0,91.21,64.5,Intermediate
S02920,3,35.65,54.36,65.2,55.27,72.39,84.95,76.5,54.44,22.56,0,80.41,52.62,Intermediate
S02921,7,53.73,45.28,17.06,55.48,73.25,85.04,50.85,47.45,26.34,1,73.55,42.89,Intermediate
S02922,2,40.23,60.23,50.53,63.96,68.8,81.2,56.78,53.38,34.54,1,90.61,53.74,Intermediate
S02923,8,95.77,52.57,80.86,99.66,59.26,89.11,91.48,78.74,70.8,0,46.24,82.22,Advanced
S02924,2,77.01,86.85,84.23,71.93,50.53,93.91,98.3,90.56,63.92,1,100.0,80.01,Advanced
S02925,4,22.69,40.76,45.2,26.95,70.94,71.53,59.42,46.75,18.97,1,73.85,33.9,Beginner
S02926,10,60.89,41.7,39.66,27.33,76.29,85.34,43.19,51.8,0.0,2,76.11,42.39,Beginner
S02927,1,66.75,78.74,68.5,44.13,71.22,98.72,68.48,81.72,43.31,0,85.33,64.53,Advanced
S02928,1,23.59,25.69,26.87,13.82,78.44,96.86,40.65,49.79,0.0,4,93.23,22.49,Beginner
S02929,2,23.85,3.83,14.3,27.89,94.58,76.39,28.65,6.66,10.78,3,70.88,17.47,Beginner
S02930,4,42.69,43.48,61.83,80.1,60.05,100,60.55,47.81,34.28,0,86.13,57.02,Intermediate
S02931,6,100.0,75.18,100.0,99.62,29.96,92.61,100.0,79.2,82.01,0,73.87,93.7,Advanced
S02932,1,100.0,100.0,81.0,100.0,37.55,97.55,100.0,98.68,68.85,1,86.29,95.25,Advanced
S02933,4,55.27,45.99,43.3,45.57,65.88,75.99,54.39,45.4,13.16,0,84.22,47.53,Beginner
S02934,6,40.99,52.9,59.13,30.17,73.24,90.91,40.18,50.21,41.6,2,71.66,45.8,Intermediate
S02935,4,82.27,66.1,82.51,51.53,61.25,86.55,88.83,89.88,57.37,0,60.38,70.6,Advanced
S02936,5,70.93,84.68,79.31,87.41,73.93,84.28,100.0,82.77,53.06,0,74.84,80.58,Advanced
S02937,3,83.14,48.86,56.23,55.11,79.55,91.29,78.88,59.46,19.12,0,73.6,60.83,Intermediate
S02938,5,34.17,26.33,35.28,35.42,62.29,91.52,41.95,45.34,15.49,1,93.27,32.8,Beginner
S02939,1,51.83,54.31,39.29,61.7,57.28,77.19,55.28,44.35,24.82,0,80.52,51.78,Beginner
S02940,1,60.76,65.24,61.57,35.4,60.43,80.07,60.16,60.26,34.84,2,89.42,55.74,Intermediate
S02941,2,68.02,86.04,71.18,82.86,55.32,95.16,73.05,75.38,61.93,1,88.31,77.02,Advanced
S02942,9,58.06,57.69,79.33,46.51,57.35,79.72,47.97,55.89,46.22,0,70.81,60.4,Intermediate
S02943,2,37.65,56.84,36.45,16.3,78.23,82.04,56.06,30.04,16.14,2,61.52,36.81,Beginner
S02944,4,18.23,31.79,54.28,15.95,91.32,99.78,66.87,37.86,8.6,1,78.5,30.07,Beginner
S02945,3,79.88,65.96,41.04,70.36,53.51,94.5,74.62,70.88,45.27,1,65.0,64.31,Advanced
S02946,3,60.78,53.11,42.88,69.51,57.17,75.85,71.4,59.61,51.69,0,73.53,56.57,Intermediate
S02947,4,69.6,54.03,70.35,39.99,60.58,89.44,78.31,74.73,60.9,0,65.18,58.49,Intermediate
S02948,8,74.68,46.0,71.35,48.42,70.01,97.65,70.82,41.69,60.47,0,65.39,60.11,Intermediate
S02949,7,85.77,68.66,79.37,76.47,51.39,90.53,85.01,87.02,63.23,0,86.72,77.57,Advanced
S02950,4,65.85,88.52,81.32,89.4,54.01,94.22,100.0,78.65,78.94,0,76.73,81.27,Advanced
S02951,7,82.32,43.04,72.87,56.08,51.2,86.26,64.51,60.3,42.78,1,64.39,63.58,Intermediate
S02952,2,42.62,42.9,33.9,40.27,79.7,69.44,53.49,38.47,0.0,1,90.72,39.92,Beginner
S02953,6,69.98,72.41,51.7,68.75,62.56,93.05,92.58,78.2,53.68,0,87.28,65.71,Advanced
S02954,1,45.88,27.41,42.43,33.53,70.22,76.96,49.81,29.51,14.15,1,77.35,37.31,Beginner
S02955,2,67.27,40.25,69.04,59.13,50.07,91.39,67.08,71.05,45.43,1,60.58,58.92,Intermediate
S02956,3,73.34,55.26,56.73,44.87,64.38,86.85,81.78,57.96,53.51,1,65.91,57.55,Advanced
S02957,5,73.46,75.74,57.09,62.47,62.65,83.88,59.46,48.79,38.39,1,88.74,67.19,Intermediate
S02958,7,18.47,29.98,35.49,0.0,86.33,78.71,39.25,27.08,4.43,1,68.23,20.98,Beginner
S02959,6,76.49,66.83,63.43,86.33,28.19,72.57,62.68,63.53,39.77,0,92.89,73.27,Advanced
S02960,4,75.83,66.54,80.3,67.39,55.58,87.74,77.21,55.23,24.34,0,81.22,72.52,Advanced
S02961,4,48.65,61.1,57.57,40.95,53.0,86.01,65.13,74.78,37.6,0,69.94,52.07,Advanced
S02962,4,41.67,54.42,34.91,41.39,63.71,74.82,58.08,45.79,30.93,0,94.62,43.1,Intermediate
S02963,6,85.1,66.88,68.82,98.03,40.38,85.09,100.0,88.82,68.64,0,73.66,79.71,Advanced
S02964,5,49.76,65.66,80.19,71.54,44.07,83.12,83.79,33.98,46.3,0,96.92,66.78,Intermediate
S02965,7,42.09,26.25,33.74,14.37,60.45,84.85,44.23,36.41,6.31,0,75.6,29.11,Beginner
S02966,5,36.57,50.9,54.88,51.67,65.53,77.65,51.64,42.74,49.08,1,79.77,48.51,Intermediate
S02967,4,81.56,48.63,69.93,78.59,64.8,81.69,71.69,85.1,56.98,1,58.55,69.68,Intermediate
S02968,6,27.66,19.52,9.44,35.69,99.61,77.57,40.94,46.37,23.98,3,78.47,23.08,Beginner
S02969,1,81.53,72.51,47.42,31.92,49.03,98.02,92.73,72.21,48.64,0,82.57,58.34,Advanced
S02970,6,62.66,67.99,70.51,68.31,47.36,100,63.6,73.23,53.86,0,82.12,67.37,Advanced
S02971,4,34.75,38.69,61.46,34.1,56.57,74.51,37.91,43.96,41.31,2,85.13,42.25,Intermediate
S02972,5,52.23,66.65,46.51,66.53,57.87,72.52,77.87,62.73,40.4,0,61.45,57.98,Intermediate
S02973,3,39.5,43.8,48.28,39.39,45.36,78.0,48.76,10.19,24.16,2,97.04,42.74,Beginner
S02974,9,57.75,52.87,67.42,48.48,61.85,99.24,81.58,64.23,54.0,0,84.05,56.63,Intermediate
S02975,6,21.06,51.68,43.1,30.99,78.7,93.74,54.64,75.07,25.9,0,51.4,36.71,Intermediate
S02976,1,68.97,70.64,84.94,57.78,80.09,89.09,72.7,46.63,30.27,0,80.67,70.58,Advanced
S02977,2,70.62,54.34,48.76,61.13,35.11,85.92,87.73,50.43,54.61,0,71.56,58.71,Advanced
S02978,5,46.09,24.01,27.31,28.81,45.95,81.54,51.51,49.15,39.2,2,76.0,31.56,Beginner
S02979,4,47.1,27.68,35.28,29.2,55.01,82.09,52.74,44.03,40.38,2,77.78,34.82,Beginner
S02980,11,82.42,65.77,87.72,81.89,49.12,81.88,87.99,86.29,44.67,0,77.65,79.45,Advanced
S02981,5,56.49,70.82,77.53,73.88,48.73,95.46,89.27,70.01,62.57,1,83.35,69.68,Advanced
S02982,3,56.23,58.9,88.25,76.06,58.09,87.98,86.71,63.91,56.35,0,94.36,69.86,Advanced
S02983,7,35.25,32.3,48.83,29.07,82.77,76.48,44.45,31.39,1.6,2,84.3,36.36,Beginner
S02984,1,46.74,67.62,60.87,73.76,68.23,72.72,57.36,42.13,32.16,1,78.64,62.25,Intermediate
S02985,4,22.45,37.36,32.51,19.38,87.73,75.2,33.79,42.35,11.04,1,79.86,27.92,Beginner
S02986,6,89.52,72.38,78.72,61.74,63.05,84.71,98.83,77.85,85.21,0,71.24,75.59,Advanced
S02987,9,52.95,74.3,79.82,54.97,44.13,92.04,62.8,76.32,60.03,0,46.07,65.51,Advanced
S02988,1,94.34,90.2,85.2,92.88,37.19,100,100.0,100.0,77.14,0,85.98,90.66,Advanced
S02989,4,74.29,75.17,68.06,98.8,70.65,91.85,100.0,89.21,67.61,0,77.82,79.08,Advanced
S02990,6,81.37,66.82,97.18,67.69,32.01,89.91,78.59,73.79,59.01,0,66.08,78.27,Advanced
S02991,1,67.54,87.89,86.66,85.69,34.95,88.45,80.81,67.45,63.79,0,76.27,81.94,Advanced
S02992,1,61.12,68.85,54.52,63.55,67.02,92.98,67.5,56.52,37.61,0,92.06,62.01,Intermediate
S02993,5,55.38,38.53,14.95,37.97,77.69,86.66,53.97,43.14,7.0,1,58.76,36.71,Beginner
S02994,2,45.86,46.55,71.77,49.89,69.63,86.53,55.11,40.91,27.74,1,84.17,53.52,Intermediate
S02995,4,59.86,46.05,54.66,48.89,105.8,93.04,68.72,69.94,43.34,0,88.23,52.36,Intermediate
S02996,6,73.87,83.08,69.77,73.33,56.26,86.89,90.12,71.56,65.86,0,95.18,75.01,Advanced
S02997,3,24.11,62.1,45.89,53.46,76.02,88.5,46.52,64.1,39.24,0,60.0,46.39,Intermediate
S02998,5,33.94,43.26,71.84,42.31,93.48,95.47,45.64,46.44,17.02,3,75.19,47.84,Intermediate
S02999,1,42.91,39.25,44.08,47.68,61.67,82.48,55.68,55.79,44.37,2,89.35,43.48,Intermediate
S03000,1,84.89,63.64,84.63,62.0,43.63,91.68,78.84,80.79,57.32,0,66.4,73.79,Advanced
S03001,2,37.02,14.89,9.08,36.77,91.26,76.54,17.56,43.3,16.91,0,62.3,24.44,Beginner
S03002,6,53.52,68.05,60.46,80.99,51.65,93.74,78.45,47.59,66.21,0,68.85,65.75,Intermediate
S03003,6,36.18,72.04,55.53,66.41,56.65,78.98,68.75,53.62,55.76,2,61.83,57.54,Intermediate
S03004,2,83.32,71.12,86.79,100.0,56.83,98.96,100.0,64.17,75.56,0,73.29,85.31,Advanced
S03005,3,24.44,10.78,0.0,14.82,83.27,80.13,27.85,0.0,0.0,2,78.01,12.51,Beginner
S03006,5,33.65,43.4,32.1,13.68,77.51,85.2,52.01,25.95,4.72,2,86.92,30.71,Beginner
S03007,6,69.11,62.69,58.8,71.23,53.19,74.16,68.55,54.73,51.86,0,93.06,65.46,Intermediate
S03008,6,40.76,53.08,52.44,62.85,68.79,93.67,95.76,46.36,27.73,2,95.97,52.28,Intermediate
S03009,3,51.78,44.05,61.35,27.78,82.38,80.69,40.62,13.31,29.4,0,74.05,46.24,Beginner
S03010,5,52.95,46.06,37.86,22.79,48.9,99.57,74.95,38.81,37.38,0,67.79,39.92,Intermediate
S03011,2,51.93,47.58,59.07,52.14,72.08,71.17,53.03,39.65,37.77,2,100.0,52.68,Intermediate
S03012,1,26.64,44.74,54.96,7.92,93.12,76.71,42.69,39.98,17.75,1,58.54,33.56,Beginner
S03013,1,57.78,53.89,56.27,48.59,48.73,92.26,67.49,65.27,44.72,1,92.24,54.13,Intermediate
S03014,9,50.64,55.15,53.87,59.18,61.55,75.58,73.44,80.53,41.57,0,93.25,54.71,Advanced
S03015,1,63.0,84.58,85.65,57.31,71.7,89.75,91.77,91.58,54.47,0,56.44,72.64,Advanced
S03016,3,52.98,33.21,36.78,64.44,77.22,91.1,46.71,51.09,30.13,1,63.11,46.85,Intermediate
S03017,8,64.73,40.03,79.02,49.47,80.5,83.28,72.89,68.57,56.79,1,49.72,58.31,Intermediate
S03018,6,23.31,17.84,31.49,32.85,94.91,79.2,55.53,29.97,1.11,2,94.39,26.37,Beginner
S03019,4,81.03,62.46,48.16,75.29,63.62,97.81,87.29,57.34,49.44,0,70.0,66.74,Advanced
S03020,3,94.57,80.56,79.07,88.66,37.02,94.93,94.52,85.48,65.0,0,82.34,85.72,Advanced
S03021,4,30.88,56.48,49.98,45.48,71.99,91.14,57.02,26.95,52.96,0,63.74,45.71,Beginner
S03022,2,66.88,66.71,65.11,62.19,81.03,86.66,63.54,60.77,42.74,0,97.64,65.22,Intermediate
S03023,3,100.0,94.94,100.0,81.3,52.35,86.53,100.0,100.0,100.0,0,75.78,94.06,Advanced
S03024,7,69.87,64.15,46.02,84.89,74.3,86.82,84.64,74.1,64.31,1,70.21,66.23,Intermediate
S03025,3,67.26,58.79,50.07,55.81,53.64,94.41,65.54,58.63,56.43,0,93.36,57.98,Advanced
S03026,3,23.06,31.56,37.52,30.01,54.22,90.18,51.75,33.51,9.93,2,92.72,30.54,Beginner
S03027,3,95.19,87.94,100.0,100.0,49.92,85.35,91.92,100.0,69.35,0,93.55,95.78,Advanced
S03028,6,89.51,87.68,86.28,96.73,49.08,100,87.39,75.84,83.01,0,86.72,90.05,Advanced
S03029,6,88.23,92.44,89.43,86.01,49.73,84.77,100.0,96.19,88.01,0,98.59,89.03,Advanced
S03030,4,54.22,42.43,53.12,31.82,54.7,100,58.63,56.53,32.76,0,82.78,45.4,Intermediate
S03031,1,71.01,68.1,69.75,67.12,70.12,84.99,71.78,65.78,37.17,0,100.0,68.99,Advanced
S03032,2,66.1,81.28,60.89,62.04,71.07,93.09,80.31,86.22,58.31,0,87.52,67.58,Advanced
S03033,3,43.88,38.55,69.27,46.23,62.15,89.43,59.69,46.32,56.64,0,79.84,49.48,Intermediate
S03034,10,89.83,54.82,51.3,75.52,40.91,90.95,78.39,73.62,46.9,0,59.88,67.87,Advanced
S03035,3,65.38,29.51,52.29,52.3,78.3,77.95,64.78,50.75,19.8,3,67.71,49.87,Intermediate
S03036,5,48.83,66.99,83.24,57.47,58.65,96.48,51.19,64.16,38.78,1,63.42,64.13,Intermediate
S03037,5,55.24,57.47,37.52,53.56,39.06,82.81,81.42,57.0,43.03,0,93.79,50.95,Intermediate
S03038,1,37.43,79.06,80.5,66.85,46.58,80.43,86.28,63.76,31.9,0,57.02,65.96,Advanced
S03039,4,60.85,68.09,87.74,73.82,48.17,86.35,88.35,52.54,63.94,0,92.24,72.63,Advanced
S03040,7,80.44,38.06,47.49,70.13,43.54,89.08,81.61,50.64,14.94,0,42.69,59.03,Intermediate
S03041,6,55.58,69.65,78.07,45.57,64.18,93.45,77.76,61.71,45.6,0,63.0,62.22,Intermediate
S03042,1,38.07,59.68,44.76,45.15,89.26,86.02,35.43,42.85,40.63,0,83.53,46.92,Intermediate
S03043,8,44.05,54.82,22.95,40.37,65.98,100,62.7,53.21,42.3,2,74.55,40.55,Intermediate
S03044,7,24.04,44.44,54.23,32.58,81.27,67.62,34.64,39.88,13.25,3,61.98,38.82,Beginner
S03045,6,63.76,63.08,76.88,73.78,36.67,91.48,75.2,56.49,44.89,0,88.9,69.37,Advanced
S03046,3,81.83,74.85,83.87,60.21,43.57,96.06,95.08,99.92,71.6,2,80.19,75.19,Advanced
S03047,9,39.41,47.8,58.63,49.59,55.67,83.86,55.34,46.81,29.06,2,72.15,48.86,Intermediate
S03048,2,5.49,0.0,14.63,27.25,91.69,64.67,38.36,6.63,10.96,1,92.81,11.84,Beginner
S03049,8,56.17,40.12,39.09,56.86,68.64,96.2,54.7,51.73,19.14,2,61.77,48.06,Intermediate
S03050,2,78.05,75.6,80.64,90.55,56.14,96.83,100.0,94.33,57.33,0,91.18,81.21,Advanced
S03051,6,79.02,54.17,76.2,70.32,28.12,84.39,86.03,84.86,50.06,0,80.07,69.93,Advanced
S03052,3,42.46,33.06,31.38,72.52,72.8,72.11,57.31,54.82,31.62,1,66.18,44.85,Intermediate
S03053,1,54.08,44.56,37.24,29.76,72.93,79.13,45.88,35.97,15.08,0,74.92,41.41,Beginner
S03054,6,24.55,24.33,53.57,34.33,88.76,75.5,57.87,37.88,0.0,1,82.21,34.2,Beginner
S03055,3,66.66,52.35,64.48,67.26,55.64,94.39,73.97,69.14,25.64,1,85.4,62.69,Advanced
S03056,8,49.13,31.14,49.9,45.49,72.51,72.17,46.32,47.64,22.66,1,81.83,43.92,Intermediate
S03057,4,87.3,74.3,75.9,89.67,34.41,97.76,97.23,80.28,66.07,0,70.16,81.79,Advanced
S03058,8,72.67,86.02,79.79,76.26,64.83,73.86,89.19,77.31,66.57,0,75.49,78.68,Advanced
S03059,6,51.86,40.33,60.34,50.26,61.89,88.02,62.96,46.1,33.36,0,71.08,50.7,Beginner
S03060,1,49.51,65.68,60.74,57.15,61.79,84.11,69.61,55.38,37.81,1,87.09,58.27,Intermediate
S03061,4,77.34,92.63,78.31,79.38,46.77,100,92.17,57.78,41.03,0,80.77,81.92,Advanced
S03062,7,82.62,93.52,87.16,87.96,75.04,100,99.54,76.42,63.74,0,86.55,87.82,Advanced
S03063,1,33.17,17.54,21.32,17.44,78.33,90.76,49.32,19.25,11.21,4,93.16,22.37,Beginner
S03064,6,24.81,18.18,15.09,27.5,85.3,73.39,45.67,5.39,8.7,2,77.94,21.4,Beginner
S03065,3,13.65,19.19,19.28,25.3,89.81,86.59,25.97,13.78,2.03,4,88.94,19.35,Beginner
S03066,4,61.57,57.82,59.22,32.15,67.4,92.28,67.12,61.23,43.78,1,77.21,52.69,Intermediate
S03067,3,38.37,37.79,31.48,23.7,55.76,83.18,53.87,45.7,25.45,3,99.0,32.84,Intermediate
S03068,3,61.53,67.8,78.69,60.44,64.24,94.07,76.05,68.68,61.73,0,83.02,67.11,Intermediate
S03069,5,73.96,52.16,67.86,50.85,74.53,100,81.64,57.45,48.12,1,61.95,61.21,Advanced
S03070,3,80.8,56.13,62.12,61.49,62.16,97.99,64.94,50.46,35.71,1,83.89,65.14,Advanced
S03071,1,43.83,75.19,47.37,61.57,59.48,75.19,57.58,71.1,47.36,2,71.15,56.99,Advanced
S03072,1,29.14,32.25,54.03,39.74,76.05,92.85,66.44,45.44,7.34,0,83.76,38.79,Intermediate
S03073,7,60.12,48.28,55.24,45.73,60.15,100,76.09,62.36,45.4,1,78.76,52.34,Intermediate
S03074,5,67.68,68.32,53.71,53.69,57.12,84.02,71.96,54.18,43.3,0,90.09,60.85,Intermediate
S03075,2,48.73,30.08,28.02,47.67,72.42,81.64,48.83,40.02,10.08,0,63.11,38.62,Beginner
S03076,9,76.23,70.88,65.59,75.86,37.36,93.35,77.01,71.57,43.6,0,100.0,72.14,Advanced
S03077,3,67.8,63.76,73.07,76.48,46.76,100,95.31,66.13,52.23,0,91.03,70.28,Advanced
S03078,1,77.0,82.05,55.22,90.1,63.65,87.24,100.0,86.51,54.65,0,77.01,76.09,Advanced
S03079,1,64.64,60.23,52.43,80.06,57.2,95.3,75.98,65.83,56.83,0,77.87,64.34,Advanced
S03080,10,37.83,21.81,42.76,40.33,76.94,85.57,56.9,35.27,11.44,1,76.94,35.68,Intermediate
S03081,9,84.4,71.27,87.32,81.39,45.25,84.38,87.05,79.56,55.5,0,91.63,81.09,Advanced
S03082,1,73.36,54.82,58.17,88.55,58.34,99.59,72.39,46.86,42.23,0,48.69,68.73,Intermediate
S03083,8,65.71,78.8,64.98,55.33,69.06,83.23,72.09,61.4,41.32,0,88.29,66.2,Advanced
S03084,4,69.15,68.81,74.56,86.97,56.18,98.63,82.19,51.15,61.84,0,90.73,74.88,Advanced
S03085,4,14.53,25.94,33.22,14.73,78.91,87.24,34.91,11.49,2.75,1,90.0,22.1,Beginner
S03086,1,67.78,46.22,54.21,62.0,55.38,80.97,79.71,59.36,52.58,1,64.51,57.55,Intermediate
S03087,3,37.67,37.72,54.77,33.18,61.53,77.37,64.81,43.07,29.2,1,88.07,40.84,Intermediate
S03088,11,85.43,71.36,95.16,100.0,38.16,99.43,100.0,91.59,71.01,0,80.75,87.99,Advanced
S03089,2,55.17,76.71,42.87,63.48,72.82,83.66,67.39,83.33,53.34,1,72.48,59.56,Advanced
S03090,1,52.54,71.02,70.63,56.26,71.53,79.67,78.86,70.19,31.65,1,74.78,62.61,Intermediate
S03091,4,82.15,78.88,86.95,75.31,49.48,81.27,94.52,70.02,41.3,0,100.0,80.82,Advanced
S03092,5,47.22,55.4,51.53,51.0,74.35,98.59,91.99,60.57,47.1,0,93.77,51.29,Intermediate
S03093,3,62.77,64.89,63.13,49.19,44.96,100,97.24,72.26,65.66,1,84.78,60.0,Advanced
S03094,2,36.27,45.33,38.23,40.09,66.11,92.49,41.58,50.29,30.28,0,100.0,39.98,Beginner
S03095,7,59.97,40.07,55.98,41.29,62.75,90.93,69.35,28.54,25.7,0,89.36,49.33,Intermediate
S03096,3,41.05,7.37,7.16,0.0,72.08,72.92,28.35,9.92,0.0,2,53.74,13.89,Beginner
S03097,5,61.67,52.94,76.63,58.89,60.21,86.8,74.99,74.25,45.14,0,76.32,62.53,Intermediate
S03098,5,47.15,50.81,54.34,44.93,56.5,89.8,56.93,50.5,42.18,2,78.06,49.31,Intermediate
S03099,2,46.32,49.29,58.16,52.0,87.46,85.87,57.99,50.59,41.84,1,96.41,51.44,Intermediate
S03100,4,21.51,36.28,20.42,30.86,65.3,81.95,44.34,47.05,29.53,0,79.33,27.27,Beginner
S03101,3,7.25,23.19,11.32,0.0,69.12,74.96,26.92,10.76,0.0,1,77.48,10.44,Beginner
S03102,3,17.14,25.23,28.98,10.04,93.34,79.55,29.97,19.66,0.0,2,68.77,20.35,Beginner
S03103,3,65.48,74.6,39.35,45.45,57.43,76.24,70.24,52.93,40.64,1,90.78,56.22,Advanced
S03104,1,23.1,19.41,26.14,15.85,94.52,72.14,42.07,28.42,16.42,3,84.25,21.12,Beginner
S03105,3,50.51,77.0,44.14,84.96,55.68,89.19,88.6,100.0,78.38,1,45.53,64.15,Intermediate
S03106,3,36.85,39.19,37.41,56.5,82.79,75.17,67.41,43.67,44.22,0,85.64,42.49,Beginner
S03107,1,44.77,59.11,52.29,54.68,65.24,88.59,67.82,64.44,38.54,1,77.81,52.71,Intermediate
S03108,5,64.58,60.09,73.56,74.62,76.48,81.52,75.79,60.7,43.18,0,100.0,68.21,Intermediate
S03109,1,68.45,62.52,55.87,52.47,90.54,99.03,82.64,40.34,16.17,0,88.38,59.83,Advanced
S03110,5,70.11,60.87,66.54,52.0,27.98,84.74,86.9,66.29,60.34,0,69.29,62.38,Advanced
S03111,1,54.3,34.4,59.01,31.61,64.02,80.57,63.47,34.45,20.45,2,66.44,44.83,Beginner
S03112,4,61.93,68.42,36.32,52.0,74.55,87.44,39.66,43.08,49.44,2,92.78,54.67,Intermediate
S03113,10,40.26,54.02,56.4,57.24,65.89,65.54,84.33,52.78,38.16,0,79.45,51.98,Beginner
S03114,6,90.2,50.87,90.17,78.24,64.17,94.23,84.2,80.72,61.08,0,53.55,77.37,Advanced
S03115,6,83.54,96.65,86.29,83.09,49.2,97.24,85.32,77.7,86.07,1,83.97,87.39,Advanced
S03116,7,32.74,33.87,47.64,51.45,73.36,89.85,55.18,51.98,11.88,0,99.28,41.43,Intermediate
S03117,5,37.25,48.91,17.61,37.42,78.59,81.45,41.96,20.41,11.56,0,79.97,35.3,Beginner
S03118,9,28.1,36.97,40.41,41.21,69.29,73.88,63.78,57.47,31.81,2,92.26,36.67,Intermediate
S03119,1,71.0,61.94,79.81,82.46,64.38,100,70.97,69.62,73.87,0,89.79,73.8,Advanced
S03120,2,43.84,49.06,61.15,59.78,62.28,92.4,60.23,35.33,44.63,0,97.83,53.46,Intermediate
S03121,9,14.87,20.44,39.7,25.82,75.6,81.86,50.15,18.29,10.12,0,81.52,25.21,Beginner
S03122,2,61.12,79.18,69.01,69.29,86.94,91.43,95.54,100.0,55.47,0,76.36,69.65,Advanced
S03123,5,69.94,86.16,92.8,76.6,43.68,100,77.52,68.72,51.23,1,74.26,81.38,Advanced
S03124,6,24.33,36.32,35.77,25.1,97.71,82.59,47.49,22.54,20.85,0,86.8,30.38,Beginner
S03125,3,28.36,28.81,17.89,50.55,94.82,91.11,19.28,33.4,12.12,2,73.54,31.4,Beginner
S03126,4,95.7,100.0,93.7,92.19,31.24,100,100.0,86.57,85.65,0,93.87,95.4,Advanced
S03127,6,13.88,32.65,35.13,28.12,86.23,99.19,31.58,36.53,15.58,0,78.25,27.44,Beginner
S03128,4,50.78,39.83,49.17,34.97,52.47,80.14,49.49,61.35,11.36,2,73.22,43.69,Beginner
S03129,3,90.25,78.2,85.48,54.92,30.56,88.22,75.4,78.59,54.67,0,65.22,77.21,Advanced
S03130,4,58.85,35.08,40.53,29.16,82.95,84.92,35.66,37.27,14.85,1,74.13,40.9,Beginner
S03131,5,68.41,56.36,67.48,77.24,31.45,95.27,93.74,64.32,50.16,0,83.68,67.37,Advanced
S03132,1,94.48,100.0,100.0,93.74,33.27,90.63,100.0,100.0,75.95,0,82.97,97.06,Advanced
S03133,6,55.82,52.44,36.67,36.89,67.99,87.55,63.4,68.21,48.07,1,100.0,45.45,Intermediate
S03134,4,80.11,87.98,77.6,86.84,41.85,89.14,93.38,87.97,50.01,0,85.19,83.13,Advanced
S03135,7,47.5,48.8,55.96,64.2,85.55,82.61,48.58,47.1,39.8,1,97.57,54.11,Intermediate
S03136,3,42.95,60.22,45.33,22.28,49.63,87.25,58.97,27.98,25.03,2,65.7,42.7,Beginner
S03137,3,71.46,94.73,89.71,89.82,53.2,96.06,99.52,69.66,81.33,0,87.98,86.43,Advanced
S03138,1,22.39,35.6,42.71,45.85,56.36,85.23,66.09,35.06,15.87,2,88.92,36.64,Beginner
S03139,4,70.88,85.85,68.09,85.06,73.51,82.0,100.0,72.69,68.02,0,79.52,77.47,Intermediate
S03140,4,81.7,70.74,72.0,64.24,32.76,95.77,85.77,70.88,37.16,0,89.4,72.17,Advanced
S03141,7,52.81,47.03,52.41,57.46,53.33,84.98,69.32,67.12,49.47,0,96.38,52.43,Intermediate
S03142,1,63.71,47.95,52.76,59.66,79.02,80.37,65.74,61.88,47.23,1,82.28,56.02,Intermediate
S03143,2,51.88,41.59,64.46,69.16,59.44,79.05,62.55,50.58,48.5,0,100.0,56.77,Advanced
S03144,6,61.45,65.79,58.6,73.28,85.39,88.15,73.53,58.34,61.72,0,76.82,64.78,Intermediate
S03145,8,38.38,66.76,54.16,50.69,70.94,90.56,74.09,58.24,33.64,2,61.27,52.5,Intermediate
S03146,6,45.55,42.74,65.83,55.92,74.59,69.95,44.01,35.05,37.05,0,86.18,52.51,Intermediate
S03147,7,33.47,39.55,62.36,35.36,81.65,77.35,50.46,14.63,26.68,1,63.53,42.68,Beginner
S03148,8,54.03,59.48,67.83,54.75,46.05,84.11,83.05,85.15,52.95,0,86.1,59.02,Intermediate
S03149,4,71.84,77.37,89.2,82.62,58.0,97.97,64.96,75.67,28.15,1,93.78,80.26,Advanced
S03150,3,28.63,29.43,41.79,27.84,70.2,81.91,43.16,21.62,32.57,1,97.25,31.92,Beginner
S03151,4,33.09,51.1,15.49,40.62,70.92,84.24,53.84,21.96,28.98,3,64.51,35.08,Beginner
S03152,5,59.83,42.05,80.09,65.15,71.36,96.41,70.17,70.58,46.06,1,65.55,61.78,Advanced
S03153,3,65.72,84.26,73.01,72.33,40.22,96.77,93.22,92.77,85.91,0,91.42,73.83,Advanced
S03154,6,50.68,61.4,69.51,54.13,55.76,100,81.71,67.64,28.45,0,75.42,58.93,Intermediate
S03155,5,57.12,78.31,65.35,63.24,66.82,92.06,88.42,62.73,54.03,0,76.4,66.01,Intermediate
S03156,7,78.93,65.23,76.04,75.76,60.13,88.35,89.72,83.97,60.27,0,78.8,73.99,Advanced
S03157,7,35.39,53.51,32.51,34.49,71.01,82.25,52.12,51.2,23.19,0,81.57,38.97,Beginner
S03158,6,65.3,30.57,26.27,19.89,84.09,86.55,51.57,48.76,19.69,2,66.23,35.51,Beginner
S03159,1,18.78,44.62,44.41,41.14,64.14,87.41,69.77,46.93,33.87,1,64.44,37.24,Beginner
S03160,6,60.08,65.71,68.76,79.9,39.18,81.47,64.21,57.5,50.24,2,88.67,68.61,Advanced
S03161,1,25.29,62.05,40.35,54.69,78.03,85.2,48.52,46.01,47.76,1,60.13,45.6,Intermediate
S03162,4,45.15,64.13,49.4,69.98,77.41,96.65,58.11,43.06,39.98,3,65.05,57.16,Intermediate
S03163,5,68.11,49.85,58.44,56.13,70.25,84.26,74.51,71.87,23.22,0,76.19,58.13,Intermediate
S03164,4,61.8,52.26,26.38,32.83,73.32,90.05,64.97,61.46,30.34,0,87.44,43.32,Beginner
S03165,7,95.97,71.51,70.69,80.51,46.7,99.65,92.58,84.58,53.59,0,59.56,79.67,Advanced
S03166,2,68.89,88.86,92.09,98.14,59.32,100,83.44,56.54,66.7,0,82.66,86.99,Advanced
S03167,3,43.56,53.12,39.65,29.67,70.7,78.43,43.69,40.82,0.0,3,84.38,41.5,Beginner
S03168,3,28.02,41.97,46.41,23.27,76.29,75.07,41.3,50.28,16.36,0,79.51,34.92,Beginner
S03169,6,39.5,52.68,43.23,38.94,60.72,87.85,53.87,46.66,6.55,0,88.13,43.59,Beginner
S03170,6,74.36,62.51,71.49,61.81,46.28,100,88.39,61.73,64.84,0,80.98,67.54,Advanced
S03171,1,42.16,12.11,13.47,29.54,75.69,74.55,31.96,29.78,18.9,0,62.73,24.32,Beginner
S03172,1,55.63,46.27,54.47,56.49,65.72,79.43,60.77,51.27,33.97,0,91.2,53.22,Intermediate
S03173,3,32.06,34.44,30.22,35.28,88.54,83.67,45.36,20.31,26.7,1,78.92,33.0,Beginner
S03174,6,93.72,91.94,84.4,77.29,65.75,90.08,74.68,92.11,60.36,1,92.37,86.84,Advanced
S03175,8,71.32,55.77,79.27,50.48,36.19,77.51,81.58,63.72,55.95,1,53.38,64.21,Advanced
S03176,1,78.77,64.37,73.91,63.99,53.54,94.48,78.71,76.19,41.23,0,85.95,70.26,Advanced
S03177,8,83.66,73.46,79.47,87.79,70.5,84.33,95.56,80.37,65.14,0,88.75,81.1,Advanced
S03178,4,67.69,56.99,54.41,67.08,63.79,79.75,75.98,52.67,5.89,0,85.85,61.54,Intermediate
S03179,2,40.88,49.58,59.21,48.77,80.61,87.6,74.91,39.69,26.96,1,82.17,49.61,Intermediate
S03180,4,48.2,38.92,62.64,50.75,55.16,76.34,58.84,28.05,8.61,1,71.1,50.13,Intermediate
S03181,4,44.95,43.29,53.72,36.55,61.4,78.18,47.1,42.71,21.82,2,82.78,44.63,Beginner
S03182,2,32.1,53.61,66.12,36.42,50.18,93.87,69.11,58.51,40.3,2,59.68,47.06,Intermediate
S03183,1,78.42,89.66,75.67,55.49,41.82,99.88,69.64,76.09,50.44,0,64.43,74.81,Intermediate
S03184,1,45.99,66.87,66.45,30.82,78.97,65.04,68.96,32.48,15.24,1,55.78,52.53,Intermediate
S03185,3,57.85,63.93,63.17,40.69,88.06,86.75,82.96,40.48,41.81,0,68.74,56.41,Intermediate
S03186,5,39.88,46.91,68.4,42.21,85.38,70.57,45.31,39.46,45.3,0,81.4,49.35,Beginner
S03187,5,51.86,75.15,53.77,36.9,77.6,91.29,67.67,58.72,55.95,0,62.13,54.42,Intermediate
S03188,7,63.09,56.07,49.4,64.17,59.27,77.1,73.03,47.47,35.09,0,87.2,58.18,Intermediate
S03189,3,60.12,53.7,40.18,75.16,76.56,97.43,55.02,54.49,47.13,1,55.77,57.29,Intermediate
S03190,8,63.97,71.64,50.74,47.27,54.45,79.43,70.02,58.32,49.59,0,79.51,58.41,Intermediate
S03191,9,64.05,81.81,66.99,85.03,44.89,86.35,75.6,58.51,61.07,0,66.55,74.47,Advanced
S03192,3,67.58,60.15,81.04,51.05,62.83,96.85,79.86,68.12,13.55,1,72.32,64.95,Advanced
S03193,6,48.88,47.3,59.13,62.76,65.15,84.63,61.01,39.64,31.06,0,95.87,54.52,Intermediate
S03194,6,36.37,53.27,21.75,43.75,65.46,90.17,51.34,54.39,46.38,2,71.59,38.78,Intermediate
S03195,2,52.92,36.67,28.05,35.0,70.87,83.26,57.23,48.46,42.8,1,88.35,38.16,Intermediate
S03196,3,78.59,74.98,83.09,81.06,41.73,100,97.04,69.09,61.34,0,95.26,79.43,Advanced
S03197,1,48.05,59.78,67.16,47.09,72.6,78.68,73.81,48.09,39.9,0,81.62,55.52,Beginner
S03198,4,15.02,36.32,32.61,34.06,68.28,81.68,59.11,59.25,14.96,1,82.64,29.5,Beginner
S03199,5,69.16,84.81,61.86,78.83,56.82,90.82,97.22,99.07,79.76,0,79.9,73.67,Advanced
S03200,5,81.25,89.51,62.69,60.38,57.38,92.31,84.16,78.35,58.47,0,76.43,73.46,Advanced
S03201,7,37.54,42.07,32.27,40.88,55.55,77.49,43.16,30.39,21.69,2,89.44,38.19,Intermediate
S03202,6,55.28,57.35,37.49,40.97,75.27,89.27,55.5,48.91,35.57,1,94.88,47.77,Intermediate
S03203,5,50.88,51.93,72.14,51.69,62.24,90.02,91.01,69.27,38.84,0,80.44,56.66,Intermediate
S03204,3,80.8,77.8,79.51,81.53,45.21,100,87.84,79.89,39.87,0,91.26,79.91,Advanced
S03205,6,52.03,63.6,56.13,73.11,54.11,85.11,74.1,75.73,44.07,0,68.64,61.22,Advanced
S03206,3,35.75,27.78,36.88,80.96,58.97,67.33,52.49,46.58,39.49,0,63.92,45.34,Beginner
S03207,3,81.39,70.13,59.73,80.58,25.15,100,100.0,71.03,69.73,1,79.94,72.96,Advanced
S03208,3,33.69,51.92,64.63,81.68,51.32,86.75,62.16,68.81,25.09,2,71.8,57.98,Intermediate
S03209,2,55.03,63.11,54.27,55.11,66.6,87.46,75.88,53.74,38.27,0,90.51,56.88,Intermediate
S03210,3,57.11,68.01,73.99,81.52,66.72,79.84,84.81,69.29,61.3,0,88.45,70.16,Advanced
S03211,5,41.42,33.79,72.48,36.32,68.0,94.46,57.89,43.69,23.48,0,63.66,46.0,Beginner
S03212,3,66.85,60.52,66.95,79.55,44.4,81.32,75.39,63.45,48.19,0,79.02,68.47,Advanced
S03213,7,50.67,47.63,40.99,72.24,65.66,98.23,75.71,36.16,35.43,0,91.37,52.88,Intermediate
S03214,2,81.26,58.66,66.01,62.67,67.73,97.79,80.82,77.2,55.06,0,67.53,67.15,Advanced
S03215,3,68.03,56.11,43.41,53.52,70.68,100,83.84,71.79,50.83,0,71.63,55.27,Intermediate
S03216,2,51.3,56.05,49.97,29.62,63.43,82.07,73.95,62.46,35.77,1,78.86,46.73,Intermediate
S03217,4,47.6,28.26,23.62,28.5,61.77,93.87,54.42,35.11,8.17,0,70.09,31.99,Beginner
S03218,9,58.74,59.89,65.76,68.1,49.71,99.76,74.43,44.55,33.53,0,93.24,63.12,Intermediate
S03219,2,65.46,57.35,91.82,81.9,60.24,94.77,67.46,81.45,50.9,1,81.49,74.13,Advanced
S03220,2,75.68,65.9,73.24,89.48,43.72,88.07,91.76,68.98,64.11,0,80.58,76.07,Advanced
S03221,6,53.41,73.43,61.73,58.47,48.75,71.67,75.67,61.64,59.17,0,81.36,61.76,Intermediate
S03222,3,58.5,55.16,57.37,79.26,54.91,85.54,85.81,74.31,37.75,0,91.42,62.57,Intermediate
S03223,5,82.96,64.49,61.38,54.78,40.65,100,92.77,76.02,41.52,0,80.79,65.9,Advanced
S03224,5,100.0,85.98,96.32,100.0,54.87,93.25,100.0,100.0,69.66,1,88.06,95.58,Advanced
S03225,1,65.56,76.11,68.4,92.14,54.2,88.63,86.58,73.91,54.43,1,82.07,75.55,Advanced
S03226,3,96.52,97.57,100.0,100.0,48.74,92.66,100.0,100.0,69.84,0,98.81,98.52,Advanced
S03227,1,63.98,86.11,72.39,100.0,56.1,82.75,95.32,77.83,61.16,0,53.98,80.62,Advanced
S03228,6,72.35,72.72,70.39,65.68,61.13,85.72,93.9,66.63,43.36,1,98.71,70.28,Advanced
S03229,4,57.64,95.61,81.41,80.96,70.97,87.11,81.12,71.49,51.56,0,48.07,78.9,Advanced
S03230,5,49.82,39.68,40.69,73.08,58.03,90.28,52.14,57.5,35.84,0,63.27,50.82,Intermediate
S03231,1,84.65,78.13,97.38,45.48,64.19,95.9,62.26,58.29,47.73,0,61.87,76.41,Advanced
S03232,7,88.82,81.09,91.61,87.13,43.53,93.15,93.73,89.68,66.28,0,79.29,87.16,Advanced
S03233,2,54.1,28.13,41.21,41.5,82.08,89.63,43.88,47.68,49.38,1,68.29,41.23,Beginner
S03234,3,65.35,53.83,60.88,73.88,73.2,85.28,61.93,55.29,39.45,1,79.58,63.49,Intermediate
S03235,7,35.36,6.16,52.78,15.48,86.63,77.36,62.9,32.58,0.0,3,46.16,27.45,Beginner
S03236,3,30.51,41.75,46.76,67.97,69.03,72.27,57.26,31.41,27.38,1,68.31,46.75,Beginner
S03237,4,77.47,67.98,62.26,49.62,64.06,100,68.42,75.4,51.59,0,81.95,64.33,Advanced
S03238,9,46.25,40.95,44.63,58.38,69.58,77.9,72.37,48.65,41.38,2,89.58,47.55,Beginner
S03239,4,19.86,30.7,18.11,12.99,60.29,73.46,43.93,31.52,0.0,3,80.77,20.41,Beginner
S03240,5,37.19,53.69,18.79,25.24,63.34,68.49,55.7,49.21,39.29,2,76.89,33.73,Intermediate
S03241,4,27.99,36.16,26.66,54.27,68.88,94.51,49.77,41.62,23.04,0,83.55,36.27,Beginner
S03242,1,56.97,66.31,62.44,60.68,56.1,83.06,88.3,80.09,40.57,0,85.17,61.6,Intermediate
S03243,2,51.48,40.77,18.82,67.12,55.44,82.03,46.93,32.79,28.84,0,37.64,44.55,Intermediate
S03244,3,26.49,23.24,8.0,26.63,63.57,69.65,33.64,37.61,14.77,1,91.84,21.09,Beginner
S03245,1,76.36,68.76,75.5,55.62,55.62,88.41,69.07,72.32,55.84,0,69.97,69.06,Advanced
S03246,1,71.03,68.82,65.02,79.9,58.99,91.9,100.0,80.44,50.73,1,80.37,71.19,Advanced
S03247,7,58.86,62.83,83.53,52.48,69.01,91.66,80.59,60.87,37.9,0,87.17,64.42,Intermediate
S03248,8,86.27,70.48,100.0,82.7,60.48,95.73,79.91,81.01,59.4,2,66.18,84.86,Advanced
S03249,6,100.0,90.79,75.63,78.03,45.75,99.02,95.94,89.51,61.44,2,81.51,86.11,Advanced
S03250,1,66.19,60.05,44.77,52.38,65.2,76.57,72.09,68.33,44.33,0,91.48,55.85,Intermediate
S03251,9,44.61,34.09,18.15,41.57,76.1,85.23,44.39,39.11,17.19,1,66.22,34.6,Beginner
S03252,5,50.53,78.47,57.52,67.65,61.73,93.47,66.44,66.62,58.9,0,54.82,63.54,Advanced
S03253,3,63.18,73.04,55.24,22.97,81.83,82.37,71.43,42.1,38.12,0,64.71,53.61,Intermediate
S03254,1,55.07,86.53,59.9,35.81,69.55,100,61.8,72.36,56.47,0,51.28,59.33,Intermediate
S03255,4,55.5,48.86,49.36,56.47,61.46,80.53,64.59,34.34,18.95,3,94.27,52.55,Intermediate
S03256,5,41.5,32.62,26.4,44.96,77.75,80.73,60.45,47.99,16.75,0,84.84,36.37,Beginner
S03257,9,73.0,78.6,64.65,67.34,54.59,91.33,78.37,65.0,29.59,1,98.39,70.9,Advanced
S03258,2,82.62,46.54,51.22,67.13,55.23,97.34,64.27,53.65,39.42,0,59.56,61.88,Intermediate
S03259,5,76.56,100.0,94.2,85.68,57.64,91.79,83.88,66.06,44.77,0,61.52,89.11,Advanced
S03260,2,47.64,53.42,59.66,69.1,60.16,84.77,65.19,39.78,48.05,0,95.58,57.46,Intermediate
S03261,4,81.95,85.4,64.29,86.9,61.9,82.1,100.0,85.57,65.54,2,75.26,79.64,Advanced
S03262,1,45.43,33.39,51.98,36.56,63.75,74.35,49.91,34.38,27.23,0,76.93,41.84,Intermediate
S03263,7,43.82,67.4,59.17,36.97,85.17,76.09,61.72,46.23,47.85,1,70.55,51.84,Beginner
S03264,3,70.37,81.5,74.69,62.46,60.95,100,76.57,60.8,52.62,0,90.42,72.25,Advanced
S03265,2,34.17,34.78,28.78,25.81,73.81,80.28,65.87,48.02,34.94,2,97.43,30.89,Beginner
S03266,7,39.32,47.84,60.15,34.92,75.29,85.4,88.58,50.4,35.33,1,69.81,45.56,Beginner
S03267,8,53.96,39.48,47.55,20.84,56.92,94.18,76.82,61.97,43.65,2,80.78,40.46,Intermediate
S03268,3,41.64,41.34,36.03,44.05,70.87,79.46,55.51,36.41,38.29,0,95.04,40.77,Intermediate
S03269,6,40.02,32.14,36.67,35.28,73.11,84.08,60.83,44.5,39.51,1,94.06,36.03,Intermediate
S03270,1,86.51,83.72,90.83,82.11,48.47,86.67,100.0,91.23,76.15,0,91.15,85.79,Advanced
S03271,1,71.48,80.59,75.66,79.49,87.13,90.42,92.42,86.02,70.93,0,100.0,76.81,Advanced
S03272,2,45.09,50.63,52.83,34.13,54.39,97.53,70.55,41.35,30.65,0,80.31,45.67,Intermediate
S03273,3,61.41,26.37,39.78,40.81,75.21,89.42,71.34,33.0,28.93,0,75.5,42.09,Beginner
S03274,6,32.71,31.57,34.62,32.27,72.01,83.62,73.09,20.77,27.95,1,95.06,32.79,Beginner
S03275,4,79.95,74.36,63.03,78.3,51.09,97.4,90.41,77.94,55.66,1,80.97,73.91,Advanced
S03276,8,73.27,86.71,78.45,72.3,50.72,100,92.71,88.3,60.86,0,87.34,77.68,Advanced
S03277,3,41.66,47.1,66.61,51.52,78.79,97.13,59.79,49.91,38.36,0,80.91,51.72,Intermediate
S03278,4,36.05,21.94,39.31,26.14,67.94,70.71,45.63,29.95,47.22,2,70.43,30.86,Beginner
S03279,3,17.65,29.77,23.93,14.88,75.5,88.97,26.37,2.48,16.9,1,78.11,21.56,Beginner
S03280,3,59.38,77.77,90.38,62.68,54.73,82.97,80.31,80.35,55.35,0,67.1,72.55,Advanced
S03281,6,80.25,71.57,91.23,69.34,51.01,100,82.32,85.33,53.07,1,68.0,78.1,Advanced
S03282,2,69.71,45.51,62.88,88.82,64.08,80.0,83.65,52.93,56.17,1,53.43,66.73,Intermediate
S03283,3,89.92,94.56,84.78,73.52,30.77,78.68,96.69,79.9,69.41,0,93.15,85.69,Advanced
S03284,2,59.76,78.91,70.16,62.33,42.34,84.49,75.51,64.29,43.13,1,62.95,67.79,Advanced
S03285,6,61.31,73.25,68.93,65.0,49.74,86.1,85.5,91.12,39.76,0,79.0,67.12,Advanced
S03286,4,53.73,56.87,58.51,56.95,58.09,88.28,72.69,37.49,16.66,2,89.63,56.52,Intermediate
S03287,3,73.37,78.4,67.87,69.84,67.56,90.17,90.77,60.02,43.1,0,93.22,72.37,Advanced
S03288,1,74.23,56.16,65.51,39.09,59.72,92.47,66.19,69.72,30.85,1,62.54,58.75,Intermediate
S03289,5,66.57,61.13,63.74,59.62,73.57,99.75,51.74,55.37,40.38,0,100.0,62.76,Advanced
S03290,6,57.32,70.18,80.5,52.03,41.25,87.05,93.08,58.62,67.13,0,69.13,65.01,Advanced
S03291,10,52.49,49.38,20.26,19.94,71.28,75.15,56.94,36.59,35.23,0,100.0,35.52,Beginner
S03292,3,37.79,40.67,55.0,47.53,56.81,96.34,56.62,54.54,19.76,1,98.29,45.25,Intermediate
S03293,3,42.14,52.57,23.92,36.26,89.06,82.32,35.44,44.82,20.1,0,86.9,38.72,Beginner
S03294,4,53.05,59.07,47.75,27.23,64.49,78.77,64.46,41.23,16.53,1,89.42,46.78,Beginner
S03295,8,49.3,40.61,36.94,30.46,72.53,74.44,48.77,19.11,0.0,2,95.94,39.33,Beginner
S03296,5,51.37,44.12,49.69,22.56,51.05,86.1,79.42,51.11,50.68,1,82.46,41.94,Intermediate
S03297,12,23.52,28.84,4.85,46.81,113.43,84.66,44.08,38.05,15.41,2,69.05,26.0,Beginner
S03298,1,40.83,42.58,49.7,48.35,94.42,83.04,45.91,47.6,26.29,0,90.15,45.36,Beginner
S03299,1,47.27,35.91,50.33,41.5,83.22,83.85,63.6,42.12,35.6,0,84.9,43.75,Intermediate
S03300,4,50.55,48.21,11.07,42.42,60.22,74.06,58.15,30.2,31.62,0,77.9,38.06,Beginner
S03301,8,62.93,63.95,45.26,69.15,79.96,75.61,96.41,72.77,44.11,0,75.97,60.32,Intermediate
S03302,3,53.13,49.54,36.12,61.26,54.02,77.58,51.05,40.18,22.54,0,81.68,50.01,Intermediate
S03303,8,77.15,46.73,48.96,43.75,78.03,87.23,82.44,46.84,40.16,0,65.49,54.15,Intermediate
S03304,3,26.96,25.3,38.73,9.73,89.37,80.22,29.22,24.92,4.25,2,70.34,25.18,Beginner
S03305,3,59.43,81.92,58.44,90.55,61.98,99.76,91.39,66.16,35.26,0,63.91,72.58,Intermediate
S03306,7,70.93,100.0,99.03,59.21,42.14,94.51,100.0,94.46,61.0,0,43.5,82.29,Advanced
S03307,5,47.47,51.27,53.73,69.8,90.51,86.93,64.18,77.23,45.25,0,82.53,55.57,Intermediate
S03308,3,51.5,37.57,31.3,64.97,50.5,85.35,74.26,55.89,50.47,0,61.85,46.33,Beginner
S03309,3,50.74,54.69,42.9,60.76,74.02,72.66,59.54,49.46,26.44,1,79.37,52.27,Intermediate
S03310,4,39.08,63.54,50.38,60.22,54.38,80.81,52.85,60.27,9.89,0,72.43,53.31,Intermediate
S03311,1,37.69,23.22,16.53,43.36,87.5,82.39,34.21,13.01,2.38,0,75.37,30.2,Beginner
S03312,6,50.24,60.41,58.72,35.46,55.63,86.98,66.06,43.16,27.69,0,69.57,51.21,Intermediate
S03313,7,39.66,36.59,43.47,53.09,63.84,82.17,47.95,20.95,28.6,2,89.47,43.2,Intermediate
S03314,6,45.09,70.82,71.42,37.75,93.98,86.57,66.74,48.74,23.23,1,50.59,56.27,Intermediate
S03315,1,61.96,63.44,70.33,64.05,52.99,89.03,78.72,69.47,41.36,0,95.92,64.95,Advanced
S03316,6,35.77,48.69,58.25,73.35,78.25,71.44,78.56,65.87,26.83,0,80.97,54.02,Intermediate
S03317,5,89.86,88.06,77.18,92.93,18,99.69,91.7,100.0,85.96,0,84.59,87.01,Advanced
S03318,2,72.23,63.33,50.86,47.57,49.91,86.97,78.95,87.2,49.39,0,82.25,58.5,Intermediate
S03319,3,31.56,38.89,19.5,11.63,74.51,74.29,42.03,26.82,18.37,0,81.52,25.4,Beginner
S03320,6,33.31,29.82,35.89,28.67,78.2,89.2,59.74,47.36,21.97,2,79.82,31.92,Beginner
S03321,3,62.94,57.45,48.3,36.67,69.02,91.96,58.24,38.25,0.0,2,84.31,51.34,Intermediate
S03322,2,29.65,33.1,39.15,56.81,69.63,72.78,69.05,48.48,25.54,1,79.37,39.68,Beginner
S03323,1,78.1,49.93,53.26,66.54,59.72,90.29,59.43,80.1,31.86,0,52.93,61.96,Advanced
S03324,1,52.13,38.66,33.83,44.33,74.13,70.05,47.24,61.15,47.36,2,74.5,42.24,Beginner
S03325,3,46.91,42.68,48.39,28.27,63.43,84.77,61.76,46.9,35.47,0,84.52,41.56,Intermediate
S03326,3,63.48,43.8,45.49,47.66,58.83,98.83,59.31,44.25,45.92,1,72.05,50.11,Intermediate
S03327,3,51.54,46.1,68.97,69.12,84.62,85.67,71.31,45.84,41.69,0,100.0,58.93,Intermediate
S03328,4,98.37,76.13,100.0,100.0,65.22,100,100.0,92.63,74.86,0,75.29,93.62,Advanced
S03329,3,37.74,27.66,40.71,46.65,70.36,80.56,46.26,34.28,21.28,2,100.0,38.19,Beginner
S03330,6,17.27,14.74,52.86,24.36,64.17,91.7,41.09,46.88,24.56,1,81.12,27.31,Beginner
S03331,6,52.09,56.95,31.73,78.39,70.42,97.97,61.52,72.07,17.38,0,54.74,54.79,Intermediate
S03332,5,64.86,51.09,55.83,39.9,86.69,79.53,100.0,71.49,60.62,0,77.61,52.92,Intermediate
S03333,5,71.89,70.51,65.97,61.2,72.57,80.62,70.93,63.89,43.44,0,100.0,67.39,Intermediate
S03334,7,35.49,42.37,67.27,43.5,70.62,98.25,70.0,53.65,34.65,1,77.7,47.16,Intermediate
S03335,7,61.7,66.3,44.87,59.98,53.55,87.03,74.13,55.34,43.37,0,84.01,58.21,Intermediate
S03336,2,59.68,18.98,46.84,46.0,88.53,80.76,65.05,42.7,23.06,1,50.0,42.88,Beginner
S03337,1,53.8,63.85,52.01,73.06,48.79,87.29,71.55,48.5,37.3,0,73.54,60.68,Intermediate
S03338,6,82.29,93.22,87.91,86.8,41.49,100,100.0,94.6,91.7,0,89.14,87.56,Advanced
S03339,3,100.0,71.55,66.68,70.23,73.46,90.93,94.56,75.88,56.34,0,72.74,77.12,Advanced
S03340,6,48.02,33.36,53.77,56.96,55.05,92.61,75.34,54.52,41.83,0,89.69,48.03,Advanced
S03341,3,52.78,55.8,54.01,83.58,51.49,77.09,75.19,49.87,49.62,0,82.51,61.54,Intermediate
S03342,1,54.25,56.1,40.27,46.71,77.33,73.61,79.98,54.54,43.35,0,92.49,49.33,Intermediate
S03343,3,45.25,40.4,33.87,83.99,74.29,100,64.17,60.21,30.02,0,62.58,50.88,Intermediate
S03344,3,72.9,87.34,51.63,57.66,65.12,90.54,73.52,69.99,49.48,1,82.02,67.38,Advanced
S03345,1,34.82,35.6,41.24,75.09,50.08,100,49.99,53.42,23.52,0,84.74,46.69,Intermediate
S03346,3,74.17,60.58,67.81,56.25,61.97,84.58,91.17,85.82,71.04,0,84.13,64.7,Advanced
S03347,4,63.49,41.54,53.61,48.02,50.07,86.51,72.08,26.57,19.96,0,66.29,51.67,Intermediate
S03348,1,56.43,48.49,51.7,47.06,73.94,89.98,60.03,64.06,41.07,0,95.61,50.92,Intermediate
S03349,6,27.43,28.73,42.57,36.93,88.74,74.39,32.86,29.9,16.91,0,85.32,33.92,Beginner
S03350,5,89.09,88.12,90.47,78.08,50.43,82.38,100.0,76.75,66.52,0,78.72,86.44,Advanced
S03351,5,87.48,69.1,71.09,63.49,66.89,79.21,90.91,60.99,49.94,0,84.64,72.79,Advanced
S03352,5,73.38,71.12,89.98,50.7,68.24,75.3,79.17,62.96,62.72,1,87.57,71.3,Advanced
S03353,5,16.6,28.81,49.91,26.32,82.86,60.11,64.55,44.97,22.42,2,80.56,30.41,Beginner
S03354,2,40.94,51.91,47.52,37.6,78.75,86.34,47.97,29.46,36.0,3,92.67,44.49,Beginner
S03355,4,65.13,49.35,50.51,33.52,63.93,74.46,75.86,55.5,43.46,0,69.97,49.63,Intermediate
S03356,6,43.38,38.17,38.4,44.11,71.48,70.13,55.31,43.27,3.75,1,92.97,41.02,Beginner
S03357,3,77.65,65.52,52.34,60.68,83.79,88.98,74.99,58.57,48.01,1,84.61,64.05,Advanced
S03358,3,54.0,55.5,44.74,52.48,42.64,87.2,66.95,44.08,15.26,0,89.21,51.68,Intermediate
S03359,8,44.88,60.74,58.62,65.18,62.45,85.07,77.4,50.63,30.06,0,88.52,57.36,Intermediate
S03360,8,0.0,25.25,13.02,19.96,79.83,64.11,29.38,11.19,0.0,1,78.38,14.56,Beginner
S03361,4,56.94,70.95,57.81,47.73,76.33,91.1,79.11,69.51,38.65,0,77.57,58.36,Intermediate
S03362,7,33.99,46.19,24.6,48.11,81.87,93.47,39.3,28.57,21.2,1,70.91,38.22,Beginner
S03363,6,75.27,85.24,61.74,79.63,31.41,95.24,81.79,76.16,40.36,0,82.16,75.47,Advanced
S03364,6,64.93,73.95,44.86,61.7,60.31,86.08,76.81,55.72,30.34,1,84.15,61.36,Advanced
S03365,1,84.69,86.41,94.2,58.1,55.55,98.61,100.0,91.48,61.88,0,80.29,80.85,Advanced
S03366,7,52.78,45.43,74.76,60.16,78.93,81.65,72.49,52.52,17.84,0,79.89,58.28,Intermediate
S03367,2,74.21,49.32,26.55,59.0,48.12,97.87,60.67,65.4,25.51,1,61.89,52.27,Intermediate
S03368,7,27.17,26.69,41.52,30.62,59.13,69.32,45.04,28.29,30.53,1,100.0,31.5,Beginner
S03369,7,46.88,44.8,45.0,65.25,65.04,78.32,59.03,64.72,20.53,3,85.66,50.48,Intermediate
S03370,5,71.08,59.54,67.07,90.66,56.89,91.82,90.08,76.02,55.39,0,60.87,72.09,Advanced
S03371,6,35.97,39.65,21.38,37.47,89.4,74.54,70.73,51.19,22.3,2,90.89,33.62,Beginner
S03372,3,80.48,57.37,56.9,75.97,53.9,96.42,87.34,73.76,47.08,0,66.14,67.68,Advanced
S03373,5,48.96,72.69,60.16,54.98,56.75,82.06,70.07,54.06,46.85,2,66.96,59.2,Intermediate
S03374,6,72.04,75.76,62.3,75.19,71.09,80.55,83.49,63.9,43.35,0,88.17,71.32,Intermediate
S03375,2,40.44,33.12,54.4,19.36,68.03,89.24,42.45,40.95,44.38,2,74.25,36.83,Intermediate
S03376,3,41.51,31.22,82.45,47.83,62.25,83.4,65.76,60.22,50.27,2,85.76,50.75,Intermediate
S03377,5,31.7,43.96,46.89,17.55,73.46,71.61,56.18,27.69,31.39,2,74.61,35.02,Beginner
S03378,1,91.54,99.84,100.0,88.04,26.64,100,100.0,97.17,100.0,1,84.18,94.86,Advanced
S03379,6,69.39,100.0,78.18,72.57,58.15,92.45,92.48,81.95,63.64,0,54.96,80.03,Advanced
S03380,4,24.9,35.42,25.68,22.36,86.29,83.67,46.63,16.36,4.55,1,98.57,27.09,Beginner
S03381,6,10.45,19.31,10.88,16.47,70.21,81.04,38.13,15.62,13.93,1,81.78,14.28,Beginner
S03382,6,45.2,60.37,49.47,36.03,57.16,71.46,62.95,61.85,49.64,2,85.92,47.77,Intermediate
S03383,6,63.74,52.59,34.83,34.71,65.97,81.25,69.71,45.67,32.61,2,97.48,46.47,Intermediate
S03384,2,50.11,45.21,50.11,46.13,76.33,83.78,79.85,39.81,45.78,0,93.04,47.89,Intermediate
S03385,4,61.09,38.75,44.47,36.96,50.7,91.77,71.34,66.72,24.99,0,70.69,45.32,Intermediate
S03386,4,63.91,62.16,69.32,45.85,61.93,98.12,83.57,49.54,47.02,0,88.08,60.31,Intermediate
S03387,3,45.72,39.66,48.77,40.24,64.75,93.59,49.13,39.94,21.5,1,87.59,43.6,Intermediate
S03388,4,42.74,27.94,42.05,65.52,79.29,80.17,58.22,51.51,23.78,2,70.44,44.56,Beginner
S03389,3,71.78,44.67,40.04,60.59,88.58,100,69.08,70.05,59.57,0,60.15,54.27,Intermediate
S03390,5,93.59,79.04,100.0,76.75,45.6,100,100.0,93.27,88.56,0,73.87,87.34,Advanced
S03391,2,99.14,81.98,63.78,90.69,57.34,89.54,83.14,76.89,74.3,0,52.65,83.9,Advanced
S03392,3,76.82,56.59,86.06,79.3,58.52,100,96.0,78.5,50.75,0,71.36,74.69,Advanced
S03393,4,89.01,100.0,68.44,86.75,35.33,91.33,100.0,89.47,78.48,0,69.42,86.05,Advanced
S03394,5,52.1,59.68,59.17,54.29,61.86,76.75,73.56,51.11,34.4,1,92.27,56.31,Intermediate
S03395,3,39.7,56.94,54.57,69.69,64.12,90.59,57.05,43.58,42.08,1,87.3,55.23,Intermediate
S03396,4,35.62,71.13,53.34,56.12,68.03,78.1,86.06,56.69,28.46,1,71.04,54.05,Intermediate
S03397,3,52.09,69.85,75.14,59.37,51.61,84.26,61.49,42.29,16.74,1,73.37,64.12,Intermediate
S03398,2,48.1,43.38,56.95,65.03,91.84,71.89,79.88,58.65,53.66,0,93.18,53.37,Intermediate
S03399,4,82.65,63.55,90.16,55.17,64.57,88.0,85.51,71.67,70.97,0,70.37,72.88,Advanced
S03400,5,89.4,82.64,84.5,97.39,44.16,93.45,100.0,100.0,89.12,0,86.38,88.48,Advanced
S03401,1,80.78,66.05,41.92,69.18,52.27,92.54,86.92,63.04,49.77,0,83.14,64.48,Intermediate
S03402,6,51.42,54.31,55.88,49.98,63.51,75.12,85.51,61.79,37.22,0,100.0,52.9,Intermediate
S03403,4,46.7,34.83,47.01,47.28,58.3,84.41,69.96,35.04,32.33,0,98.15,43.96,Beginner
S03404,2,67.27,75.89,88.38,57.75,48.31,76.38,84.82,65.41,40.55,0,64.91,72.32,Advanced
S03405,5,0.0,29.13,36.19,30.23,91.99,63.5,47.99,29.29,6.37,2,62.34,23.89,Beginner
S03406,1,67.68,64.36,50.46,47.81,61.99,86.73,75.32,59.03,67.29,0,92.3,57.58,Advanced
S03407,4,50.94,56.85,96.19,41.14,61.72,96.45,65.05,62.98,34.56,1,51.36,61.28,Advanced
S03408,2,44.45,28.37,35.3,31.14,92.23,78.38,42.89,50.25,45.38,3,87.3,34.82,Beginner
S03409,5,61.66,77.2,76.81,70.34,52.43,95.64,90.45,84.01,42.95,0,79.8,71.51,Advanced
S03410,1,54.97,69.45,76.52,54.09,58.51,100,84.54,71.41,44.96,1,82.29,63.76,Advanced
S03411,1,49.62,45.72,45.18,76.28,62.81,85.63,76.85,50.56,65.83,0,58.18,54.2,Intermediate
S03412,7,56.38,63.99,88.92,80.49,50.35,91.24,89.07,61.09,50.6,0,99.15,72.44,Advanced
S03413,4,78.02,71.77,68.33,55.19,44.37,82.25,87.11,76.33,58.52,0,85.49,68.33,Advanced
S03414,5,64.36,83.25,84.9,50.19,64.99,93.46,85.19,61.64,44.82,0,61.87,70.67,Advanced
S03415,6,48.3,65.52,56.17,65.44,35.51,87.27,85.89,71.8,55.86,0,81.98,58.85,Advanced
S03416,4,53.38,38.64,51.94,36.48,86.98,80.25,45.58,53.94,10.06,1,80.03,45.11,Intermediate
S03417,2,39.05,48.29,38.3,52.42,82.33,85.99,58.39,47.09,43.79,0,90.36,44.51,Intermediate
S03418,2,49.41,52.33,67.59,46.86,56.66,90.08,86.12,52.3,29.09,1,74.89,54.05,Intermediate
S03419,6,62.36,72.27,57.11,66.87,39.52,78.08,64.81,63.11,38.45,0,87.0,64.65,Intermediate
S03420,5,55.87,54.99,73.62,66.98,76.2,85.94,68.66,70.54,27.9,0,88.24,62.87,Intermediate
S03421,6,51.23,63.23,52.19,46.79,59.83,87.28,72.4,48.53,14.5,0,82.44,53.36,Intermediate
S03422,8,15.91,46.64,29.07,34.46,73.04,85.96,51.81,36.97,23.86,1,69.23,31.52,Beginner
S03423,8,50.98,79.74,71.62,58.27,49.22,100,85.41,56.23,60.31,0,52.94,65.15,Intermediate
S03424,7,60.63,36.74,40.68,56.74,71.85,68.86,64.33,61.16,59.75,1,50.95,48.7,Intermediate
S03425,4,47.76,43.93,43.02,30.57,71.15,81.42,57.39,49.57,40.98,1,95.85,41.32,Beginner
S03426,1,68.58,72.37,55.74,58.32,64.69,94.14,70.22,70.65,64.05,0,100.0,63.75,Advanced
S03427,5,27.67,47.31,47.12,58.34,66.04,86.75,70.65,38.23,40.2,3,78.4,45.11,Beginner
S03428,2,65.88,29.44,43.53,30.01,59.96,81.83,68.52,69.4,46.09,0,62.74,42.21,Intermediate
S03429,7,69.0,75.81,53.4,71.37,33.76,100,100.0,77.92,72.27,0,89.89,67.4,Advanced
S03430,4,54.64,56.82,49.9,64.25,55.04,82.11,59.81,59.15,35.45,1,99.06,56.4,Intermediate
S03431,2,48.7,63.13,55.05,71.28,68.17,90.73,88.17,39.81,34.28,0,80.71,59.54,Advanced
S03432,6,72.9,71.95,80.02,66.34,60.5,92.41,100.0,71.65,44.55,1,90.45,72.8,Advanced
S03433,6,93.38,77.96,85.37,83.64,53.44,100,76.83,69.59,56.29,0,79.69,85.09,Advanced
S03434,2,73.54,75.83,72.93,92.92,74.27,85.03,87.94,75.66,46.68,0,86.04,78.81,Advanced
S03435,4,100.0,78.63,69.23,91.84,30.77,90.69,96.67,100.0,55.69,0,64.32,84.93,Advanced
S03436,5,60.48,47.64,50.19,56.37,79.68,83.58,62.74,58.01,41.65,0,79.26,53.67,Intermediate
S03437,3,71.78,30.12,48.91,49.18,73.99,85.65,45.59,55.89,28.46,2,61.93,50.0,Beginner
S03438,1,61.59,33.3,70.5,49.54,72.14,97.02,76.33,39.01,32.56,0,67.45,53.73,Beginner
S03439,2,83.95,77.91,86.56,76.73,60.48,100,100.0,99.96,54.43,0,79.74,81.28,Advanced
S03440,6,45.68,25.11,38.9,51.57,68.64,96.0,55.82,39.74,18.06,0,74.48,40.32,Beginner
S03441,4,73.43,74.71,85.07,81.01,59.38,75.22,82.15,80.97,60.83,0,93.93,78.55,Advanced
S03442,7,42.8,44.76,50.29,36.63,72.74,87.82,61.06,70.67,52.24,0,91.99,43.62,Intermediate
S03443,1,58.51,51.2,47.25,69.05,76.08,88.46,62.83,58.28,44.29,0,72.45,56.5,Intermediate
S03444,7,52.14,43.69,30.1,49.5,83.92,83.96,42.26,40.98,31.96,0,77.88,43.85,Beginner
S03445,8,61.99,67.24,60.15,70.12,34.03,72.1,56.92,69.96,72.85,0,100.0,64.87,Advanced
S03446,3,100.0,88.51,100.0,100.0,32.49,95.79,100.0,95.69,82.93,1,100.0,97.13,Advanced
S03447,1,31.37,19.74,39.93,37.49,77.49,74.41,44.56,41.74,9.83,2,85.39,32.13,Beginner
S03448,1,40.54,23.82,50.97,54.23,73.03,92.98,54.72,36.54,25.72,0,77.33,42.39,Intermediate
S03449,2,77.45,61.76,80.53,72.68,66.02,100,100.0,75.51,55.02,0,72.63,73.1,Advanced
S03450,6,45.45,44.57,48.41,69.82,72.0,81.21,71.45,57.18,58.55,1,81.57,52.06,Intermediate
S03451,2,82.79,59.6,55.23,69.97,39.44,81.39,89.09,60.64,52.43,0,69.92,66.9,Intermediate
S03452,5,80.18,92.36,87.96,79.04,63.14,94.21,100.0,90.43,81.49,0,82.52,84.88,Advanced
S03453,3,48.83,60.21,43.34,59.02,49.32,89.39,85.73,76.71,52.3,0,65.92,52.85,Intermediate
S03454,3,97.99,100.0,88.14,84.81,49.79,98.93,100.0,75.93,66.98,0,94.9,92.74,Advanced
S03455,3,99.86,59.43,88.08,86.97,39.43,75.86,95.22,94.77,63.41,0,57.26,83.59,Advanced
S03456,4,35.93,29.69,34.43,31.53,82.08,90.14,57.04,50.17,11.65,3,89.68,32.89,Beginner
S03457,1,84.92,74.45,67.46,69.44,41.72,100,90.24,90.99,76.87,1,80.9,74.07,Advanced
S03458,9,63.01,57.22,54.68,54.11,69.98,93.95,73.49,71.13,57.49,1,86.24,57.25,Intermediate
S03459,3,70.58,71.03,55.98,42.5,44.52,82.42,79.68,58.53,50.79,1,87.18,60.02,Intermediate
S03460,1,51.32,79.03,79.32,70.06,35.47,82.26,71.46,52.87,28.11,0,82.23,69.93,Intermediate
S03461,1,95.17,81.34,89.68,100.0,43.73,95.54,100.0,91.09,78.78,0,74.03,91.55,Advanced
S03462,6,48.81,47.09,44.47,65.31,79.29,83.76,51.16,73.87,34.3,2,79.69,51.42,Beginner
S03463,2,60.53,64.42,49.2,52.13,73.74,89.77,87.99,56.64,42.01,1,100.0,56.57,Intermediate
S03464,3,72.12,78.51,51.33,68.91,62.29,84.35,100.0,70.15,54.07,0,88.57,67.72,Advanced
S03465,5,47.21,47.25,22.67,31.17,72.12,83.21,72.5,49.23,26.03,0,97.06,37.08,Beginner
S03466,3,90.01,72.11,63.38,86.84,54.48,92.3,89.78,93.22,97.99,0,66.93,78.08,Advanced
S03467,6,73.28,64.87,71.87,84.5,37.17,100,83.3,83.52,72.76,0,95.4,73.63,Advanced
S03468,7,59.74,43.34,40.16,34.14,83.86,79.51,42.23,29.84,23.67,0,87.94,44.34,Beginner
S03469,1,77.17,77.59,96.9,75.85,50.15,95.93,87.3,95.93,79.73,0,82.42,81.87,Advanced
S03470,3,40.39,62.31,46.16,80.36,66.51,87.97,65.27,68.63,28.14,1,54.43,57.31,Intermediate
S03471,6,68.33,58.33,58.99,68.89,64.55,77.87,88.17,64.96,61.54,0,72.32,63.64,Advanced
S03472,2,82.98,82.86,75.68,56.54,56.55,97.96,100.0,82.35,76.48,0,92.12,74.51,Advanced
S03473,2,51.69,50.77,32.7,31.62,72.97,90.52,54.83,58.73,6.76,0,96.68,41.7,Intermediate
S03474,3,82.42,85.44,79.59,84.04,54.86,96.52,78.56,81.22,49.04,0,100.0,82.87,Advanced
S03475,3,40.99,73.21,48.3,46.33,54.7,82.3,67.22,49.03,1.93,0,72.6,52.21,Intermediate
S03476,6,60.58,83.99,61.27,67.09,67.3,80.31,83.01,65.21,41.88,3,62.75,68.23,Intermediate
S03477,6,47.09,47.77,64.88,71.82,54.8,87.55,80.15,72.66,39.61,1,93.98,57.89,Intermediate
S03478,1,32.38,42.57,28.05,18.21,74.18,85.74,45.07,48.87,26.98,0,82.2,30.3,Beginner
S03479,1,73.55,69.15,45.96,48.21,56.07,87.45,72.95,61.53,42.37,0,87.11,59.22,Intermediate
S03480,2,42.87,39.78,67.89,71.14,47.87,82.19,81.55,53.93,25.11,1,94.14,55.42,Intermediate
S03481,1,49.65,100.0,54.37,35.85,55.29,84.08,84.76,64.11,38.36,0,40.96,59.97,Intermediate
S03482,2,44.23,36.6,5.96,23.6,82.2,82.1,37.79,31.36,38.86,1,90.03,27.6,Beginner
S03483,6,52.76,59.19,39.09,53.82,70.56,94.3,65.65,44.13,53.98,2,90.7,51.21,Intermediate
S03484,6,55.27,44.37,58.33,59.07,61.67,98.35,68.51,61.51,18.27,1,97.01,54.26,Advanced
S03485,4,73.95,32.7,28.17,39.07,57.56,74.16,61.38,21.47,27.5,2,54.87,43.47,Beginner
S03486,3,77.06,50.1,52.28,28.95,69.57,94.01,58.78,65.62,31.34,1,67.06,52.1,Intermediate
S03487,5,75.71,57.21,61.23,73.46,51.18,83.03,80.21,36.13,47.92,0,70.89,66.9,Advanced
S03488,3,59.56,47.05,78.78,60.94,89.38,84.7,67.5,40.18,27.86,0,81.21,61.58,Intermediate
S03489,6,56.17,85.15,85.73,90.07,66.92,100,87.46,76.12,49.55,0,84.91,79.28,Advanced
S03490,5,49.06,78.45,82.14,65.38,60.0,87.49,85.53,86.58,53.33,2,63.08,68.76,Advanced
S03491,5,66.7,63.29,70.24,55.46,34.43,83.95,83.23,89.21,55.8,0,94.63,63.93,Advanced
S03492,4,52.13,56.84,66.65,58.9,71.31,93.77,70.28,67.94,50.41,0,78.29,58.63,Intermediate
S03493,3,67.19,47.81,32.66,25.27,71.93,89.79,53.24,41.34,27.29,0,72.09,43.23,Beginner
S03494,2,53.7,44.67,60.95,45.72,64.15,82.59,67.98,28.86,41.34,0,77.29,51.26,Intermediate
S03495,5,58.67,57.02,50.95,46.99,46.58,77.86,63.54,48.55,33.41,0,96.62,53.41,Intermediate
S03496,4,90.69,86.0,100.0,95.47,45.62,91.05,100.0,92.87,77.16,0,91.1,93.04,Advanced
S03497,6,17.58,72.3,35.37,23.74,66.98,76.72,55.37,38.4,36.41,1,43.57,37.25,Beginner
S03498,5,44.25,24.95,26.38,43.24,83.02,88.17,54.12,49.85,32.41,1,65.86,34.71,Beginner
S03499,3,34.27,7.4,10.93,10.11,63.86,76.72,27.79,22.93,0.0,2,67.53,15.68,Beginner
S03500,5,42.01,38.94,55.73,58.64,76.34,79.68,60.2,32.09,13.2,0,92.56,48.83,Intermediate
S03501,5,69.16,67.48,57.65,91.79,69.06,96.98,66.36,71.83,48.11,0,79.88,71.52,Advanced
S03502,9,58.62,61.63,41.69,42.8,53.3,93.85,51.84,50.36,7.92,1,82.86,51.18,Intermediate
S03503,2,29.95,42.1,43.38,42.02,82.84,82.02,56.55,58.5,31.44,0,79.36,39.36,Intermediate
S03504,6,100.0,99.57,76.03,100.0,32.59,100,100.0,95.59,58.28,0,79.97,93.9,Advanced
S03505,7,28.04,58.43,55.79,42.89,73.47,77.1,68.85,65.32,23.72,1,55.62,46.29,Beginner
S03506,7,72.82,44.14,52.68,80.22,65.89,74.98,53.29,55.05,45.62,0,56.06,62.46,Intermediate
S03507,2,66.16,47.82,48.63,46.7,86.18,83.62,84.2,49.74,39.09,0,78.11,52.33,Intermediate
S03508,3,40.4,34.43,43.52,39.32,99.15,85.53,38.95,32.85,13.46,1,87.55,39.42,Beginner
S03509,1,6.58,38.42,24.06,1.95,91.53,83.1,40.85,20.19,0.96,3,56.83,17.75,Beginner
S03510,2,70.94,52.31,63.02,81.96,52.88,89.47,96.52,62.49,68.21,0,75.87,67.06,Advanced
S03511,6,62.18,64.41,65.83,71.02,50.91,100,73.33,58.94,76.84,0,89.14,65.86,Advanced
S03512,10,63.57,56.19,78.49,50.3,63.51,88.35,77.33,81.15,45.53,1,69.62,62.14,Advanced
S03513,2,56.76,84.7,67.16,65.16,61.88,89.03,85.62,100.0,59.28,1,67.76,68.45,Advanced
S03514,2,37.6,58.49,23.55,64.63,57.11,72.25,47.55,33.15,20.76,1,70.86,46.07,Intermediate
S03515,6,84.96,80.29,75.33,100.0,52.73,100,100.0,100.0,86.3,0,77.68,85.14,Advanced
S03516,7,87.62,94.88,100.0,98.02,18,81.59,100.0,98.05,65.61,0,81.79,95.13,Advanced
S03517,3,37.39,51.57,62.44,65.19,76.25,71.81,66.92,53.32,52.25,1,94.68,54.15,Intermediate
S03518,1,30.31,53.84,12.28,50.84,65.22,87.44,65.06,51.61,30.09,2,60.3,36.82,Beginner
S03519,6,40.67,58.31,60.39,44.67,65.59,90.43,64.05,64.34,46.38,0,70.21,51.01,Intermediate
S03520,4,98.66,94.28,97.15,87.47,67.66,100,100.0,100.0,56.17,0,83.74,94.39,Advanced
S03521,3,23.31,42.04,49.7,35.93,40.95,80.83,51.26,37.48,19.12,0,79.6,37.75,Beginner
S03522,6,50.12,54.07,43.12,47.82,63.58,73.55,56.44,43.02,25.9,3,97.06,48.78,Intermediate
S03523,4,73.61,52.38,42.3,28.92,64.16,97.62,63.16,50.44,36.86,0,73.28,49.3,Intermediate
S03524,1,80.28,52.09,79.23,96.6,43.97,95.26,98.19,62.56,53.03,0,65.07,77.05,Advanced
S03525,2,48.28,60.86,40.92,54.86,67.45,77.54,52.36,43.51,26.84,1,78.37,51.23,Beginner
S03526,8,81.78,68.35,50.11,73.62,42.29,83.13,91.33,83.4,35.1,1,65.22,68.46,Advanced
S03527,5,36.29,33.98,76.9,49.22,66.87,89.32,55.84,61.13,38.11,0,77.0,49.1,Intermediate
S03528,6,53.64,64.44,83.23,64.61,73.13,82.74,73.13,50.05,37.45,1,82.51,66.48,Intermediate
S03529,1,86.07,94.63,91.04,100.0,57.34,82.01,95.25,93.48,63.1,1,84.54,92.94,Advanced
S03530,5,83.89,63.44,70.02,58.75,48.86,100,96.57,79.28,83.56,0,75.03,69.02,Advanced
S03531,4,35.55,44.73,4.81,40.46,95.23,88.52,50.44,44.61,4.84,1,54.3,31.39,Beginner
S03532,5,89.03,90.17,97.07,100.0,34.79,99.3,88.71,100.0,67.12,0,92.21,94.07,Advanced
S03533,1,64.27,64.22,85.15,52.29,75.62,78.1,89.06,78.9,32.02,0,74.63,66.48,Intermediate
S03534,1,40.1,49.11,24.37,24.39,72.75,98.6,52.92,31.99,23.32,1,100.0,34.49,Beginner
S03535,2,49.6,46.14,53.36,73.53,67.01,83.59,82.94,63.77,44.86,0,83.15,55.66,Advanced
S03536,3,56.27,50.84,63.51,50.95,87.37,89.4,65.68,49.87,56.99,0,73.8,55.39,Intermediate
S03537,5,13.72,39.82,22.97,0.0,81.83,70.19,35.85,18.84,0.0,3,71.14,19.13,Beginner
S03538,3,29.56,23.92,22.66,27.31,80.39,75.93,47.41,12.8,5.46,0,95.79,25.86,Beginner
S03539,2,49.92,45.54,37.22,33.66,83.11,84.83,43.06,26.98,34.22,1,85.31,41.58,Beginner
S03540,5,65.51,53.16,63.45,61.57,69.33,81.54,77.47,65.88,66.34,1,100.0,60.92,Advanced
S03541,4,44.41,38.55,69.35,48.69,69.52,83.67,74.72,48.44,21.09,1,68.24,50.25,Intermediate
S03542,1,63.49,66.47,56.61,55.33,75.33,82.64,74.74,65.07,46.91,1,96.97,60.48,Intermediate
S03543,1,51.24,47.26,47.21,54.77,62.01,66.33,39.41,63.65,20.65,0,100.0,50.12,Intermediate
S03544,3,72.0,68.87,78.24,85.13,55.33,95.21,81.61,83.45,70.8,0,90.24,76.06,Advanced
S03545,2,49.82,53.75,41.69,48.02,94.26,79.99,52.22,37.8,53.38,1,87.41,48.32,Intermediate
S03546,6,100.0,81.84,83.61,100.0,37.16,99.1,94.18,100.0,74.78,0,59.17,91.36,Advanced
S03547,5,55.48,37.5,59.82,42.0,38.25,70.86,50.86,38.37,28.3,0,74.88,48.7,Intermediate
S03548,7,54.2,43.59,39.12,26.19,84.39,84.17,64.19,36.62,25.25,0,84.37,40.77,Intermediate
S03549,2,70.11,89.16,96.71,98.25,39.04,96.3,99.63,90.04,67.4,0,81.7,88.56,Advanced
S03550,4,52.04,57.88,71.24,42.64,72.63,74.86,51.02,40.01,34.63,0,85.74,55.95,Intermediate
S03551,7,46.1,45.37,49.13,61.78,53.74,71.32,83.85,61.91,41.12,0,81.4,50.59,Intermediate
S03552,4,26.65,19.29,17.43,12.38,100.99,85.51,30.9,17.05,14.9,1,99.07,18.94,Beginner
S03553,12,22.07,37.75,47.05,37.8,58.09,77.29,37.39,40.45,30.4,2,88.92,36.17,Beginner
S03554,3,57.29,60.26,87.44,68.72,79.73,100,73.18,59.54,44.72,0,89.99,68.43,Advanced
S03555,8,77.81,84.39,94.31,94.65,34.48,93.02,95.3,80.99,78.57,0,100.0,87.79,Advanced
S03556,1,74.31,66.42,75.59,64.57,60.48,100,80.54,64.82,47.22,0,96.59,70.22,Advanced
S03557,1,56.96,76.54,72.34,87.79,55.77,98.66,82.38,71.69,63.2,1,68.77,73.41,Advanced
S03558,5,60.78,81.1,73.97,65.44,52.85,85.13,80.45,71.36,57.07,1,75.76,70.32,Advanced
S03559,5,67.27,80.85,79.08,58.02,65.38,80.78,85.83,66.24,57.52,2,77.39,71.3,Advanced
S03560,8,49.92,45.75,28.09,45.29,75.71,81.36,47.01,43.69,11.91,1,86.65,42.26,Beginner
S03561,4,57.99,48.67,71.82,66.76,73.29,88.79,73.99,75.03,46.98,0,100.0,61.31,Intermediate
S03562,9,72.74,100.0,94.58,82.31,56.02,100,100.0,100.0,88.22,1,75.22,87.41,Advanced
S03563,3,29.4,51.3,39.27,25.24,77.81,77.64,51.3,32.57,4.2,1,68.33,36.3,Beginner
S03564,1,45.19,67.61,45.49,46.93,76.45,80.76,49.31,47.19,28.64,1,79.72,51.3,Intermediate
S03565,3,49.41,54.53,57.44,25.87,87.96,88.23,46.26,51.31,0.0,3,81.34,46.81,Beginner
S03566,3,59.63,42.76,54.97,33.86,80.89,68.45,70.28,57.23,10.77,1,72.99,47.81,Intermediate
S03567,1,53.8,43.72,82.17,48.75,70.59,84.19,47.77,47.08,50.13,0,66.99,57.11,Intermediate
S03568,5,65.66,57.18,72.38,42.67,49.7,79.44,52.23,50.86,34.49,0,75.41,59.47,Intermediate
S03569,5,46.51,51.43,51.73,52.08,54.09,89.09,82.31,48.09,39.88,0,92.85,50.44,Intermediate
S03570,4,82.36,85.2,96.58,89.71,38.88,80.51,98.3,86.35,76.11,0,93.04,88.46,Advanced
S03571,5,93.99,98.53,76.27,96.98,19.85,100,91.54,94.75,51.82,1,76.45,91.44,Advanced
S03572,1,49.85,31.19,52.41,41.29,83.61,100,67.58,38.31,20.99,0,68.55,43.68,Beginner
S03573,4,80.26,74.79,59.46,83.62,59.8,96.73,78.99,77.73,49.52,0,82.67,74.53,Advanced
S03574,3,55.95,72.34,76.45,69.51,42.8,85.05,80.36,81.66,52.11,0,91.51,68.56,Advanced
S03575,7,85.53,97.76,92.08,79.87,39.31,87.9,100.0,85.23,86.3,0,67.24,88.81,Advanced
S03576,1,100.0,80.45,93.82,89.43,32.52,100,100.0,100.0,75.35,1,65.25,90.92,Advanced
S03577,4,63.61,52.91,68.09,61.62,64.93,81.94,70.33,66.16,64.6,0,83.69,61.56,Advanced
S03578,4,100.0,75.92,89.51,98.64,47.14,100,83.84,86.72,77.77,1,62.4,91.02,Advanced
S03579,3,74.92,81.36,66.73,41.91,52.88,76.05,96.25,58.67,47.77,0,88.09,66.23,Intermediate
S03580,5,52.72,51.44,33.82,38.98,81.29,83.13,65.98,54.26,43.37,0,88.0,44.24,Intermediate
S03581,4,23.11,48.14,30.41,40.68,70.87,80.57,57.93,50.56,29.02,1,77.64,35.58,Beginner
S03582,2,56.14,37.15,27.59,42.51,87.09,82.64,57.55,33.17,8.42,1,73.32,40.85,Intermediate
S03583,3,48.49,50.02,66.9,55.14,69.9,77.32,67.44,65.9,43.54,0,100.0,55.14,Intermediate
S03584,3,100.0,94.57,89.01,100.0,39.59,100,100.0,95.04,75.63,0,82.4,95.89,Advanced
S03585,11,32.97,54.53,57.89,33.17,61.57,89.88,60.4,30.55,30.27,0,55.49,44.64,Intermediate
S03586,5,59.38,84.7,84.59,55.17,60.33,95.63,75.02,85.35,59.52,1,52.13,70.96,Advanced
S03587,7,35.52,25.37,15.76,30.01,83.26,77.37,42.12,16.66,18.99,1,80.4,26.67,Beginner
S03588,2,57.47,73.41,66.07,76.9,62.88,78.88,69.26,65.37,31.81,0,86.32,68.46,Intermediate
S03589,3,42.39,53.01,28.25,24.12,52.57,95.83,56.78,28.81,20.05,2,90.82,36.95,Intermediate
S03590,7,25.73,32.81,33.99,25.76,76.78,65.98,56.0,23.97,24.13,3,78.41,29.57,Beginner
S03591,6,54.96,57.9,46.2,50.9,66.62,69.35,55.53,56.27,33.85,0,98.8,52.49,Intermediate
S03592,2,73.73,69.61,99.67,68.02,35.52,84.21,74.31,68.37,58.23,0,71.96,77.76,Advanced
S03593,6,60.44,69.44,98.22,89.35,53.83,88.34,78.55,49.43,34.05,2,75.8,79.36,Advanced
S03594,7,68.72,67.67,87.64,60.64,51.07,89.05,97.36,69.39,54.59,1,74.62,71.17,Advanced
S03595,1,26.1,30.51,28.17,29.16,79.3,89.98,47.32,40.59,17.85,2,100.0,28.48,Intermediate
S03596,3,35.18,72.62,73.25,45.66,38.93,92.93,76.1,63.28,34.49,1,49.73,56.68,Intermediate
S03597,3,58.84,74.83,58.12,66.01,54.99,98.7,55.27,55.9,28.45,0,69.21,64.45,Intermediate
S03598,6,85.61,100.0,100.0,99.24,57.19,100,100.0,92.71,77.2,0,85.81,96.21,Advanced
S03599,4,69.08,65.55,55.7,76.51,53.93,75.06,72.48,82.09,31.57,1,83.65,66.71,Intermediate
S03600,7,80.36,53.6,93.95,81.97,73.81,72.92,74.36,57.36,29.49,1,74.4,77.47,Advanced
S03601,5,63.34,44.73,63.19,59.22,63.79,73.83,71.13,46.01,37.29,0,86.76,57.62,Intermediate
S03602,3,49.38,35.04,62.08,70.25,74.7,83.88,58.02,58.01,31.53,0,76.23,54.19,Intermediate
S03603,4,70.76,49.99,44.13,60.31,45.58,85.32,65.99,34.88,44.62,1,73.03,56.3,Intermediate
S03604,4,93.81,89.53,100.0,89.87,38.93,98.97,100.0,100.0,81.0,0,88.01,93.3,Advanced
S03605,3,31.17,30.54,25.01,30.48,72.31,69.8,45.33,18.2,18.8,1,94.65,29.3,Beginner
S03606,6,37.56,45.46,21.47,38.35,64.04,92.04,41.36,33.13,9.71,1,82.79,35.71,Beginner
S03607,6,38.21,47.94,13.91,28.79,60.87,88.9,60.56,27.72,10.88,3,84.93,32.21,Beginner
S03608,3,70.82,74.06,47.12,78.71,66.62,99.17,79.34,64.11,52.32,1,72.53,67.68,Advanced
S03609,6,86.7,58.38,83.67,84.19,54.05,90.92,82.16,64.28,40.22,0,85.15,78.23,Advanced
S03610,3,30.61,64.89,37.13,46.29,86.03,100,72.93,64.68,30.5,0,64.47,44.73,Intermediate
S03611,5,93.78,73.26,85.38,77.86,71.03,100,90.91,68.58,67.16,1,79.46,82.57,Advanced
S03612,4,43.09,57.71,93.34,53.32,76.93,76.33,80.21,56.25,24.12,0,58.33,61.87,Intermediate
S03613,4,60.48,78.92,76.1,66.1,50.93,93.44,85.78,69.64,63.5,0,72.65,70.4,Advanced
S03614,6,8.38,52.78,8.1,35.21,59.58,87.22,57.12,40.87,12.68,0,40.72,26.12,Beginner
S03615,4,32.44,45.2,45.74,41.4,62.92,81.33,53.07,48.42,32.87,1,92.26,41.2,Intermediate
S03616,5,87.25,80.29,68.03,100.0,47.96,83.65,100.0,84.93,80.92,0,79.84,83.89,Advanced
S03617,3,30.57,27.15,40.23,43.14,72.57,74.77,50.38,23.97,30.1,0,93.62,35.27,Beginner
S03618,3,77.6,53.27,75.02,39.33,41.74,80.95,81.03,69.95,38.16,0,63.59,61.31,Advanced
S03619,4,74.45,58.1,33.92,49.79,64.85,100,68.9,70.18,38.81,0,78.74,54.07,Intermediate
S03620,5,62.92,54.5,46.37,71.74,73.16,99.99,62.75,53.02,35.88,2,78.28,58.88,Intermediate
S03621,5,53.23,48.01,50.28,72.77,57.77,85.39,74.29,62.68,33.61,0,65.26,56.07,Intermediate
S03622,7,55.59,41.63,56.4,42.58,70.08,85.51,56.04,61.41,43.98,1,76.55,49.05,Intermediate
S03623,2,68.19,60.96,74.94,69.4,39.6,100,95.45,74.95,57.49,3,93.92,68.37,Advanced
S03624,4,91.07,91.28,97.62,97.75,57.37,100,100.0,68.85,61.61,0,100.0,94.43,Advanced
S03625,7,18.62,33.12,0.46,16.31,68.89,76.76,37.81,28.46,0.0,1,77.47,17.13,Beginner
S03626,3,46.05,53.87,44.03,22.1,69.66,92.54,59.36,46.06,36.7,0,76.73,41.51,Intermediate
S03627,4,44.91,35.34,52.89,52.2,67.62,78.77,44.81,20.04,27.85,1,83.53,46.33,Intermediate
S03628,1,60.17,60.46,63.29,74.65,31.11,78.06,69.88,67.32,59.4,1,98.31,64.64,Advanced
S03629,6,81.81,64.82,44.61,78.31,42.92,89.41,93.27,51.09,49.46,0,56.99,67.39,Intermediate
S03630,8,96.2,76.14,93.64,88.3,53.05,100,82.26,70.5,62.42,1,81.95,88.57,Advanced
S03631,6,42.8,51.05,61.25,26.82,70.81,87.42,58.25,46.56,37.9,1,58.68,45.48,Beginner
S03632,3,76.01,53.52,66.21,69.98,42.47,73.17,80.04,71.29,63.31,1,76.13,66.43,Advanced
S03633,2,74.08,77.76,81.53,88.26,40.31,92.47,100.0,97.0,72.72,0,93.89,80.41,Advanced
S03634,3,100.0,100.0,96.47,88.34,35.55,99.53,100.0,96.14,66.19,1,93.7,96.2,Advanced
S03635,4,56.4,65.48,52.7,68.76,51.4,84.48,62.05,40.7,38.34,0,87.07,60.84,Intermediate
S03636,1,52.14,57.9,66.76,33.12,44.54,90.91,62.1,53.88,22.35,1,79.44,52.48,Beginner
S03637,5,72.37,64.15,83.66,84.73,57.38,79.15,88.85,67.78,70.81,0,95.8,76.23,Advanced
S03638,5,49.02,44.79,50.79,62.6,58.78,68.81,53.76,52.02,29.78,0,85.06,51.8,Intermediate
S03639,2,45.15,33.79,19.64,21.81,59.51,73.58,54.03,10.97,4.09,3,86.44,30.1,Beginner
S03640,4,64.94,46.15,61.79,77.97,56.51,88.55,73.15,39.58,36.25,1,65.86,62.71,Intermediate
S03641,11,58.03,40.95,58.82,69.86,53.58,96.36,86.53,37.87,40.6,0,77.8,56.92,Intermediate
S03642,6,69.89,54.98,42.38,37.97,84.24,91.86,80.95,45.36,28.35,0,90.71,51.3,Beginner
S03643,8,91.67,95.9,88.67,84.49,69.14,100,94.61,90.34,67.3,0,86.92,90.18,Advanced
S03644,1,61.79,58.24,79.2,78.0,51.6,84.0,79.71,64.91,62.42,1,100.0,69.31,Intermediate
S03645,7,54.09,66.11,74.33,57.95,66.48,86.82,72.22,53.17,47.36,1,80.49,63.12,Intermediate
S03646,4,74.96,60.42,77.59,70.46,44.38,71.36,85.97,53.72,48.31,1,83.14,70.86,Advanced
S03647,5,50.16,53.99,42.36,49.83,48.43,92.45,76.52,53.61,42.77,0,81.75,49.09,Intermediate
S03648,7,34.6,65.25,36.73,42.62,74.77,93.11,62.44,52.19,46.57,0,65.3,44.8,Intermediate
S03649,4,43.11,51.01,7.41,22.78,123.63,83.83,33.34,30.63,0.0,4,79.37,31.07,Beginner
S03650,5,82.44,88.74,93.62,71.17,67.97,91.99,95.87,70.83,50.74,0,81.09,83.99,Advanced
S03651,1,29.88,39.08,69.52,35.73,84.57,79.96,59.43,58.96,31.03,1,66.22,43.55,Intermediate
S03652,1,57.66,60.43,65.21,73.88,42.71,100,78.53,61.08,63.66,1,100.0,64.29,Advanced
S03653,7,41.55,53.21,33.66,17.67,70.95,87.36,50.17,30.23,16.69,4,81.32,36.52,Beginner
S03654,5,64.02,75.34,83.62,54.63,49.89,89.37,76.05,76.59,54.79,0,62.73,69.41,Advanced
S03655,1,45.72,38.84,64.2,38.98,74.01,75.62,70.71,63.6,11.91,0,76.14,46.93,Intermediate
S03656,4,100.0,100.0,88.3,100.0,45.4,100,100.0,95.96,93.76,0,87.43,97.08,Advanced
S03657,1,47.65,32.15,42.28,39.39,64.57,74.8,60.95,38.97,23.83,0,80.5,40.37,Intermediate
S03658,4,72.94,65.07,69.73,48.84,58.7,100,89.58,79.63,78.13,0,83.89,64.15,Advanced
S03659,4,60.61,76.0,57.88,45.81,52.47,82.9,78.66,60.38,43.33,0,78.62,60.08,Advanced
S03660,2,100.0,93.06,100.0,90.36,54.71,86.45,100.0,100.0,70.1,0,86.08,95.86,Advanced
S03661,3,42.68,48.66,40.25,34.28,83.22,73.26,52.14,42.42,51.75,1,90.76,41.47,Beginner
S03662,3,49.9,33.37,48.19,42.39,60.85,66.08,57.26,35.91,37.51,1,77.83,43.46,Beginner
S03663,2,41.1,61.15,49.82,95.85,70.93,72.74,64.44,73.62,47.42,0,47.76,61.98,Intermediate
S03664,4,33.49,82.6,85.74,63.44,44.52,86.53,81.48,53.89,48.54,0,42.17,66.32,Advanced
S03665,4,42.81,51.29,41.53,38.28,92.82,72.14,68.92,34.07,14.43,0,90.88,43.48,Beginner
S03666,8,48.53,40.74,54.49,56.84,60.68,94.63,80.68,75.13,46.07,1,89.14,50.15,Advanced
S03667,9,39.08,64.41,28.75,49.83,65.24,81.07,56.15,44.13,39.05,0,68.65,45.52,Beginner
S03668,5,76.92,53.27,100.0,74.13,60.8,80.72,81.86,63.79,56.42,0,59.86,76.08,Advanced
S03669,2,76.52,28.45,59.13,52.74,45.34,83.43,78.44,60.83,19.23,0,50.96,54.21,Intermediate
S03670,4,100.0,85.91,100.0,86.63,46.06,96.72,92.68,93.48,77.86,0,78.25,93.13,Advanced
S03671,4,38.41,48.66,43.6,36.25,73.58,94.14,60.49,34.4,49.58,0,75.79,41.73,Intermediate
S03672,6,51.85,51.59,56.31,75.67,75.13,78.4,77.09,68.18,39.84,1,80.44,58.85,Intermediate
S03673,3,61.44,53.12,71.8,60.93,54.93,92.52,80.7,82.14,70.49,0,90.36,61.82,Advanced
S03674,5,55.0,51.61,42.75,41.82,74.4,93.36,69.96,45.62,10.56,0,86.39,47.79,Intermediate
S03675,4,22.03,40.45,33.1,37.56,72.65,71.33,32.59,31.47,0.0,1,74.11,33.29,Beginner
S03676,6,58.29,75.64,40.86,45.38,61.29,85.41,73.34,66.73,44.38,0,79.78,55.04,Intermediate
S03677,8,58.89,54.43,41.41,61.59,61.92,100,67.96,43.43,34.48,1,87.13,54.08,Intermediate
S03678,6,89.27,94.32,77.88,74.07,42.17,89.88,98.39,73.22,83.25,0,99.25,83.88,Advanced
S03679,1,53.43,59.62,63.61,54.2,34.62,100,63.44,39.84,52.61,0,95.33,57.72,Intermediate
S03680,5,96.47,100.0,72.69,87.36,28.19,100,100.0,92.54,64.62,0,80.59,89.13,Advanced
S03681,6,72.37,71.32,86.69,61.06,78.76,91.94,66.21,54.39,44.68,0,86.53,72.86,Intermediate
S03682,1,37.01,47.48,61.02,49.8,59.48,93.58,60.31,44.0,36.55,2,78.11,48.83,Intermediate
S03683,4,28.9,55.77,63.0,63.12,68.52,91.26,56.02,41.16,26.61,0,82.63,52.7,Beginner
S03684,2,57.76,66.38,50.58,68.77,62.52,84.41,56.2,40.54,39.27,1,71.56,60.87,Intermediate
S03685,1,69.78,54.52,70.02,44.11,51.33,82.08,69.21,48.75,36.88,0,63.14,59.61,Intermediate
S03686,3,46.61,24.05,57.85,26.75,77.04,87.38,63.08,37.37,8.8,2,57.35,38.82,Beginner
S03687,8,60.06,75.31,87.81,74.1,49.47,100,90.09,56.76,68.98,0,88.51,74.32,Advanced
S03688,6,0.0,0.0,4.21,0.0,85.59,61.39,16.9,0.0,0.0,3,92.91,1.05,Beginner
S03689,4,41.87,48.39,39.8,28.23,58.54,81.44,60.79,38.11,16.6,1,76.45,39.57,Beginner
S03690,6,67.25,44.34,70.84,67.54,71.76,94.14,90.0,58.72,52.17,0,65.75,62.49,Intermediate
S03691,3,60.77,88.99,79.31,75.44,40.85,86.89,66.63,61.51,36.94,1,70.88,76.13,Advanced
S03692,2,28.57,26.96,14.15,14.6,66.11,78.14,42.32,44.56,0.39,2,92.0,21.07,Beginner
S03693,10,34.25,64.52,51.79,70.7,77.77,79.0,65.27,46.69,35.45,1,67.96,55.31,Intermediate
S03694,5,68.66,48.62,86.9,62.11,51.54,91.54,89.6,65.55,54.51,1,52.92,66.57,Intermediate
S03695,4,53.83,37.44,40.41,17.74,66.89,91.7,44.56,43.27,17.78,1,60.32,37.36,Beginner
S03696,6,59.13,35.6,54.45,52.71,65.31,79.36,58.17,57.16,43.46,0,70.51,50.47,Intermediate
S03697,4,35.89,51.67,47.6,40.36,57.68,80.82,56.26,44.36,32.26,0,86.52,43.88,Beginner
S03698,7,64.07,70.46,57.88,44.16,72.7,96.26,91.29,77.44,70.46,1,76.74,59.14,Advanced
S03699,8,73.43,48.17,60.72,56.8,47.8,85.46,80.3,65.98,40.12,0,74.12,59.78,Advanced
S03700,1,74.38,67.27,85.51,79.8,44.94,94.69,100.0,95.21,54.29,0,77.68,76.74,Advanced
S03701,3,47.53,65.42,55.03,62.15,69.24,90.12,63.91,54.78,51.5,0,67.32,57.53,Intermediate
S03702,4,34.34,47.27,36.77,33.93,99.42,81.58,50.04,43.93,19.47,1,80.91,38.08,Beginner
S03703,3,53.4,71.28,44.4,80.52,76.2,94.92,73.4,50.17,45.08,1,71.31,62.4,Intermediate
S03704,6,43.6,54.06,21.72,53.64,69.07,83.63,68.47,41.85,13.56,1,72.73,43.26,Intermediate
S03705,4,25.3,59.1,49.26,18.79,73.48,89.89,46.47,40.15,53.38,0,48.05,38.11,Intermediate
S03706,8,86.8,66.28,87.15,67.3,54.94,100,98.79,86.88,78.92,2,64.68,76.88,Advanced
S03707,4,58.63,79.89,39.53,76.83,55.72,77.16,87.94,50.14,49.12,0,50.82,63.72,Intermediate
S03708,4,61.29,56.21,39.28,58.66,64.57,85.66,70.71,52.47,38.6,1,90.71,53.86,Intermediate
S03709,7,56.72,49.68,49.27,44.59,67.24,95.59,73.64,59.86,27.15,1,91.73,50.06,Intermediate
S03710,5,49.38,55.75,58.44,63.9,56.76,100,68.57,70.49,40.77,0,96.95,56.87,Advanced
S03711,6,51.08,50.79,43.3,37.64,58.09,86.91,60.79,37.12,25.6,0,92.34,45.7,Intermediate
S03712,6,86.71,83.46,78.65,88.79,33.34,85.28,99.34,79.47,55.75,0,88.5,84.4,Advanced
S03713,5,84.49,100.0,100.0,100.0,68.74,92.58,100.0,89.33,97.79,0,78.15,96.12,Advanced
S03714,8,36.07,20.94,57.92,58.61,100.32,85.37,57.81,51.52,33.21,2,85.84,43.39,Intermediate
S03715,1,49.51,64.05,58.3,51.19,52.7,87.68,62.58,67.02,13.5,0,78.62,55.76,Intermediate
S03716,2,93.79,100.0,98.36,89.11,50.46,100,100.0,83.6,68.35,2,99.51,95.31,Advanced
S03717,7,56.33,79.25,85.24,95.55,43.95,91.87,89.34,71.66,63.94,0,78.99,79.09,Advanced
S03718,4,98.45,79.85,74.73,86.92,54.54,100,100.0,94.06,43.03,0,67.41,84.99,Advanced
S03719,4,76.2,73.31,87.51,75.92,54.56,100,100.0,94.2,90.22,0,92.92,78.23,Advanced
S03720,1,48.95,62.72,77.07,57.66,59.18,87.15,73.41,54.45,37.53,0,74.94,61.6,Intermediate
S03721,6,81.05,91.14,84.37,100.0,40.28,94.98,86.96,72.96,87.98,0,86.09,89.14,Advanced
S03722,4,84.55,70.84,88.99,65.21,61.16,86.21,86.06,62.9,40.55,0,70.97,77.4,Advanced
S03723,6,40.32,38.08,70.17,56.58,72.21,81.59,69.1,53.17,28.41,0,85.19,51.29,Intermediate
S03724,5,44.95,58.95,44.4,58.39,41.45,77.46,75.65,46.4,36.41,0,88.53,51.67,Intermediate
S03725,2,59.19,55.98,46.63,41.77,55.99,94.67,73.11,56.18,43.8,2,89.01,50.89,Intermediate
S03726,1,24.97,48.45,14.63,27.91,73.69,78.84,54.18,29.74,11.37,1,70.21,28.99,Beginner
S03727,1,58.52,57.04,43.79,47.3,52.77,80.45,73.64,40.41,26.64,0,100.0,51.66,Intermediate
S03728,2,100.0,100.0,93.97,96.7,28.08,100,100.0,80.58,86.92,1,98.08,97.67,Advanced
S03729,4,71.87,69.67,69.96,72.39,47.5,93.18,92.53,84.51,58.36,0,89.64,70.97,Advanced
S03730,6,79.29,71.26,87.52,88.08,58.34,87.79,87.89,90.04,74.33,0,80.64,81.54,Advanced
S03731,6,37.07,55.15,47.08,54.69,66.0,87.07,73.93,50.45,25.15,2,79.79,48.5,Beginner
S03732,6,48.46,77.96,40.53,64.7,62.67,79.42,69.88,71.6,56.68,0,46.85,57.91,Advanced
S03733,2,42.41,78.89,70.24,48.48,49.92,100,88.53,53.74,55.56,0,49.77,60.01,Advanced
S03734,6,39.6,42.91,69.73,27.03,80.4,84.19,78.89,49.42,24.69,0,56.41,44.82,Beginner
S03735,6,99.74,100.0,81.7,100.0,38.99,100,92.7,78.71,75.78,0,82.95,95.36,Advanced
S03736,4,32.66,15.68,8.67,23.11,77.19,76.34,53.93,29.03,8.62,4,68.31,20.03,Beginner
S03737,8,87.07,84.59,67.98,83.9,59.36,90.27,94.71,78.31,47.23,0,79.01,80.88,Advanced
S03738,5,62.07,61.61,67.76,65.62,47.45,89.43,97.62,61.58,40.81,0,95.73,64.26,Advanced
S03739,4,64.74,46.5,46.97,40.01,67.94,78.6,63.28,51.85,29.65,0,75.96,49.56,Beginner
S03740,1,60.29,61.32,45.36,53.81,54.28,83.06,61.39,56.95,35.3,0,89.83,55.2,Intermediate
S03741,7,63.24,71.53,72.89,75.9,68.98,89.25,83.09,57.89,56.18,1,98.49,70.89,Advanced
S03742,4,96.73,100.0,94.52,79.68,38.15,100,86.0,100.0,67.93,0,78.43,92.73,Advanced
S03743,1,61.62,78.49,68.2,44.84,49.59,86.8,74.43,69.54,36.9,0,67.41,63.29,Advanced
S03744,2,17.74,22.9,13.61,35.28,80.07,81.27,44.6,31.53,17.83,0,75.71,22.38,Beginner
S03745,6,54.48,70.76,50.95,67.02,46.54,99.32,52.51,48.12,27.56,0,83.91,60.8,Intermediate
S03746,2,60.6,48.8,74.85,60.24,54.51,77.1,76.32,61.12,45.67,2,85.09,61.12,Intermediate
S03747,5,49.96,77.41,51.78,69.97,54.57,84.78,81.02,71.38,64.98,0,60.42,62.28,Advanced
S03748,5,79.05,79.23,92.68,73.88,44.91,100,99.19,90.79,67.69,0,85.66,81.21,Advanced
S03749,3,48.18,30.36,18.84,30.7,57.87,74.49,39.79,45.15,20.51,1,75.78,32.02,Beginner
S03750,7,52.62,44.88,33.56,30.94,72.62,95.68,52.39,32.69,29.68,0,94.41,40.5,Intermediate
S03751,5,93.2,79.19,98.05,84.08,48.83,89.71,100.0,67.05,87.06,0,74.78,88.63,Advanced
S03752,2,60.19,62.42,77.08,46.78,79.98,83.42,59.11,74.96,37.04,0,77.67,61.62,Advanced
S03753,1,53.38,49.56,44.21,73.41,87.21,81.58,53.44,50.25,27.39,1,77.5,55.14,Intermediate
S03754,4,95.74,74.67,64.58,64.94,61.87,99.57,86.86,85.14,50.3,0,71.81,74.98,Advanced
S03755,3,79.42,61.68,48.36,96.03,42.78,97.31,90.17,62.25,52.21,1,59.68,71.37,Advanced
S03756,3,43.88,44.49,4.89,12.82,71.6,76.43,57.29,41.18,25.48,0,92.64,26.52,Beginner
S03757,3,67.5,85.5,65.81,80.97,51.92,99.05,95.37,83.46,82.12,0,69.69,74.95,Advanced
S03758,4,43.14,54.68,75.41,55.4,53.59,99.51,72.03,67.15,53.42,0,67.9,57.16,Advanced
S03759,2,63.67,68.6,85.8,64.62,49.19,81.22,68.41,66.55,51.96,0,70.35,70.67,Advanced
S03760,4,37.65,53.59,29.56,61.53,70.21,89.86,68.32,44.14,32.65,0,65.97,45.58,Intermediate
S03761,3,69.96,65.64,76.71,96.43,50.8,99.51,74.92,64.65,53.14,0,91.51,77.18,Advanced
S03762,3,28.35,21.41,29.04,31.06,76.7,85.32,51.63,40.19,11.36,0,77.73,27.46,Beginner
S03763,4,58.45,51.02,37.59,53.25,70.24,63.38,63.43,49.99,22.17,1,91.3,50.08,Intermediate
S03764,6,37.18,54.94,22.97,54.13,61.77,88.19,65.86,51.94,37.86,0,67.33,42.3,Intermediate
S03765,5,52.47,77.44,64.2,63.11,58.03,81.64,81.84,49.01,30.83,0,78.34,64.3,Intermediate
S03766,5,67.14,52.73,56.55,72.58,61.1,85.41,82.41,42.45,43.99,2,79.3,62.25,Intermediate
S03767,8,41.2,33.75,42.26,36.8,85.04,77.14,33.83,16.46,12.67,0,98.32,38.5,Intermediate
S03768,4,36.32,50.13,17.58,66.82,64.67,86.82,70.68,42.58,33.95,2,56.45,42.71,Beginner
S03769,2,65.61,88.09,88.09,75.99,69.55,100,74.93,63.31,55.11,0,66.22,79.45,Advanced
S03770,6,44.66,46.65,33.15,46.14,71.55,85.51,66.01,34.16,37.02,0,89.33,42.65,Intermediate
S03771,2,47.18,27.25,20.26,23.32,61.1,92.66,50.89,45.36,9.75,3,82.74,29.5,Beginner
S03772,3,37.01,45.04,25.53,30.31,48.04,69.83,44.72,30.34,0.0,1,86.59,34.47,Beginner
S03773,3,41.8,31.37,22.86,23.33,81.71,70.27,38.75,42.56,19.0,1,89.04,29.84,Beginner
S03774,1,49.0,63.47,63.61,35.38,48.61,87.56,71.42,78.31,46.05,0,77.06,52.86,Advanced
S03775,7,82.58,98.47,85.38,65.94,57.1,96.95,87.81,68.47,64.62,1,78.47,83.09,Advanced
S03776,1,33.33,51.98,64.06,26.87,62.77,86.95,85.15,60.22,26.23,0,59.65,44.06,Beginner
S03777,5,65.55,50.98,82.25,69.59,58.67,89.82,74.06,77.38,53.92,0,83.45,67.09,Advanced
S03778,4,44.03,42.12,35.26,21.5,59.36,82.64,52.42,28.26,37.82,0,86.15,35.73,Intermediate
S03779,5,51.98,67.42,68.44,63.64,80.55,87.85,85.65,56.69,45.38,0,72.89,62.87,Advanced
S03780,8,72.55,70.4,55.15,63.61,71.44,80.37,55.86,50.89,34.36,0,88.72,65.43,Intermediate
S03781,5,56.49,51.53,48.45,57.6,77.78,84.45,62.57,57.36,28.7,1,92.04,53.52,Intermediate
S03782,4,79.71,72.2,65.27,63.79,71.79,77.99,79.8,63.3,39.61,1,85.92,70.24,Advanced
S03783,7,39.37,49.87,59.32,34.01,68.1,85.66,57.37,55.81,39.99,0,70.79,45.64,Intermediate
S03784,5,22.94,28.22,57.73,60.53,84.55,94.09,57.33,30.32,21.66,0,100.0,42.36,Beginner
S03785,1,73.84,55.82,60.62,59.44,65.48,100,63.03,52.69,34.43,0,82.94,62.43,Intermediate
S03786,2,26.94,64.05,39.68,56.69,79.6,81.9,55.02,52.09,28.05,1,54.47,46.84,Intermediate
S03787,3,57.35,34.95,49.75,36.34,78.18,90.96,46.47,37.55,18.69,1,75.88,44.6,Beginner
S03788,6,82.73,49.46,47.92,35.43,64.33,96.19,56.63,46.06,52.66,0,64.91,53.89,Intermediate
S03789,3,50.19,57.45,40.79,60.93,76.53,84.82,48.61,56.5,41.26,0,95.75,52.34,Intermediate
S03790,6,33.08,26.19,18.38,56.33,52.66,75.93,45.96,41.92,22.79,1,79.8,33.5,Beginner
S03791,4,70.03,66.71,61.36,78.97,61.69,93.27,65.76,69.34,31.27,0,82.46,69.27,Intermediate
S03792,1,47.33,29.24,49.42,55.07,73.07,95.67,59.35,69.51,23.76,0,82.02,45.26,Intermediate
S03793,6,52.93,62.17,58.63,69.63,63.34,90.63,66.78,64.65,41.23,1,92.39,60.84,Advanced
S03794,3,47.1,54.83,55.41,71.98,53.34,90.77,74.94,61.25,38.77,1,82.31,57.33,Advanced
S03795,5,44.62,65.68,58.92,69.56,65.41,83.1,50.49,42.99,19.57,1,62.62,59.69,Intermediate
S03796,2,84.43,89.11,100.0,81.95,55.92,88.7,100.0,81.62,68.4,0,81.81,88.87,Advanced
S03797,1,33.65,24.69,48.04,44.22,75.89,94.69,61.21,78.03,22.11,2,86.49,37.65,Intermediate
S03798,1,60.01,81.05,65.58,56.72,58.57,92.01,90.2,77.16,78.78,0,70.69,65.84,Advanced
S03799,1,37.5,49.48,9.34,26.38,66.79,53.81,57.5,52.45,14.08,1,82.9,30.68,Beginner
S03800,9,76.27,79.48,71.79,63.48,59.32,100,71.22,64.25,39.8,0,93.83,72.76,Intermediate
S03801,4,14.89,19.37,30.86,31.72,65.21,85.09,39.59,16.34,22.87,1,89.83,24.21,Beginner
S03802,6,52.22,43.36,54.72,37.25,56.48,80.04,65.28,50.23,42.53,1,84.77,46.89,Intermediate
S03803,9,52.02,52.29,57.0,44.23,83.8,79.66,79.27,60.06,27.55,1,91.97,51.38,Intermediate
S03804,5,69.32,58.39,71.06,57.8,81.47,84.91,91.43,72.05,50.33,1,78.28,64.14,Intermediate
S03805,2,71.08,38.22,27.82,36.92,80.51,89.41,63.1,48.29,34.12,0,63.14,43.51,Intermediate
S03806,6,100.0,79.07,93.0,91.18,48.67,100,98.45,84.16,58.29,0,83.71,90.81,Advanced
S03807,2,91.72,98.1,86.93,96.63,41.52,90.07,100.0,97.73,76.01,0,90.58,93.34,Advanced
S03808,1,61.21,60.32,66.51,58.91,43.31,84.48,89.8,67.81,62.52,0,93.83,61.74,Intermediate
S03809,2,44.19,24.57,47.08,39.72,57.44,88.48,59.62,43.05,25.85,1,71.56,38.89,Beginner
S03810,2,75.12,60.36,83.23,76.72,32.94,97.32,80.82,65.78,61.9,0,91.72,73.86,Advanced
S03811,4,48.87,59.48,45.58,51.77,80.92,99.16,59.82,55.72,43.61,0,79.19,51.42,Intermediate
S03812,5,57.89,50.17,31.24,40.84,75.46,76.08,61.09,51.15,31.38,0,74.21,45.04,Intermediate
S03813,4,69.22,100.0,90.01,76.21,44.52,74.63,99.24,62.43,65.86,0,53.71,83.86,Advanced
S03814,5,45.89,69.86,58.45,37.98,77.91,80.39,49.54,36.32,40.28,0,59.53,53.04,Intermediate
S03815,5,50.31,49.91,44.32,61.68,69.44,79.91,79.05,64.29,33.1,0,85.37,51.55,Intermediate
S03816,10,22.95,63.36,58.75,32.14,81.74,86.4,64.43,50.97,51.84,0,38.82,44.3,Intermediate
S03817,5,57.41,58.67,77.65,82.45,70.11,100,100.0,56.92,73.02,0,93.45,69.05,Advanced
S03818,7,67.77,58.78,81.88,75.62,58.68,72.41,66.54,61.54,33.78,0,82.63,71.01,Intermediate
S03819,5,79.92,100.0,100.0,90.87,54.98,100,98.77,87.34,80.54,0,67.52,92.7,Advanced
S03820,8,37.69,39.11,44.04,63.41,60.28,80.64,78.95,51.59,43.38,0,59.95,46.06,Beginner
S03821,3,41.8,28.93,23.99,26.82,74.49,82.1,50.64,34.18,26.56,2,89.97,30.38,Beginner
S03822,6,94.2,93.99,74.04,78.53,28.37,100,100.0,86.04,59.71,0,89.68,85.19,Advanced
S03823,5,82.65,61.52,53.61,51.12,52.21,87.5,85.89,89.91,65.91,0,72.87,62.23,Advanced
S03824,7,63.81,68.4,74.41,77.18,63.1,71.91,73.65,61.98,38.18,1,100.0,70.95,Advanced
S03825,6,44.49,57.89,72.34,41.59,62.09,86.13,76.75,62.48,42.32,0,65.2,54.08,Advanced
S03826,5,93.44,81.53,75.51,71.44,49.24,91.39,100.0,74.02,69.1,1,94.36,80.48,Advanced
S03827,6,71.96,73.64,50.4,60.8,57.25,84.6,81.96,67.15,38.24,0,93.49,64.2,Intermediate
S03828,8,40.54,52.54,58.43,58.42,71.26,87.05,53.09,47.07,32.02,1,85.48,52.48,Intermediate
S03829,5,75.3,58.61,65.62,37.83,55.85,95.4,88.95,65.22,47.03,0,61.43,59.34,Intermediate
S03830,5,67.75,78.01,67.73,88.84,51.44,87.17,80.94,72.35,60.96,0,76.57,75.58,Advanced
S03831,7,45.77,27.14,49.24,32.84,62.48,82.16,64.05,55.94,21.39,1,80.15,38.75,Beginner
S03832,3,65.53,90.06,82.22,66.21,33.39,86.8,80.18,94.92,56.67,1,53.88,76.0,Advanced
S03833,6,64.52,82.07,44.46,74.87,61.76,93.24,65.05,69.29,44.51,0,67.41,66.48,Advanced
S03834,2,16.27,38.96,38.47,28.22,98.78,82.15,50.84,31.73,19.25,1,53.84,30.48,Beginner
S03835,8,78.24,71.55,72.42,63.82,48.49,94.73,85.08,48.45,49.54,0,96.75,71.51,Advanced
S03836,5,98.38,89.85,100.0,100.0,32.37,90.04,100.0,87.25,100.0,0,98.14,97.06,Advanced
S03837,8,57.94,69.5,65.45,97.26,44.59,92.96,85.67,72.86,34.16,0,64.04,72.54,Advanced
S03838,7,71.24,86.45,69.63,43.11,76.2,82.81,61.98,55.43,38.43,1,76.77,67.61,Intermediate
S03839,6,58.05,60.77,52.82,47.75,48.6,80.5,79.2,54.73,38.86,0,100.0,54.85,Intermediate
S03840,5,95.74,88.97,72.07,90.23,43.06,100,100.0,90.93,61.16,0,84.48,86.75,Advanced
S03841,1,61.3,72.54,38.0,52.18,52.1,76.19,73.57,48.03,36.68,1,76.78,56.01,Beginner
S03842,4,36.26,60.05,37.97,38.68,83.17,81.1,65.06,57.48,25.39,0,68.58,43.24,Intermediate
S03843,1,62.69,66.76,76.27,67.64,70.95,82.68,68.75,31.42,18.18,1,79.51,68.34,Intermediate
S03844,3,81.41,71.12,94.83,82.89,67.9,88.77,99.22,82.36,38.3,0,78.92,82.56,Advanced
S03845,4,61.5,52.0,25.52,46.58,82.57,85.88,57.68,34.79,17.36,1,79.28,46.4,Beginner
S03846,1,83.1,41.19,64.41,66.36,76.84,76.23,60.97,47.74,37.8,0,48.19,63.76,Intermediate
S03847,6,54.35,45.92,66.24,72.6,56.56,66.82,81.65,67.13,53.81,0,90.11,59.78,Intermediate
S03848,3,39.06,47.38,47.67,55.09,64.61,87.88,67.43,49.89,42.36,0,86.49,47.3,Intermediate
S03849,1,54.17,59.1,41.75,68.25,61.6,80.56,84.96,70.58,58.88,0,82.82,55.82,Advanced
S03850,7,33.01,12.36,29.13,23.1,99.95,85.84,28.02,47.22,20.03,1,78.06,24.4,Beginner
S03851,4,91.54,85.84,83.61,72.27,50.89,89.37,100.0,84.09,67.49,0,84.02,83.31,Advanced
S03852,3,22.95,53.77,22.89,28.03,50.98,80.56,62.42,44.85,40.3,0,71.07,31.91,Beginner
S03853,2,55.61,42.79,48.52,32.3,47.87,87.16,43.74,47.34,38.99,2,83.05,44.8,Beginner
S03854,1,83.86,59.62,87.42,72.17,56.85,92.51,89.46,91.8,57.34,0,73.62,75.77,Advanced
S03855,1,37.95,56.87,49.69,42.3,63.12,81.64,50.77,50.57,10.86,1,77.11,46.7,Beginner
S03856,4,49.37,55.53,51.81,54.79,74.28,77.54,72.9,34.86,44.95,0,84.73,52.87,Intermediate
S03857,5,54.17,44.84,79.74,28.95,52.52,82.9,54.89,45.57,33.6,0,52.96,51.92,Intermediate
S03858,7,56.46,44.45,49.65,42.39,70.65,77.14,63.26,54.56,63.28,0,85.91,48.24,Intermediate
S03859,5,63.42,81.61,52.67,67.96,65.58,89.65,81.45,66.02,58.88,0,77.98,66.42,Advanced
S03860,1,92.85,65.81,63.23,89.92,59.07,91.4,100.0,71.64,62.78,1,64.91,77.95,Advanced
S03861,7,37.67,47.66,46.78,23.11,74.02,81.43,54.3,45.84,42.07,1,75.18,38.81,Intermediate
S03862,7,83.51,66.45,68.88,88.85,57.67,93.96,94.52,73.03,39.41,0,66.03,76.92,Advanced
S03863,2,67.79,85.34,74.83,72.01,36.01,94.88,100.0,79.41,70.8,0,88.12,74.99,Advanced
S03864,6,72.13,76.52,97.88,69.27,55.01,97.72,100.0,75.78,61.03,1,86.68,78.95,Advanced
S03865,5,19.39,39.45,34.73,29.43,68.26,89.01,62.3,38.59,32.76,0,82.29,30.75,Beginner
S03866,5,58.95,51.67,58.93,48.15,56.32,90.73,88.75,58.92,52.76,0,88.83,54.42,Intermediate
S03867,4,45.53,29.21,73.96,21.72,79.91,91.85,50.16,41.75,31.99,0,49.8,42.6,Beginner
S03868,5,95.2,100.0,85.49,90.81,44.21,85.84,100.0,88.85,61.34,1,91.74,92.88,Advanced
S03869,4,80.71,70.76,93.33,73.24,45.85,100,94.36,66.22,52.08,0,78.8,79.51,Advanced
S03870,2,72.12,41.72,70.01,67.11,66.28,94.39,80.79,66.71,53.36,0,57.97,62.74,Intermediate
S03871,4,58.08,62.65,64.0,49.39,85.26,89.98,56.3,40.76,21.11,3,80.04,58.53,Intermediate
S03872,1,38.6,38.95,65.37,64.91,53.22,82.57,63.0,31.07,33.07,1,90.67,51.96,Intermediate
S03873,5,94.77,89.36,74.04,80.69,54.88,87.57,100.0,98.29,84.68,0,100.0,84.72,Advanced
S03874,1,51.31,56.9,67.2,55.62,62.51,78.18,69.51,47.69,60.11,1,87.5,57.75,Intermediate
S03875,5,80.38,71.21,98.91,90.59,34.66,95.19,100.0,80.08,77.76,0,81.69,85.27,Advanced
S03876,4,67.6,69.17,51.88,72.22,61.46,100,100.0,67.75,61.26,0,91.71,65.22,Intermediate
S03877,6,79.61,95.55,66.9,61.94,53.84,92.7,96.61,80.38,56.84,1,75.17,76.0,Advanced
S03878,6,40.13,49.55,57.06,55.9,51.92,80.01,61.26,39.98,30.35,3,89.76,50.66,Intermediate
S03879,3,5.54,16.6,5.52,7.4,72.84,73.17,43.29,19.85,4.68,2,92.82,8.77,Beginner
S03880,7,92.7,100.0,84.45,100.0,58.74,95.39,100.0,71.91,69.46,0,77.56,94.29,Advanced
S03881,1,53.98,23.52,46.0,22.48,47.06,94.47,56.18,60.31,47.9,2,57.24,36.5,Beginner
S03882,5,77.64,68.22,67.23,48.7,64.83,96.47,77.92,75.78,37.98,1,80.75,65.45,Advanced
S03883,7,55.54,69.66,56.34,47.46,68.12,80.05,87.25,62.56,50.88,1,87.51,57.25,Intermediate
S03884,4,37.4,8.96,18.74,35.69,67.29,76.31,40.61,28.69,3.43,4,55.5,25.2,Beginner
S03885,5,48.72,38.85,31.38,47.05,86.71,100,62.48,35.54,52.65,0,64.84,41.5,Beginner
S03886,4,45.24,57.81,38.73,57.8,40.9,91.57,61.81,66.38,46.73,0,79.71,49.9,Intermediate
S03887,1,54.51,37.25,48.4,55.67,79.36,78.77,62.32,44.18,30.49,2,68.99,48.96,Intermediate
S03888,3,40.04,45.19,51.23,49.32,74.77,83.63,64.51,53.59,12.42,0,100.0,46.45,Intermediate
S03889,4,24.95,56.64,40.22,42.89,91.54,84.43,53.95,37.9,14.88,1,54.04,41.18,Beginner
S03890,6,75.76,70.3,59.47,58.13,62.78,87.87,61.54,82.1,42.87,1,100.0,65.91,Advanced
S03891,5,0.0,14.35,0.0,13.61,94.59,86.66,15.94,0.0,0.0,3,80.32,6.99,Beginner
S03892,1,78.64,58.74,56.35,75.61,53.57,87.32,86.32,66.07,52.32,0,60.04,67.33,Advanced
S03893,1,9.66,54.44,40.38,38.24,67.98,81.85,73.84,45.66,4.56,2,50.2,35.68,Beginner
S03894,3,83.59,95.51,90.75,75.23,24.1,86.22,100.0,77.69,66.66,0,77.57,86.27,Advanced
S03895,4,47.95,64.95,44.03,60.8,73.11,84.58,50.34,38.86,33.31,1,69.5,54.43,Intermediate
S03896,8,90.91,83.54,90.13,78.09,32.48,100,100.0,90.14,76.51,0,92.29,85.67,Advanced
S03897,1,41.82,44.95,61.48,33.48,83.05,94.4,61.1,45.19,34.94,2,92.51,45.43,Intermediate
S03898,4,20.64,66.66,42.92,47.3,72.44,80.29,58.62,56.91,4.02,0,53.84,44.38,Intermediate
S03899,1,61.3,60.32,52.89,40.82,63.32,84.06,69.4,48.42,31.96,0,85.65,53.83,Intermediate
S03900,5,35.12,25.15,12.64,20.28,66.09,84.26,27.32,39.27,14.71,0,84.32,23.3,Beginner
S03901,2,48.41,46.36,41.58,36.13,96.24,79.5,46.57,45.43,14.74,0,85.15,43.12,Intermediate
S03902,3,55.66,44.88,61.9,48.43,58.15,82.88,75.6,69.42,46.47,0,81.16,52.72,Advanced
S03903,9,0.0,2.2,28.56,31.84,82.28,67.3,45.6,51.57,18.19,2,100.0,15.65,Beginner
S03904,1,52.3,33.04,29.76,10.4,92.54,66.43,32.13,15.61,15.39,4,67.93,31.38,Beginner
S03905,2,51.64,81.83,53.56,72.77,55.03,87.65,77.12,73.33,41.11,0,64.66,64.95,Advanced
S03906,3,71.84,60.07,61.29,67.42,67.44,79.53,78.74,67.98,57.95,0,96.32,65.15,Intermediate
S03907,1,61.24,74.74,39.65,64.66,80.3,83.18,65.73,58.58,47.65,2,67.67,60.07,Intermediate
S03908,2,73.3,89.27,69.88,73.46,69.89,81.52,91.59,88.62,71.58,0,83.45,76.48,Advanced
S03909,1,77.76,80.07,67.1,60.29,47.82,98.66,87.24,64.65,73.04,0,100.0,71.31,Advanced
S03910,2,47.75,38.26,41.25,44.76,64.68,81.42,56.57,63.75,34.18,0,90.0,43.0,Intermediate
S03911,5,54.66,67.22,88.28,63.53,46.05,91.3,88.52,67.95,42.55,0,76.55,68.42,Intermediate
S03912,6,43.85,21.78,58.17,49.53,62.16,79.76,46.07,49.05,33.49,2,68.23,43.33,Beginner
S03913,8,69.94,63.1,32.66,54.03,68.06,92.15,90.9,60.49,35.26,1,82.95,54.93,Advanced
S03914,2,28.57,13.17,15.88,14.81,84.87,74.59,35.05,7.2,13.32,1,99.63,18.11,Beginner
S03915,3,55.96,69.42,67.47,55.57,59.86,81.56,71.28,68.71,51.52,0,84.45,62.11,Intermediate
S03916,7,67.28,76.79,71.2,73.36,31.04,91.52,96.77,80.54,59.55,1,88.82,72.16,Advanced
S03917,5,40.96,30.9,38.4,18.47,79.12,72.97,59.03,43.76,27.0,1,85.59,32.19,Intermediate
S03918,5,74.59,41.45,59.57,51.84,64.42,73.8,54.47,50.45,27.02,2,59.44,56.86,Intermediate
S03919,3,28.6,56.45,56.82,73.15,87.32,86.3,76.98,53.44,53.87,1,63.15,53.75,Intermediate
S03920,4,68.86,36.28,38.18,55.93,73.1,86.45,77.62,56.11,48.77,0,54.87,49.81,Intermediate
S03921,1,64.25,62.51,64.53,52.46,45.7,85.01,81.29,74.85,70.87,2,91.11,60.94,Advanced
S03922,5,92.78,96.69,88.51,100.0,57.79,100,100.0,97.43,71.34,0,89.02,94.5,Advanced
S03923,6,53.7,74.92,49.09,70.03,62.57,83.18,80.43,41.47,58.8,0,77.5,61.94,Intermediate
S03924,3,70.72,83.21,72.38,56.34,58.53,92.9,86.46,91.31,61.08,0,82.71,70.66,Advanced
S03925,6,60.14,69.8,66.52,56.32,60.45,91.54,86.44,79.01,53.67,0,74.56,63.19,Advanced
S03926,8,57.29,66.97,50.5,49.02,61.87,100,83.05,71.95,63.06,1,100.0,55.94,Intermediate
S03927,1,46.17,56.77,54.23,49.66,65.72,82.72,61.31,46.13,46.71,0,86.92,51.71,Intermediate
S03928,6,50.83,42.85,58.24,50.85,55.95,79.27,63.09,47.79,44.79,2,79.3,50.69,Intermediate
S03929,1,72.7,88.56,73.27,77.51,62.33,100,84.37,58.82,67.59,0,78.49,78.01,Advanced
S03930,1,66.06,66.04,50.41,50.32,73.77,100,66.77,44.49,47.05,1,100.0,58.21,Advanced
S03931,1,69.48,97.15,94.84,92.45,40.56,99.89,84.2,85.75,88.0,0,46.24,88.48,Advanced
S03932,3,40.3,47.86,23.12,50.23,81.52,82.42,57.09,48.51,31.31,0,57.39,40.38,Intermediate
S03933,3,68.52,51.74,32.52,54.05,68.48,89.11,59.44,47.29,13.35,1,69.23,51.71,Intermediate
S03934,3,64.17,35.93,63.78,56.22,77.46,78.76,53.38,42.4,38.26,1,70.96,55.03,Intermediate
S03935,7,80.42,74.56,66.81,93.3,40.76,85.71,94.32,90.56,71.49,0,85.63,78.77,Advanced
S03936,1,39.55,34.26,35.62,39.49,60.63,74.14,45.34,51.19,24.7,0,95.34,37.23,Beginner
S03937,1,100.0,87.04,91.82,72.91,46.54,86.12,100.0,92.02,69.4,0,77.93,87.94,Advanced
S03938,3,64.87,38.0,74.43,61.03,47.33,86.85,74.96,45.28,40.14,0,72.13,59.58,Intermediate
S03939,2,28.94,51.16,22.97,35.91,86.57,91.0,56.95,58.71,30.86,0,70.57,34.75,Beginner
S03940,1,60.18,63.82,71.8,42.89,71.41,84.92,93.64,76.2,32.89,0,80.08,59.67,Intermediate
S03941,10,53.29,67.18,67.61,56.13,49.08,76.04,72.87,68.96,52.98,1,79.84,61.06,Advanced
S03942,7,76.37,47.21,62.83,78.39,47.18,89.27,88.96,82.62,51.39,1,51.64,66.2,Advanced
S03943,3,26.69,37.24,43.33,23.88,79.94,84.08,37.12,38.37,3.14,0,75.95,32.78,Beginner
S03944,5,44.92,52.5,28.87,59.73,64.45,72.01,61.72,57.78,29.36,1,76.49,46.51,Beginner
S03945,4,100.0,90.83,100.0,85.89,28.31,94.15,84.36,95.62,75.17,0,84.5,94.18,Advanced
S03946,5,82.21,57.51,57.66,45.59,48.1,97.69,89.34,81.62,36.79,0,63.19,60.74,Intermediate
S03947,11,57.3,53.91,79.58,58.39,67.15,100,82.33,53.95,42.04,1,78.33,62.29,Intermediate
S03948,2,35.61,37.09,37.09,35.8,82.8,89.7,59.71,51.42,13.43,3,90.92,36.4,Beginner
S03949,1,0.0,1.61,3.85,6.4,82.24,72.39,29.49,19.98,6.83,3,97.5,2.97,Beginner
S03950,1,56.54,53.67,60.86,25.58,73.64,87.84,55.88,49.79,29.7,2,72.61,49.16,Intermediate
S03951,1,82.18,54.94,56.88,73.34,69.89,92.55,78.79,63.92,85.91,0,59.4,66.84,Advanced
S03952,5,63.56,60.29,60.21,69.75,36.84,85.82,83.18,55.16,49.31,0,95.24,63.45,Intermediate
S03953,5,51.16,34.26,23.93,33.07,77.85,65.3,54.64,32.54,26.3,0,82.47,35.6,Beginner
S03954,6,86.07,96.67,55.7,91.14,44.97,83.39,90.97,79.76,63.52,0,63.18,82.4,Advanced
S03955,5,70.81,64.05,78.92,63.32,32.18,87.17,96.07,74.6,61.31,0,77.91,69.27,Intermediate
S03956,2,48.36,61.64,48.64,26.63,41.91,80.48,76.91,65.6,25.67,0,60.62,46.32,Intermediate
S03957,3,19.8,9.18,39.19,37.52,69.09,57.62,35.69,34.61,4.5,0,97.6,26.42,Beginner
S03958,7,45.66,73.45,70.53,64.6,58.48,86.62,66.61,83.69,49.43,0,70.95,63.56,Advanced
S03959,10,72.84,49.83,42.01,94.23,61.87,93.94,71.87,80.74,49.38,0,38.06,64.73,Advanced
S03960,5,68.3,76.46,79.59,69.48,46.98,90.43,71.26,64.48,59.86,1,80.93,73.46,Advanced
S03961,5,67.25,72.87,67.39,32.9,61.6,79.55,81.95,62.4,54.12,0,63.22,60.1,Intermediate
S03962,4,96.22,100.0,100.0,88.64,41.71,98.73,100.0,100.0,68.67,2,84.51,96.22,Advanced
S03963,1,39.65,47.08,48.53,42.28,93.34,89.95,69.8,69.13,37.4,0,83.18,44.38,Intermediate
S03964,4,58.77,49.52,56.38,54.56,59.56,95.32,78.4,68.08,49.07,1,91.13,54.81,Intermediate
S03965,4,17.85,29.03,48.29,35.92,78.7,88.57,43.99,42.63,15.12,0,80.53,32.77,Beginner
S03966,2,73.02,75.87,60.21,59.64,61.66,83.58,94.67,63.33,50.86,0,99.77,67.19,Advanced
S03967,6,80.74,82.21,69.29,63.56,60.97,84.02,71.66,81.79,64.31,0,85.34,73.95,Advanced
S03968,1,39.5,45.99,25.49,42.13,84.42,85.79,61.88,57.58,27.09,0,88.54,38.28,Intermediate
S03969,8,66.39,58.43,91.72,45.33,50.68,98.31,70.02,66.63,35.21,1,66.02,65.47,Advanced
S03970,6,72.78,72.7,68.56,59.32,75.06,78.4,93.14,59.21,76.18,0,89.34,68.34,Advanced
S03971,4,45.18,36.11,43.5,38.26,78.52,85.36,49.81,36.59,27.34,2,90.69,40.76,Intermediate
S03972,2,38.27,47.65,74.77,41.19,63.63,80.06,63.72,45.16,39.86,1,75.92,50.47,Intermediate
S03973,6,58.57,61.25,85.02,81.16,45.03,84.02,73.49,87.31,59.12,1,92.56,71.5,Advanced
S03974,7,52.37,30.03,47.07,87.88,59.72,77.3,48.81,46.09,40.35,0,41.33,54.34,Intermediate
S03975,4,75.66,68.59,73.9,71.45,48.66,90.03,89.94,75.6,41.8,0,85.05,72.4,Advanced
S03976,8,62.66,68.96,39.73,47.54,65.04,87.45,65.63,58.94,50.45,0,95.75,54.72,Intermediate
S03977,3,70.68,43.1,65.68,45.35,56.29,100,53.89,44.14,19.11,2,60.92,56.2,Intermediate
S03978,2,62.25,70.84,91.7,47.09,57.85,90.64,86.7,75.21,67.35,0,67.6,67.97,Advanced
S03979,6,44.79,23.66,29.0,16.48,82.02,69.67,34.24,20.57,13.7,2,69.6,28.48,Beginner
S03980,9,47.49,65.07,37.8,65.14,71.14,84.23,46.94,62.88,16.45,2,72.55,53.87,Intermediate
S03981,3,56.95,22.52,63.73,49.48,63.03,92.31,61.68,36.78,45.11,0,50.66,48.17,Intermediate
S03982,2,52.85,61.3,90.14,65.96,54.06,76.16,77.29,62.01,47.6,1,82.65,67.56,Advanced
S03983,4,70.8,92.52,67.69,43.84,46.34,100,100.0,76.07,55.65,0,78.72,68.71,Advanced
S03984,4,24.64,18.25,34.49,21.07,58.44,94.18,40.19,25.71,19.44,0,81.26,24.61,Beginner
S03985,8,22.98,14.05,33.13,32.6,77.51,81.45,37.31,29.48,17.57,1,86.01,25.69,Beginner
S03986,1,62.23,46.17,72.46,39.33,66.5,78.6,61.43,47.48,17.89,3,70.28,55.05,Intermediate
S03987,6,64.28,91.45,87.11,66.54,48.76,84.3,100.0,79.54,67.5,0,60.22,77.35,Advanced
S03988,6,45.75,36.2,71.86,42.4,87.37,71.39,64.01,52.8,24.46,1,86.04,49.05,Intermediate
S03989,1,64.88,56.36,68.99,45.28,53.5,97.6,79.87,36.64,40.86,0,69.65,58.88,Intermediate
S03990,2,67.27,74.37,78.38,54.76,52.6,89.27,99.19,63.42,45.68,2,80.56,68.7,Advanced
S03991,1,46.33,57.37,37.1,35.4,53.27,84.89,49.26,30.34,24.65,3,83.1,44.05,Beginner
S03992,4,52.01,47.32,31.19,55.64,71.38,70.07,47.16,27.49,39.36,0,78.85,46.54,Intermediate
S03993,4,52.52,33.33,51.18,49.8,72.32,73.52,73.6,40.43,31.54,0,76.77,46.71,Beginner
S03994,9,49.0,25.44,51.38,47.19,75.47,80.86,41.55,15.68,18.57,3,82.74,43.26,Beginner
S03995,3,68.93,75.36,68.16,66.77,45.91,94.13,73.33,69.91,60.45,0,92.48,69.81,Advanced
S03996,3,41.25,64.22,43.74,18.65,69.96,96.19,70.01,47.0,34.64,0,69.82,41.97,Intermediate
S03997,2,86.83,85.75,79.6,96.78,42.6,87.96,98.06,78.83,68.37,0,84.74,87.24,Advanced
S03998,7,26.22,60.37,32.89,64.64,76.39,91.37,47.57,19.83,36.14,3,41.86,46.03,Beginner
S03999,8,65.22,67.12,71.24,52.88,32.5,88.0,78.19,63.86,59.98,1,92.26,64.11,Advanced
S04000,3,58.55,72.47,77.1,80.67,47.77,89.46,71.5,68.27,50.18,0,91.13,72.2,Advanced
S04001,1,43.7,63.05,45.27,35.42,73.75,80.55,54.69,33.43,42.78,2,76.4,46.86,Intermediate
S04002,6,73.21,84.73,84.16,67.09,52.05,94.86,99.77,74.13,55.14,0,82.34,77.3,Advanced
S04003,5,96.77,59.8,63.59,70.19,41.65,82.36,82.99,60.88,64.33,0,55.99,72.59,Advanced
S04004,6,65.11,57.92,69.71,44.01,54.14,88.04,61.83,37.62,33.0,3,80.23,59.19,Intermediate
S04005,9,50.13,65.19,59.82,76.68,65.74,88.64,85.7,51.5,55.97,3,76.04,62.95,Intermediate
S04006,9,79.77,71.74,90.39,75.88,66.18,100,100.0,81.86,50.18,0,77.87,79.44,Advanced
S04007,6,48.3,36.24,55.99,55.82,65.14,94.61,71.61,68.46,47.74,1,84.27,49.09,Intermediate
S04008,3,78.78,44.91,75.0,60.06,58.18,85.31,69.0,46.35,57.95,2,57.68,64.69,Intermediate
S04009,11,76.76,62.5,66.27,79.65,84.77,95.46,81.27,66.89,59.9,0,85.95,71.29,Advanced
S04010,8,92.26,54.82,71.44,100.0,24.89,85.27,96.92,78.72,68.67,0,47.08,79.63,Advanced
S04011,7,41.42,25.26,36.54,44.0,106.4,76.05,56.29,24.94,35.65,1,75.03,36.8,Intermediate
S04012,4,46.64,44.43,37.17,33.07,72.24,76.23,54.66,55.18,13.02,0,97.18,40.33,Intermediate
S04013,7,55.04,51.95,42.53,41.32,88.31,78.42,57.9,30.34,45.18,0,96.72,47.71,Intermediate
S04014,8,48.32,50.39,52.51,29.92,61.51,93.06,65.19,50.96,40.11,2,83.91,45.28,Intermediate
S04015,4,47.5,63.97,40.07,63.61,63.61,85.61,72.91,42.72,34.23,1,57.92,53.79,Intermediate
S04016,4,69.79,81.07,58.15,72.85,48.71,83.83,79.59,58.37,58.11,0,88.17,70.47,Advanced
S04017,1,54.02,54.91,44.23,57.42,85.68,80.39,65.22,50.06,36.32,0,89.52,52.64,Beginner
S04018,4,60.08,43.97,61.13,68.18,77.49,78.44,62.25,39.11,34.39,1,85.43,58.34,Intermediate
S04019,4,68.49,87.17,59.88,68.88,55.27,100,100.0,82.02,69.41,0,67.39,71.11,Advanced
S04020,2,58.98,56.53,66.87,58.39,55.22,92.32,51.54,49.96,40.61,0,97.93,60.19,Intermediate
S04021,2,76.67,71.09,56.78,89.99,59.96,100,69.84,73.27,59.11,1,75.23,73.63,Advanced
S04022,5,90.01,78.76,87.48,76.65,36.26,79.99,100.0,92.63,44.02,1,80.57,83.22,Advanced
S04023,7,59.67,38.69,65.62,52.02,90.56,88.49,48.06,38.78,21.13,2,79.31,54.0,Beginner
S04024,4,45.53,53.65,34.04,70.61,72.37,78.84,61.03,38.24,13.39,2,65.83,50.96,Intermediate
S04025,3,80.34,51.1,100.0,80.96,34.33,92.21,87.93,76.86,50.35,0,48.93,78.1,Intermediate
S04026,2,85.62,67.46,35.67,52.8,68.57,100,69.87,56.45,48.19,1,70.79,60.39,Advanced
S04027,1,48.84,75.39,76.16,77.79,32.95,82.32,55.99,48.19,44.5,1,75.9,69.54,Intermediate
S04028,5,60.27,69.17,57.87,84.28,40.53,92.16,90.05,58.97,53.34,2,82.52,67.9,Advanced
S04029,6,82.95,85.57,84.05,100.0,49.1,85.24,100.0,91.29,87.13,0,82.01,88.14,Advanced
S04030,2,79.5,84.55,87.42,88.85,56.81,100,91.79,90.97,57.7,0,95.71,85.08,Advanced
S04031,3,63.1,55.85,65.66,52.45,49.98,85.37,91.94,95.14,32.29,0,70.66,59.27,Advanced
S04032,4,69.18,68.76,55.27,43.43,41.93,81.54,77.85,58.77,46.92,1,78.07,59.16,Intermediate
S04033,4,29.08,60.2,36.36,33.08,70.34,88.61,60.4,60.79,41.08,0,54.93,39.68,Intermediate
S04034,2,72.98,66.47,72.33,45.4,56.9,88.23,80.05,66.36,48.65,0,85.36,64.3,Advanced
S04035,4,47.27,46.58,49.09,59.0,57.29,87.34,78.35,62.79,35.38,2,95.61,50.49,Intermediate
S04036,5,48.49,68.31,58.21,66.12,65.1,80.7,84.73,74.23,72.02,2,77.92,60.28,Advanced
S04037,2,58.41,50.25,63.19,50.54,68.07,90.73,66.16,72.48,61.75,1,89.99,55.6,Advanced
S04038,6,65.58,70.89,71.44,86.69,53.85,100,100.0,67.2,62.98,0,91.35,73.65,Advanced
S04039,1,74.07,65.76,59.76,66.58,42.59,99.62,100.0,90.74,62.38,0,82.36,66.54,Advanced
S04040,3,56.54,54.76,39.42,37.9,58.85,76.01,77.93,58.46,29.63,0,100.0,47.16,Intermediate
S04041,6,51.71,32.85,5.63,43.86,78.52,87.83,54.2,51.99,34.41,2,68.34,33.51,Beginner
S04042,5,46.39,30.2,36.46,9.09,68.14,84.84,46.43,20.52,10.83,1,63.55,30.53,Beginner
S04043,5,53.38,42.64,43.23,35.31,72.02,100,55.48,36.7,29.38,1,93.72,43.64,Intermediate
S04044,2,23.96,25.09,51.16,24.31,82.04,74.66,54.78,37.41,13.96,2,81.08,31.13,Beginner
S04045,1,53.13,74.73,40.97,44.53,50.61,75.32,63.3,60.41,25.1,0,74.52,53.34,Beginner
S04046,4,42.28,57.7,62.18,32.11,66.78,74.46,74.57,41.95,41.08,1,55.87,48.57,Intermediate
S04047,4,69.05,63.96,54.44,51.64,56.42,82.46,71.93,68.01,43.98,0,87.14,59.77,Intermediate
S04048,3,35.15,65.78,46.99,31.39,71.27,75.55,48.96,48.08,16.3,2,63.66,44.83,Beginner
S04049,8,36.88,48.76,24.23,44.76,65.19,75.74,70.93,30.81,42.34,2,82.2,38.66,Beginner
S04050,1,55.13,59.72,57.61,63.72,41.29,100,74.22,50.08,34.54,0,94.05,59.04,Intermediate
S04051,5,45.42,56.41,56.69,41.68,49.67,92.61,79.0,48.79,58.94,1,75.76,50.05,Intermediate
S04052,5,60.17,46.47,79.31,53.13,50.65,85.28,74.12,57.17,61.56,0,84.41,59.77,Advanced
S04053,9,41.78,23.21,60.43,64.06,82.17,87.23,62.45,56.4,48.5,1,79.63,47.37,Intermediate
S04054,7,33.92,47.85,40.39,40.76,70.71,83.65,52.38,42.65,33.52,1,91.9,40.73,Intermediate
S04055,4,70.63,61.98,48.55,71.98,63.44,95.8,92.27,76.77,49.47,0,77.86,63.28,Advanced
S04056,1,44.34,52.03,37.03,47.27,69.85,88.18,68.83,66.47,42.83,0,83.03,45.17,Intermediate
S04057,4,67.79,75.65,85.15,94.17,56.58,85.26,91.37,84.08,73.71,0,76.71,80.69,Advanced
S04058,4,36.94,62.19,60.8,55.94,63.79,73.2,76.58,54.96,19.83,2,63.99,53.97,Intermediate
S04059,1,95.46,72.7,82.18,69.33,57.31,82.73,100.0,78.0,87.64,0,74.52,79.92,Advanced
S04060,7,86.11,87.85,88.38,81.76,56.23,100,83.17,90.75,34.98,0,91.98,86.03,Advanced
S04061,2,59.71,53.13,63.42,58.25,68.34,93.67,79.94,48.38,49.48,1,81.22,58.63,Intermediate
S04062,5,57.51,58.14,74.07,64.76,77.41,93.58,87.09,51.88,36.8,0,96.79,63.62,Intermediate
S04063,5,58.36,58.33,63.62,37.09,72.64,94.48,81.06,65.07,36.37,0,98.38,54.35,Intermediate
S04064,3,48.52,63.38,46.87,51.21,63.98,84.24,58.74,56.9,51.22,0,85.09,52.5,Intermediate
S04065,5,31.81,33.71,43.08,25.95,63.79,81.44,51.95,38.87,23.1,3,99.49,33.64,Beginner
S04066,10,35.57,46.89,40.86,33.86,65.12,72.59,58.92,53.18,4.56,1,94.23,39.29,Intermediate
S04067,1,19.51,26.2,6.54,33.32,71.28,77.24,48.17,22.6,17.64,2,86.45,21.39,Beginner
S04068,3,71.75,98.29,59.37,71.46,52.75,90.35,88.62,86.35,61.25,0,62.67,75.22,Advanced
S04069,2,66.98,65.96,80.25,79.69,82.19,96.18,100.0,76.61,48.68,1,97.03,73.22,Advanced
S04070,7,55.47,61.27,88.04,58.56,70.97,69.58,78.49,53.25,64.84,1,66.38,65.84,Intermediate
S04071,9,82.62,80.02,84.95,66.6,58.24,77.23,89.91,90.58,56.13,0,92.65,78.54,Advanced
S04072,5,32.21,45.73,60.91,44.85,96.26,87.97,45.69,62.7,28.97,0,64.68,45.92,Intermediate
S04073,4,54.86,56.77,52.62,31.27,50.24,84.4,46.43,51.3,33.74,2,87.26,48.88,Intermediate
S04074,2,53.7,46.14,29.68,51.51,69.2,89.69,67.96,58.42,41.56,0,85.82,45.26,Intermediate
S04075,1,54.36,54.99,52.13,77.57,75.94,78.57,59.15,53.9,41.56,1,93.08,59.76,Intermediate
S04076,8,50.75,39.97,33.17,36.85,84.91,83.64,46.03,40.82,19.88,2,86.18,40.19,Beginner
S04077,7,25.87,49.29,39.39,47.01,83.14,81.74,66.28,52.15,37.23,1,73.91,40.39,Beginner
S04078,1,44.7,48.75,49.89,39.17,89.4,82.06,81.96,47.95,32.75,1,87.03,45.63,Intermediate
S04079,7,36.52,48.36,54.12,57.32,57.12,69.38,53.31,41.03,3.44,0,95.5,49.08,Beginner
S04080,4,16.23,11.83,0.29,17.17,81.08,86.63,23.37,18.38,0.0,3,66.03,11.38,Beginner
S04081,1,78.76,81.26,65.45,69.21,59.2,84.46,81.63,74.39,53.56,0,90.25,73.67,Advanced
S04082,7,25.06,42.0,45.33,33.98,67.23,68.1,51.82,23.61,22.87,0,77.32,36.59,Beginner
S04083,6,71.46,47.43,43.6,53.77,60.2,86.31,73.32,43.9,47.63,1,71.44,54.07,Intermediate
S04084,5,63.8,64.1,53.71,52.69,71.82,86.13,79.22,50.93,40.38,0,99.63,58.57,Intermediate
S04085,6,53.54,60.12,53.04,57.85,54.24,93.31,80.02,69.24,42.05,0,99.79,56.13,Intermediate
S04086,11,0.0,24.0,15.18,19.77,70.5,75.78,27.0,23.54,13.47,2,77.66,14.74,Beginner
S04087,1,58.58,73.4,46.79,69.66,44.56,89.03,75.71,64.43,35.04,0,68.97,62.11,Intermediate
S04088,4,64.65,52.91,78.28,77.97,56.33,93.93,88.77,56.95,56.07,0,80.39,68.45,Advanced
S04089,2,81.64,79.51,91.58,69.64,48.7,93.81,100.0,85.36,55.98,0,82.49,80.59,Advanced
S04090,7,72.56,87.77,84.87,50.73,36.52,88.48,77.31,87.15,44.26,0,74.92,73.98,Advanced
S04091,3,43.84,39.63,59.75,49.74,82.26,71.33,44.18,50.47,52.12,1,97.97,48.24,Intermediate
S04092,2,95.73,78.6,100.0,98.18,61.06,89.45,94.26,75.0,61.05,0,79.67,93.13,Advanced
S04093,1,34.19,49.35,45.3,55.44,74.14,75.78,67.82,53.69,26.69,0,79.14,46.07,Beginner
S04094,4,34.11,45.77,31.79,46.49,77.86,83.68,41.13,42.83,24.09,1,95.29,39.54,Intermediate
S04095,6,34.22,56.96,55.77,63.27,71.79,94.31,59.16,59.69,18.15,1,83.6,52.55,Intermediate
S04096,7,41.81,59.29,42.85,32.28,67.6,62.73,62.02,35.64,24.01,0,77.02,44.06,Intermediate
S04097,6,80.23,79.58,78.33,81.4,34.47,100,89.62,83.2,63.51,0,98.57,79.88,Advanced
S04098,4,52.66,64.99,57.77,62.18,49.6,100,77.13,54.21,44.12,0,87.63,59.4,Advanced
S04099,2,59.99,69.43,51.8,75.72,58.13,95.38,59.47,53.57,39.65,0,71.95,64.23,Intermediate
S04100,4,86.62,99.9,76.17,62.14,40.17,96.63,100.0,91.62,74.63,0,76.74,81.21,Advanced
S04101,6,85.76,58.87,59.6,58.57,56.57,85.06,79.43,70.02,54.31,0,72.89,65.7,Intermediate
S04102,4,61.46,50.11,80.82,57.91,75.35,94.49,80.73,60.42,56.26,0,76.28,62.57,Intermediate
S04103,4,62.18,50.09,25.43,68.47,68.09,81.54,85.65,64.52,56.97,0,65.82,51.54,Intermediate
S04104,1,40.59,59.65,68.72,61.71,54.49,92.97,77.77,82.27,36.01,2,61.75,57.66,Intermediate
S04105,7,48.76,44.42,21.04,37.47,91.29,75.52,48.76,46.99,21.45,1,76.3,37.92,Beginner
S04106,6,59.66,63.62,57.69,58.35,47.14,76.77,74.76,63.52,44.31,0,100.0,59.83,Advanced
S04107,1,31.77,43.98,35.59,29.54,80.47,90.1,35.31,44.38,0.0,2,99.27,35.22,Beginner
S04108,4,62.04,68.4,76.64,58.04,47.01,87.87,75.18,82.75,61.38,0,86.35,66.28,Advanced
S04109,7,59.46,31.41,24.31,12.03,56.52,79.7,66.47,41.92,31.79,0,69.67,31.8,Beginner
S04110,5,49.26,37.33,25.07,58.05,62.7,85.27,44.63,43.35,6.98,1,56.29,42.43,Beginner
S04111,4,76.3,63.43,71.08,55.54,66.63,73.4,71.67,75.21,63.32,2,74.86,66.59,Advanced
S04112,3,30.49,24.52,6.11,24.25,80.12,82.13,39.94,20.21,8.81,2,71.25,21.34,Beginner
S04113,5,49.1,52.45,37.23,44.58,72.13,68.3,74.27,31.17,11.28,2,98.52,45.84,Intermediate
S04114,2,67.58,90.5,84.66,84.66,56.65,95.63,86.72,87.2,71.07,0,67.54,81.85,Advanced
S04115,7,76.55,59.37,77.22,36.62,57.99,77.12,82.23,60.6,36.44,0,56.72,62.44,Intermediate
S04116,1,75.4,69.85,68.31,79.52,57.66,93.25,78.59,55.16,59.12,1,86.67,73.27,Intermediate
S04117,5,83.3,88.61,70.77,79.8,33.37,91.84,99.07,83.38,59.98,0,88.54,80.62,Advanced
S04118,4,84.04,87.55,67.74,57.64,39.85,93.88,86.9,79.8,58.72,0,85.6,74.24,Advanced
S04119,2,30.67,44.06,26.15,53.48,83.32,81.81,59.95,28.59,43.88,1,71.95,38.59,Beginner
S04120,1,51.11,63.55,54.78,52.08,79.45,85.72,81.76,64.38,36.76,0,82.8,55.38,Intermediate
S04121,1,81.23,66.18,52.56,51.19,54.53,78.2,90.47,65.79,27.91,0,86.0,62.79,Advanced
S04122,6,67.0,48.97,47.3,88.63,48.41,81.88,83.76,88.61,45.54,0,58.58,62.98,Advanced
S04123,4,47.14,43.78,43.88,38.96,62.08,80.23,97.95,63.35,41.34,0,87.14,43.44,Intermediate
S04124,1,70.97,79.37,80.94,73.73,34.23,94.22,100.0,82.9,56.2,0,89.26,76.25,Advanced
S04125,2,34.48,20.78,19.6,18.61,81.33,75.88,52.18,0.0,11.89,2,86.47,23.37,Beginner
S04126,2,52.4,43.83,54.45,60.37,54.43,72.83,81.11,62.76,34.49,0,94.99,52.76,Beginner
S04127,3,70.43,62.59,49.62,59.14,68.33,100,74.23,92.71,60.64,1,82.55,60.44,Advanced
S04128,3,92.2,69.65,100.0,98.97,70.96,84.12,100.0,92.83,58.25,0,77.05,90.2,Advanced
S04129,6,52.18,56.2,20.15,44.68,55.96,82.48,45.66,34.18,15.46,2,83.19,43.3,Beginner
S04130,3,34.29,39.25,32.64,32.23,77.97,86.4,59.86,45.64,8.36,1,100.0,34.6,Beginner
S04131,2,78.81,100.0,83.99,100.0,55.8,91.53,92.56,93.23,78.67,0,64.32,90.7,Advanced
S04132,2,40.06,67.35,50.27,34.62,66.88,86.51,62.1,61.06,44.23,1,59.24,48.07,Intermediate
S04133,5,49.38,22.9,25.74,49.77,59.19,99.06,41.94,40.69,34.07,0,62.49,36.95,Intermediate
S04134,4,83.29,73.67,80.97,70.24,68.77,100,100.0,86.51,69.05,0,86.48,77.04,Advanced
S04135,2,28.92,27.77,43.03,22.49,64.28,84.71,65.83,37.76,17.51,0,93.01,30.55,Intermediate
S04136,2,54.17,38.54,40.78,51.84,56.42,86.77,74.45,44.07,45.94,1,79.58,46.33,Intermediate
S04137,1,63.25,87.1,61.64,76.51,49.34,76.99,78.66,61.63,46.3,0,79.63,72.13,Advanced
S04138,8,62.28,77.35,58.42,98.43,50.61,96.35,61.58,77.86,66.96,0,61.07,74.12,Advanced
S04139,4,49.57,70.71,72.34,49.05,52.69,78.34,76.23,69.4,41.83,0,59.39,60.42,Intermediate
S04140,5,49.65,34.6,50.37,52.8,76.07,96.69,51.95,48.93,19.47,0,76.14,46.85,Intermediate
S04141,6,18.32,19.37,19.64,23.53,93.41,71.51,35.49,16.24,19.5,2,100.0,20.21,Beginner
S04142,2,34.83,47.75,39.37,55.99,90.53,85.65,70.08,42.59,33.7,4,81.6,44.49,Beginner
S04143,6,59.86,66.71,39.78,48.12,67.21,94.72,67.01,56.05,49.27,0,84.31,53.62,Advanced
S04144,4,47.26,41.13,31.52,45.39,76.43,85.88,48.37,20.58,0.0,1,86.46,41.33,Beginner
S04145,7,51.34,37.28,26.6,27.88,77.44,80.71,56.11,44.12,27.22,0,80.11,35.77,Beginner
S04146,6,52.95,63.01,81.62,70.83,66.05,79.63,61.4,52.61,44.72,0,83.12,67.1,Intermediate
S04147,6,71.6,66.28,72.06,47.0,65.85,100,78.64,76.36,64.95,0,93.18,64.24,Advanced
S04148,4,59.37,76.36,76.56,52.45,45.38,83.27,57.9,55.83,51.34,0,65.72,66.18,Intermediate
S04149,5,29.0,50.06,36.15,44.56,53.21,89.65,65.11,55.47,20.32,1,68.79,39.94,Intermediate
S04150,4,72.15,55.54,68.46,57.24,51.65,85.04,75.52,68.7,43.17,0,75.85,63.35,Advanced
S04151,6,100.0,100.0,75.99,100.0,46.16,93.94,100.0,90.35,90.9,2,74.0,94.0,Advanced
S04152,5,46.18,72.26,55.75,40.24,77.0,77.94,67.08,55.28,15.63,0,73.3,53.61,Intermediate
S04153,2,48.71,38.13,71.8,41.29,67.12,92.34,79.08,66.36,45.81,0,67.22,49.98,Intermediate
S04154,7,70.17,86.47,50.39,58.87,57.95,100,79.23,74.45,36.89,0,90.18,66.48,Advanced
S04155,4,82.27,65.04,76.3,81.07,49.09,79.18,85.26,69.23,40.82,0,89.93,76.17,Advanced
S04156,3,62.25,78.58,64.8,70.4,36.76,81.29,84.3,65.77,63.12,0,85.43,69.01,Advanced
S04157,6,80.31,46.48,70.54,61.95,78.46,76.47,73.03,52.43,35.5,0,55.13,64.82,Intermediate
S04158,4,76.33,57.01,91.14,65.07,54.4,94.58,75.5,75.72,65.73,0,71.79,72.39,Advanced
S04159,7,54.4,56.21,56.79,37.71,82.27,87.23,67.58,44.43,34.0,0,82.19,51.28,Intermediate
S04160,1,35.46,41.2,65.44,52.57,81.02,80.16,65.86,59.47,36.46,0,83.24,48.67,Intermediate
S04161,2,80.91,74.48,52.82,71.44,63.13,88.66,84.29,71.28,51.1,0,70.53,69.91,Intermediate
S04162,5,47.3,59.27,58.95,40.44,75.28,76.37,70.95,33.18,33.41,0,75.39,51.49,Beginner
S04163,3,85.38,51.82,63.73,78.53,64.02,95.82,90.76,79.7,53.94,0,55.14,69.87,Intermediate
S04164,1,70.37,77.44,51.13,89.12,52.84,83.19,80.63,81.2,42.76,1,71.43,72.01,Advanced
S04165,7,44.26,47.69,32.49,54.27,91.27,84.01,62.89,41.3,39.5,0,78.15,44.68,Beginner
S04166,5,63.19,67.27,49.83,74.48,59.92,95.13,78.77,54.03,50.58,1,81.77,63.7,Intermediate
S04167,4,81.9,80.33,56.11,73.32,51.33,97.21,99.87,76.38,69.29,0,91.75,72.91,Advanced
S04168,6,50.86,53.12,55.11,40.59,70.09,88.45,65.72,68.65,49.66,0,81.76,49.92,Intermediate
S04169,2,63.39,55.14,39.67,77.09,65.76,84.8,74.34,57.52,25.27,1,66.43,58.82,Advanced
S04170,6,66.27,68.04,41.91,52.76,66.9,88.71,56.75,41.56,26.73,1,81.52,57.24,Intermediate
S04171,8,40.95,59.82,44.14,67.17,55.62,84.11,65.89,62.66,26.37,1,69.14,53.02,Intermediate
S04172,4,67.28,92.49,69.01,58.92,33.0,99.78,97.2,61.09,66.04,0,65.57,71.93,Advanced
S04173,5,88.86,87.27,66.39,80.23,65.1,96.99,100.0,78.56,80.12,0,84.1,80.69,Advanced
S04174,6,54.96,90.83,75.13,63.46,73.74,100,99.57,89.82,62.4,0,58.45,71.1,Advanced
S04175,5,15.87,54.96,24.59,51.86,63.08,85.17,45.41,29.98,39.77,0,51.73,36.82,Beginner
S04176,3,45.07,44.94,42.41,11.89,67.85,75.97,49.66,32.96,50.77,1,75.5,36.08,Beginner
S04177,5,93.65,92.75,88.1,87.92,39.88,94.12,100.0,95.16,69.0,0,100.0,90.61,Advanced
S04178,5,68.85,67.57,80.68,83.52,51.45,96.81,88.65,72.52,73.01,0,98.36,75.15,Advanced
S04179,1,58.48,55.95,62.29,69.11,60.68,80.96,51.97,51.84,41.3,1,99.11,61.46,Intermediate
S04180,2,70.48,50.84,62.99,53.85,58.72,80.58,56.57,37.2,38.79,1,81.25,59.54,Intermediate
S04181,1,36.83,37.04,41.7,48.62,96.3,73.39,52.89,30.95,12.36,1,94.96,41.05,Beginner
S04182,4,51.01,67.96,54.4,90.39,65.94,86.41,77.66,66.51,55.1,0,67.45,65.94,Advanced
S04183,5,63.57,55.74,64.57,65.46,80.13,77.91,70.41,63.01,42.73,0,94.09,62.33,Advanced
S04184,5,36.87,46.21,48.67,47.2,75.43,85.62,57.52,53.47,52.96,2,99.4,44.74,Intermediate
S04185,8,38.7,38.61,15.9,46.0,75.71,90.29,53.49,28.09,21.79,2,79.32,34.8,Beginner
S04186,6,61.52,54.79,61.98,68.04,58.09,82.66,72.93,64.2,39.24,1,85.19,61.58,Advanced
S04187,2,51.63,55.27,30.54,26.1,49.49,74.13,73.86,48.27,29.87,2,100.0,40.88,Intermediate
S04188,1,70.97,53.08,47.15,70.7,58.29,90.72,82.59,59.52,67.32,0,76.55,60.48,Advanced
S04189,2,92.03,68.06,86.35,80.69,21.44,95.77,88.1,93.32,62.6,1,81.07,81.79,Advanced
S04190,3,67.46,52.59,44.74,62.91,75.07,84.6,66.7,54.97,45.65,1,78.96,56.92,Intermediate
S04191,7,67.91,43.81,81.63,80.59,67.17,79.51,74.67,84.1,65.29,1,72.09,68.48,Advanced
S04192,1,75.49,78.57,90.52,73.45,34.47,86.19,75.86,80.64,58.83,0,93.49,79.51,Advanced
S04193,6,20.6,30.33,23.87,42.75,89.07,78.36,33.88,20.96,20.8,0,73.81,29.39,Beginner
S04194,6,70.24,37.86,69.02,74.06,59.53,89.47,68.68,64.82,28.98,0,66.1,62.8,Intermediate
S04195,4,61.02,60.65,60.73,60.22,56.89,82.42,70.97,53.99,46.72,0,98.7,60.65,Advanced
S04196,1,66.62,93.68,64.13,69.31,60.27,87.31,68.52,72.51,34.21,0,73.05,73.43,Advanced
S04197,5,55.31,37.49,65.64,42.32,46.38,80.85,64.93,36.24,29.06,1,69.21,50.19,Intermediate
S04198,9,34.21,65.1,25.27,40.31,47.18,68.74,53.56,54.56,27.86,0,73.16,41.22,Intermediate
S04199,8,22.07,44.07,40.71,60.46,84.35,77.44,76.63,43.24,22.82,2,65.28,41.83,Beginner
S04200,1,39.56,67.51,32.41,43.99,61.08,81.19,58.96,32.47,30.63,2,64.15,45.87,Intermediate
S04201,6,85.44,91.43,72.83,72.97,41.06,96.08,100.0,71.56,42.36,0,96.87,80.67,Advanced
S04202,2,52.22,62.43,63.01,45.26,71.27,97.18,67.86,49.87,40.11,0,83.6,55.73,Intermediate
S04203,2,46.78,53.82,66.1,51.04,41.33,83.31,79.28,55.46,39.18,0,82.19,54.44,Intermediate
S04204,1,72.55,54.24,57.36,44.46,76.78,80.15,60.9,43.48,34.63,1,78.76,57.15,Intermediate
S04205,4,60.09,59.63,77.28,67.62,51.05,92.87,69.83,81.42,57.92,2,93.99,66.15,Advanced
S04206,3,87.99,32.31,48.74,40.51,59.61,69.67,60.23,55.86,43.87,0,37.07,52.38,Intermediate
S04207,9,50.76,41.71,48.62,19.91,57.68,79.89,46.93,21.87,35.52,0,64.88,40.25,Beginner
S04208,2,43.8,38.72,40.63,27.99,80.96,86.21,40.29,43.37,25.86,1,85.8,37.79,Beginner
S04209,1,48.46,63.6,38.09,22.97,88.45,82.76,75.75,52.46,45.12,0,88.74,43.28,Intermediate
S04210,4,51.42,34.99,52.04,49.28,63.66,74.33,58.08,51.8,33.23,0,77.64,46.93,Beginner
S04211,5,22.4,45.79,38.65,39.19,86.02,66.85,43.07,22.33,7.85,1,77.11,36.51,Beginner
S04212,5,81.87,83.47,85.7,95.15,49.54,99.83,100.0,100.0,100.0,0,97.9,86.55,Advanced
S04213,7,49.26,49.72,56.93,55.99,60.79,94.41,65.62,44.99,46.86,0,100.0,52.98,Intermediate
S04214,5,80.26,89.25,71.11,68.43,34.97,84.95,87.97,68.17,51.98,0,83.55,77.26,Advanced
S04215,1,49.27,62.6,41.4,54.31,60.09,92.57,61.14,28.83,26.82,0,74.91,51.9,Intermediate
S04216,9,59.67,42.47,48.71,53.69,44.98,100,80.04,47.55,28.72,1,80.31,51.13,Intermediate
S04217,4,38.71,41.11,41.22,30.48,88.2,76.34,43.13,10.47,4.87,0,99.93,37.88,Beginner
S04218,6,5.23,0.0,11.2,0.0,96.66,63.52,18.46,10.69,2.63,3,86.53,4.11,Beginner
S04219,2,79.84,72.58,60.58,69.5,44.01,98.68,79.38,65.14,60.56,0,92.49,70.62,Advanced
S04220,1,60.95,57.12,29.11,66.88,84.41,94.6,67.48,58.4,33.14,2,81.43,53.52,Intermediate
S04221,4,38.12,21.21,15.4,30.09,73.71,93.48,61.75,22.44,23.37,3,73.61,26.21,Beginner
S04222,6,56.0,71.66,62.65,80.44,56.41,90.47,91.36,56.53,50.02,0,56.32,67.69,Advanced
S04223,6,49.8,69.65,48.44,58.83,72.15,85.65,71.56,61.93,21.44,2,70.23,56.68,Intermediate
S04224,6,43.97,44.74,38.86,66.6,72.69,80.07,34.1,29.93,27.9,4,86.38,48.54,Intermediate
S04225,4,80.34,83.73,91.09,79.82,61.69,85.88,84.67,91.66,58.25,0,85.76,83.74,Advanced
S04226,5,48.92,60.66,61.51,50.16,47.54,81.95,74.69,69.22,42.69,1,79.21,55.31,Intermediate
S04227,10,13.74,28.0,21.19,12.7,84.37,81.86,22.22,36.18,0.0,1,85.88,18.91,Beginner
S04228,6,92.1,62.36,95.99,78.35,73.03,78.34,78.85,82.99,47.51,0,53.96,82.2,Advanced
S04229,2,56.08,71.99,72.71,97.54,36.47,86.74,95.12,79.2,76.17,0,65.73,74.58,Advanced
S04230,7,29.89,59.25,41.47,55.7,73.92,85.51,68.84,46.59,33.08,0,66.59,46.58,Intermediate
S04231,8,49.72,40.39,35.01,18.05,80.89,84.71,55.8,53.24,4.78,2,78.35,35.79,Beginner
S04232,8,44.7,49.3,43.98,69.99,81.33,89.53,65.92,43.27,48.63,0,75.97,51.99,Intermediate
S04233,3,37.06,34.88,35.9,46.67,63.42,81.7,44.71,35.42,30.06,1,88.29,38.63,Beginner
S04234,4,48.18,70.61,51.38,48.09,64.35,87.86,67.49,49.3,31.03,0,79.4,54.57,Intermediate
S04235,3,53.22,43.79,43.99,47.77,62.46,67.86,54.58,57.31,45.93,0,91.0,47.19,Intermediate
S04236,10,59.05,63.8,72.64,68.32,78.49,97.98,74.5,57.15,41.27,0,84.46,65.95,Intermediate
S04237,6,34.84,40.55,54.98,27.51,62.55,74.14,62.15,41.37,29.92,1,77.24,39.47,Beginner
S04238,3,82.04,81.05,88.03,100.0,48.7,100,74.11,74.24,71.63,0,89.87,87.78,Advanced
S04239,7,91.98,65.96,100.0,77.87,46.93,92.37,93.4,80.38,71.02,1,54.96,83.95,Advanced
S04240,6,68.25,84.81,65.97,50.39,50.47,97.72,92.54,75.94,58.58,0,73.42,67.35,Advanced
S04241,5,34.81,46.51,19.91,38.28,87.07,80.64,60.46,60.84,5.13,1,75.97,34.87,Beginner
S04242,1,36.4,44.95,41.18,44.52,60.62,80.33,46.4,36.44,32.37,0,99.1,41.76,Intermediate
S04243,2,66.54,59.62,66.85,74.62,64.84,84.1,100.0,52.49,59.28,0,82.16,66.91,Advanced
S04244,1,51.54,61.56,63.88,50.08,83.38,96.14,69.61,70.35,33.3,0,81.84,56.77,Intermediate
S04245,3,46.54,54.32,39.8,42.12,70.24,88.65,76.98,59.11,37.93,0,100.0,45.69,Intermediate
S04246,6,68.68,43.8,54.44,55.23,64.69,87.78,65.17,59.77,50.39,2,72.82,55.54,Intermediate
S04247,2,66.4,88.58,75.09,72.3,46.64,82.0,82.99,89.81,53.81,0,67.64,75.59,Advanced
S04248,8,64.31,78.95,43.4,67.09,45.68,92.38,93.8,56.18,48.81,0,67.88,63.43,Intermediate
S04249,1,92.62,100.0,69.15,83.75,42.88,100,100.0,100.0,73.72,1,87.37,86.38,Advanced
S04250,4,31.13,32.01,5.1,13.32,47.1,85.13,36.77,14.54,4.09,2,95.92,20.39,Beginner
S04251,3,41.33,59.44,43.13,47.87,66.02,88.22,53.53,26.71,18.57,0,87.43,47.94,Beginner
S04252,5,63.58,55.04,52.54,65.41,53.51,89.95,75.33,85.25,42.84,0,88.2,59.14,Advanced
S04253,2,62.59,61.6,72.52,67.01,42.34,88.62,93.88,58.69,43.85,0,97.27,65.93,Advanced
S04254,2,78.03,69.61,49.25,60.67,71.29,94.41,87.34,61.46,50.28,0,73.22,64.39,Advanced
S04255,3,55.92,53.4,48.97,55.8,63.84,94.89,70.89,74.03,48.43,0,88.45,53.52,Intermediate
S04256,1,39.09,42.54,53.72,29.86,83.41,85.64,76.37,40.15,29.71,0,75.93,41.31,Beginner
S04257,8,36.0,56.78,24.95,34.09,71.72,58.53,52.96,50.44,34.99,1,85.5,37.96,Intermediate
S04258,4,91.87,68.42,83.5,67.42,44.71,100,94.63,90.15,43.95,0,50.63,77.8,Advanced
S04259,1,37.28,52.47,56.71,59.55,62.67,76.21,83.63,48.06,58.12,1,91.15,51.5,Advanced
S04260,1,49.78,68.6,50.44,34.12,68.41,84.79,81.6,38.05,47.51,0,71.41,50.73,Intermediate
S04261,4,44.21,56.64,43.03,69.45,54.5,87.07,65.96,46.26,50.08,0,79.68,53.33,Intermediate
S04262,4,90.42,69.5,75.74,76.17,30.94,97.71,87.19,87.92,61.64,1,84.18,77.96,Advanced
S04263,1,67.52,50.69,75.84,78.25,42.98,94.56,84.82,70.19,61.8,0,80.02,68.08,Advanced
S04264,3,74.68,85.62,57.48,79.95,64.44,84.15,94.51,99.14,44.29,0,64.17,74.43,Advanced
S04265,2,82.18,100.0,61.24,79.6,72.52,86.58,89.57,86.16,62.16,0,59.91,80.76,Advanced
S04266,1,54.99,40.4,42.24,72.2,76.86,69.08,44.64,64.38,43.18,0,64.88,52.46,Intermediate
S04267,5,71.3,69.93,47.03,70.76,50.69,81.23,71.13,51.53,51.31,0,77.1,64.76,Advanced
S04268,2,58.59,58.91,55.64,62.13,57.04,84.75,74.42,58.08,31.24,0,83.81,58.82,Intermediate
S04269,4,57.81,66.33,46.47,26.85,71.96,81.02,69.66,60.29,31.32,0,89.06,49.37,Intermediate
S04270,3,50.22,50.6,72.79,50.6,68.41,88.61,65.74,38.6,25.61,1,82.05,56.05,Intermediate
S04271,7,61.46,60.37,87.14,56.6,57.18,96.51,96.38,76.76,58.48,0,77.92,66.39,Advanced
S04272,7,44.78,30.13,64.95,43.95,74.16,99.47,73.01,44.03,35.25,0,60.81,45.95,Intermediate
S04273,7,65.22,62.85,46.07,58.08,58.35,77.78,57.21,47.25,22.83,1,91.92,58.06,Intermediate
S04274,6,91.12,100.0,88.06,86.96,53.81,91.89,100.0,99.5,74.47,0,91.43,91.54,Advanced
S04275,6,83.95,83.86,72.09,76.21,58.31,97.59,91.82,65.55,50.78,0,96.2,79.03,Advanced
S04276,1,45.74,40.18,44.42,46.63,76.1,83.14,63.94,52.58,21.32,2,100.0,44.24,Intermediate
S04277,5,39.91,45.68,50.47,16.52,77.78,86.79,44.12,37.25,34.95,0,72.76,38.14,Beginner
S04278,3,63.36,82.58,58.79,66.53,90.22,90.05,84.9,74.75,35.2,0,72.81,67.82,Advanced
S04279,1,52.6,29.04,39.45,46.11,72.22,78.03,45.84,54.81,40.29,1,77.79,41.8,Beginner
S04280,4,78.36,89.52,79.62,88.02,68.88,100,93.57,84.85,66.4,0,87.02,83.88,Advanced
S04281,4,69.08,57.39,66.56,73.42,71.09,76.25,73.69,62.7,45.26,0,75.54,66.61,Intermediate
S04282,5,63.92,72.13,48.98,56.37,80.09,94.8,100.0,78.62,46.11,0,87.57,60.35,Intermediate
S04283,7,47.46,54.89,69.07,59.9,66.81,81.89,72.11,70.83,56.94,0,89.88,57.83,Intermediate
S04284,5,93.68,83.43,94.02,93.74,71.26,100,100.0,83.33,56.87,0,91.24,91.22,Advanced
S04285,7,80.41,59.9,57.04,61.6,52.85,74.84,70.07,63.62,56.8,1,66.34,64.74,Advanced
S04286,1,70.33,45.99,38.88,48.41,42.31,82.84,63.68,77.09,41.82,0,74.7,50.9,Intermediate
S04287,3,47.55,44.52,33.11,28.32,76.47,75.2,36.44,36.98,14.53,1,96.71,38.37,Intermediate
S04288,5,89.9,83.42,86.74,66.2,48.97,100,80.65,79.86,70.71,0,80.85,81.57,Advanced
S04289,1,22.34,28.28,38.27,45.24,91.73,81.7,49.61,30.75,29.84,1,87.11,33.53,Beginner
S04290,1,75.22,62.02,70.87,41.16,80.0,98.1,85.84,42.69,41.82,0,60.94,62.32,Intermediate
S04291,7,66.99,45.46,48.2,59.76,61.41,87.28,65.6,70.88,40.18,1,81.48,55.1,Intermediate
S04292,1,63.18,56.72,64.13,32.04,68.77,84.74,64.85,55.64,25.65,0,66.84,54.02,Intermediate
S04293,7,90.6,80.76,78.42,87.42,31.56,80.44,86.85,70.42,64.4,0,100.0,84.3,Advanced
S04294,9,41.1,55.64,53.35,47.54,64.29,97.16,53.44,64.61,37.69,0,71.65,49.41,Intermediate
S04295,6,79.05,61.6,53.68,59.51,48.41,93.96,93.01,61.66,45.03,1,87.51,63.46,Intermediate
S04296,3,77.52,82.83,100.0,87.21,40.6,80.23,89.42,100.0,94.3,0,80.22,86.89,Advanced
S04297,6,68.37,56.51,46.12,45.05,61.93,82.29,69.06,29.56,36.28,1,86.25,54.01,Intermediate
S04298,1,90.96,96.76,56.56,62.72,38.17,90.63,86.16,80.33,97.26,0,82.05,76.75,Advanced
S04299,6,60.29,51.61,49.79,76.38,64.77,93.22,68.95,77.93,59.73,0,75.96,59.52,Advanced
S04300,2,70.69,63.43,49.32,82.91,65.57,85.26,92.6,75.6,48.87,0,66.47,66.58,Intermediate
S04301,3,78.36,82.81,70.66,91.6,65.05,90.11,70.53,88.44,68.13,0,77.0,80.86,Advanced
S04302,5,29.64,34.99,44.74,1.33,81.35,66.91,23.55,28.49,26.53,2,67.12,27.67,Beginner
S04303,9,75.98,69.46,100.0,44.8,39.13,83.35,80.98,61.15,69.23,0,54.64,72.56,Advanced
S04304,1,45.51,52.44,70.35,31.84,58.03,100,67.99,55.88,26.89,1,71.24,50.03,Intermediate
S04305,8,69.63,54.45,78.28,56.54,55.97,90.38,47.02,64.96,21.8,1,70.12,64.73,Intermediate
S04306,3,69.38,81.06,72.11,71.86,56.19,95.26,89.5,62.81,56.0,0,100.0,73.6,Advanced
S04307,2,62.62,55.25,58.11,30.94,62.08,79.7,59.2,44.22,23.14,2,75.79,51.73,Intermediate
S04308,5,66.08,55.74,40.48,57.17,78.38,87.33,64.0,67.05,30.15,1,67.84,54.86,Intermediate
S04309,2,58.17,76.92,77.4,73.05,38.48,97.76,65.28,75.04,51.13,2,68.28,71.39,Intermediate
S04310,4,25.68,25.33,35.29,49.78,90.48,92.96,50.8,56.81,12.56,1,89.78,34.02,Beginner
S04311,9,72.89,67.95,64.39,58.89,78.37,93.22,91.5,75.55,45.35,0,90.3,66.03,Advanced
S04312,2,80.82,81.91,58.55,77.8,34.0,99.47,100.0,62.26,47.18,0,85.66,74.77,Advanced
S04313,2,66.05,51.86,64.77,83.43,72.91,77.23,82.92,80.83,57.33,2,73.0,66.53,Advanced
S04314,6,62.44,58.22,53.11,64.06,49.2,94.63,81.93,66.5,49.37,0,89.94,59.46,Intermediate
S04315,3,66.67,62.36,68.31,64.41,60.59,79.54,79.5,65.44,49.86,2,90.39,65.43,Advanced
S04316,1,47.54,41.37,41.18,48.39,75.36,81.61,54.96,41.61,44.48,1,85.84,44.62,Intermediate
S04317,7,53.74,47.16,40.14,39.71,75.17,83.51,66.79,62.02,37.23,0,90.21,45.19,Beginner
S04318,4,26.52,13.13,23.11,14.74,83.23,74.2,46.92,14.1,0.0,1,83.44,19.37,Beginner
S04319,5,87.62,66.17,91.94,91.9,52.83,82.8,93.8,75.41,69.43,0,83.29,84.41,Advanced
S04320,3,77.65,52.54,53.23,56.2,68.91,100,83.98,65.93,58.51,0,82.69,59.91,Advanced
S04321,1,38.3,35.48,39.01,17.19,83.14,78.61,54.94,62.67,34.52,0,86.23,32.49,Intermediate
S04322,5,26.51,30.72,40.37,45.71,91.08,90.68,43.6,38.29,20.8,0,95.44,35.83,Beginner
S04323,4,27.93,40.85,37.79,30.54,84.77,93.64,59.63,20.71,20.51,1,76.67,34.28,Beginner
S04324,4,64.25,50.26,44.27,32.06,61.1,85.79,72.98,58.64,30.45,0,73.45,47.71,Intermediate
S04325,5,85.14,71.58,98.68,79.58,52.1,93.06,100.0,76.43,61.29,0,70.81,83.75,Advanced
S04326,6,65.82,92.38,66.19,76.23,32.12,93.14,85.15,86.55,61.86,0,74.61,75.16,Advanced
S04327,5,67.27,76.32,61.19,67.24,30.59,93.0,90.71,87.93,60.12,0,86.24,68.0,Advanced
S04328,1,48.54,49.86,63.89,48.95,51.16,71.36,66.46,49.3,42.75,1,82.14,52.81,Intermediate
S04329,5,100.0,100.0,100.0,85.45,35.14,92.43,82.0,100.0,88.65,0,88.06,96.36,Advanced
S04330,5,66.01,48.85,44.61,49.33,76.63,95.18,72.49,62.63,41.14,2,85.51,52.2,Intermediate
S04331,3,88.35,73.04,56.5,72.99,53.42,95.59,90.35,68.01,59.48,0,64.04,72.72,Advanced
S04332,1,59.4,63.6,59.99,62.4,38.04,100,67.09,63.32,30.0,0,88.6,61.35,Intermediate
S04333,9,69.04,83.67,78.1,77.05,28.31,97.87,90.48,79.15,63.37,0,91.75,76.97,Advanced
S04334,6,63.14,57.48,42.59,54.36,31.62,100,71.4,54.46,57.61,0,88.82,54.39,Advanced
S04335,1,42.19,26.77,56.47,43.76,81.14,81.62,44.74,13.19,15.28,3,71.23,42.3,Beginner
S04336,1,68.13,74.3,51.15,55.24,83.44,85.13,67.57,54.58,44.46,0,99.57,62.2,Advanced
S04337,5,69.0,70.4,85.29,66.77,47.86,92.44,90.25,74.94,55.32,1,78.38,72.86,Advanced
S04338,9,78.77,76.23,90.95,100.0,59.87,100,100.0,89.02,90.78,0,93.59,86.49,Advanced
S04339,1,23.27,41.28,0.0,29.56,96.99,82.61,32.97,34.94,0.0,2,62.72,23.53,Beginner
S04340,3,35.5,51.75,41.39,33.69,66.41,90.69,62.28,53.7,35.58,0,75.09,40.58,Intermediate
S04341,7,100.0,82.02,67.45,100.0,41.69,92.75,100.0,92.24,85.6,0,65.12,87.37,Advanced
S04342,2,56.2,65.08,64.84,74.96,49.6,95.17,74.54,66.15,36.83,0,75.93,65.27,Intermediate
S04343,1,23.75,51.51,69.65,63.99,59.96,75.84,47.32,45.31,15.87,1,64.37,52.23,Beginner
S04344,3,60.79,41.68,16.07,51.45,77.18,83.95,54.46,33.04,3.73,1,69.91,42.5,Beginner
S04345,1,44.17,40.09,64.12,44.6,59.04,99.56,51.04,38.53,26.49,2,96.24,48.24,Intermediate
S04346,6,67.7,59.28,63.42,64.21,88.0,100,58.76,82.49,55.44,0,93.67,63.65,Advanced
S04347,6,75.87,63.34,48.1,43.62,83.72,93.37,72.02,76.59,33.04,1,81.72,57.73,Advanced
S04348,5,80.41,80.06,84.4,97.17,41.14,94.85,83.0,76.43,62.92,0,90.07,85.51,Advanced
S04349,4,79.7,85.86,79.91,87.26,57.39,81.17,100.0,78.06,62.6,0,86.97,83.18,Advanced
S04350,6,79.21,62.5,54.45,73.59,59.09,92.77,95.38,78.58,47.01,1,77.46,67.44,Advanced
S04351,2,44.04,31.86,56.47,36.57,69.78,89.69,37.36,56.34,22.52,1,83.51,42.23,Beginner
S04352,5,49.3,49.47,55.89,55.9,67.48,75.91,58.43,61.46,35.49,1,99.89,52.64,Intermediate
S04353,7,68.56,67.1,92.51,71.77,43.14,95.06,87.52,87.32,71.37,1,85.28,74.98,Advanced
S04354,8,69.84,70.78,68.23,85.08,82.59,99.04,76.82,61.19,40.26,0,95.52,73.48,Advanced
S04355,5,53.88,67.22,73.85,50.08,71.02,81.69,76.76,63.92,27.39,0,86.09,61.26,Intermediate
S04356,1,21.12,22.32,47.66,20.3,98.76,88.44,24.9,21.5,2.52,3,80.89,27.85,Beginner
S04357,5,64.26,49.68,78.51,74.31,37.28,91.33,60.67,38.39,25.9,0,91.43,66.69,Intermediate
S04358,4,44.5,40.55,31.96,7.08,81.42,78.81,31.48,17.04,17.6,2,79.37,31.02,Beginner
S04359,1,99.43,100.0,91.25,89.86,33.88,100,100.0,85.2,100.0,0,95.91,95.13,Advanced
S04360,2,22.73,18.73,32.34,17.71,82.47,85.39,44.42,12.42,4.86,1,79.7,22.88,Beginner
S04361,1,46.8,35.72,55.11,40.59,53.25,61.3,70.69,28.21,29.07,0,74.3,44.56,Intermediate
S04362,3,76.9,64.6,65.95,63.74,59.06,84.31,81.48,68.88,27.8,1,90.14,67.8,Advanced
S04363,7,60.69,56.89,69.42,77.58,54.54,87.03,84.14,62.11,50.26,0,100.0,66.15,Advanced
S04364,4,39.1,65.65,53.63,53.77,56.51,78.32,68.08,56.94,30.09,2,80.49,53.04,Intermediate
S04365,6,58.43,65.29,32.63,58.63,79.66,96.75,62.82,50.52,24.02,0,80.8,53.74,Intermediate
S04366,3,48.59,24.72,58.38,47.03,82.09,80.19,65.66,63.11,20.28,1,64.85,44.68,Intermediate
S04367,6,9.76,9.1,11.47,8.78,89.09,66.67,41.15,1.97,3.08,2,96.88,9.78,Beginner
S04368,11,79.14,59.3,44.85,79.97,55.57,92.12,77.56,81.04,45.26,0,71.22,65.81,Intermediate
S04369,3,46.55,51.97,59.5,58.61,46.61,88.95,62.15,52.35,40.44,0,94.58,54.16,Intermediate
S04370,7,42.42,35.08,17.08,18.14,83.12,65.04,51.09,27.42,16.82,2,90.29,28.18,Beginner
S04371,2,60.45,58.71,53.26,63.83,57.66,56.0,59.91,62.63,40.08,0,98.89,59.06,Intermediate
S04372,2,65.77,68.07,54.32,63.62,56.68,100,79.41,74.14,48.63,0,90.51,62.94,Advanced
S04373,4,81.97,99.88,100.0,84.32,24.0,93.41,91.36,69.12,61.01,1,85.74,91.54,Advanced
S04374,7,17.65,9.72,19.19,45.45,81.64,76.73,34.8,28.21,0.33,2,64.35,23.0,Beginner
S04375,6,60.55,66.16,77.07,72.28,54.11,79.7,93.04,75.57,58.61,1,100.0,69.02,Advanced
S04376,5,65.45,33.47,54.43,67.31,68.38,91.65,79.05,59.73,54.17,1,59.4,55.16,Intermediate
S04377,3,68.2,52.26,67.73,70.06,69.95,78.32,79.09,58.72,54.04,0,85.68,64.56,Intermediate
S04378,3,19.55,43.61,28.7,54.79,73.51,94.08,52.02,54.35,12.62,0,50.5,36.66,Intermediate
S04379,1,56.09,55.55,66.71,64.89,45.6,81.14,69.2,64.2,51.1,0,100.0,60.81,Advanced
S04380,3,55.54,29.54,58.29,46.93,75.43,78.56,59.75,57.94,20.74,0,54.3,47.58,Intermediate
S04381,2,51.72,53.62,78.08,54.23,58.62,83.37,68.0,50.11,30.31,0,81.42,59.41,Intermediate
S04382,1,68.78,48.76,44.88,74.57,48.43,77.06,45.84,46.65,38.8,0,57.54,59.25,Advanced
S04383,1,74.66,31.0,41.84,53.86,49.23,90.34,66.95,57.24,43.63,0,41.26,50.34,Intermediate
S04384,4,78.98,80.64,90.61,82.37,58.04,89.9,96.02,74.04,84.25,0,100.0,83.15,Advanced
S04385,6,58.56,77.05,60.02,43.67,47.71,75.89,80.4,59.61,57.04,0,78.94,59.83,Intermediate
S04386,1,62.07,74.57,39.43,58.48,63.0,96.65,69.87,64.42,38.01,0,81.47,58.64,Intermediate
S04387,2,69.35,62.5,46.78,34.85,53.4,92.46,51.01,52.85,16.54,0,78.8,53.37,Intermediate
S04388,6,49.12,76.34,67.27,75.86,43.06,89.16,84.03,70.3,44.48,0,66.92,67.15,Advanced
S04389,1,61.21,62.64,63.88,48.58,54.27,89.16,77.89,54.34,39.98,0,100.0,59.08,Intermediate
S04390,4,57.95,78.58,53.44,59.74,73.7,100,87.86,36.91,51.21,1,85.21,62.43,Intermediate
S04391,4,44.71,39.59,66.7,57.42,69.02,80.47,69.53,38.4,23.2,0,88.74,52.1,Intermediate
S04392,3,40.57,41.08,74.55,53.13,63.06,76.17,51.82,43.55,31.83,0,95.88,52.33,Intermediate
S04393,2,34.83,49.65,55.86,47.94,67.23,85.59,57.74,41.73,35.79,2,79.04,47.07,Intermediate
S04394,6,74.01,95.92,73.12,73.98,64.99,85.52,85.46,68.48,48.12,0,80.69,79.26,Advanced
S04395,2,14.71,26.11,21.35,24.91,87.78,78.29,18.43,10.35,0.0,1,82.13,21.77,Beginner
S04396,10,35.26,36.5,40.92,69.18,86.16,85.42,60.15,54.15,31.8,0,78.65,45.47,Intermediate
S04397,9,70.92,73.24,53.05,73.46,53.87,87.72,77.75,70.22,56.21,0,95.93,67.67,Advanced
S04398,4,94.21,86.43,100.0,86.86,48.91,97.63,89.27,72.61,49.49,0,76.27,91.87,Advanced
S04399,2,75.85,59.35,51.04,72.27,55.7,89.31,67.34,69.59,45.12,0,79.6,64.63,Advanced
S04400,6,68.96,66.54,78.78,53.3,57.86,89.83,95.37,81.6,58.75,1,73.84,66.9,Advanced
S04401,1,59.98,71.19,61.06,51.44,55.21,96.68,69.98,63.51,50.1,0,80.84,60.92,Intermediate
S04402,7,97.18,84.63,63.57,100.0,34.41,91.62,81.72,89.32,50.05,0,67.73,86.34,Advanced
S04403,1,32.98,56.83,47.58,40.91,81.05,89.91,43.86,44.55,54.31,1,81.43,44.57,Advanced
S04404,4,80.97,81.06,91.17,60.21,71.57,96.41,98.41,83.28,61.06,0,92.13,78.35,Advanced
S04405,5,54.25,26.12,86.72,50.22,58.15,73.59,45.48,41.02,44.53,1,45.38,54.33,Intermediate
S04406,3,49.51,68.92,66.13,44.98,72.55,71.08,73.53,43.38,45.03,0,51.16,57.39,Intermediate
S04407,4,83.38,54.54,56.34,81.9,54.0,99.63,79.08,70.57,39.18,0,53.73,69.04,Advanced
S04408,3,39.06,40.06,22.94,63.37,87.59,71.87,61.86,42.52,6.1,1,65.85,41.36,Beginner
S04409,3,36.21,34.63,42.38,43.43,88.59,83.96,58.89,37.1,49.88,0,100.0,39.16,Intermediate
S04410,3,39.65,49.72,71.9,53.71,74.08,54.02,59.06,44.39,34.33,2,81.95,53.74,Beginner
S04411,4,75.52,77.29,61.6,79.89,61.02,88.73,63.44,58.11,34.4,0,88.78,73.57,Advanced
S04412,7,55.51,71.85,62.44,58.12,72.87,86.68,86.45,86.13,39.57,2,84.21,61.98,Advanced
S04413,5,37.16,31.03,11.5,34.11,86.24,79.65,45.53,39.87,7.37,2,81.97,28.45,Beginner
S04414,5,46.02,57.43,56.98,68.26,70.22,86.46,90.47,54.98,44.3,1,86.66,57.17,Intermediate
S04415,4,56.43,81.86,100.0,100.0,39.04,92.0,87.28,69.77,48.32,2,69.04,84.57,Advanced
S04416,1,73.87,62.34,61.62,83.93,34.39,85.02,82.34,68.33,73.73,0,74.02,70.44,Advanced
S04417,6,68.07,63.65,60.8,63.89,47.63,80.53,71.3,52.45,56.5,0,92.83,64.1,Intermediate
S04418,7,70.53,53.36,45.75,54.94,80.26,86.96,66.8,54.35,27.52,0,77.34,56.14,Intermediate
S04419,1,39.81,78.84,49.43,62.11,71.62,81.67,56.73,37.13,48.76,0,51.42,57.55,Intermediate
S04420,1,47.13,69.57,68.47,72.79,66.6,87.94,74.86,38.76,53.9,1,81.15,64.49,Intermediate
S04421,3,80.69,80.46,76.58,90.71,61.32,81.42,88.93,71.35,52.7,0,96.6,82.11,Advanced
S04422,1,10.3,5.23,22.48,9.37,69.54,93.63,31.53,22.25,4.45,3,81.27,11.85,Beginner
S04423,4,51.26,50.7,31.63,58.47,60.14,71.3,65.49,64.21,32.62,1,82.83,48.02,Intermediate
S04424,6,30.75,56.01,44.21,53.71,83.59,98.41,48.3,57.92,23.5,1,77.87,46.17,Intermediate
S04425,6,69.21,51.84,51.16,76.35,63.43,91.3,81.07,44.9,41.01,0,64.83,62.14,Intermediate
S04426,4,29.48,61.37,59.08,59.06,59.55,87.33,67.58,51.47,38.51,0,59.73,52.25,Intermediate
S04427,1,15.54,24.87,11.05,27.04,96.44,86.5,42.76,21.47,3.34,1,88.85,19.62,Beginner
S04428,7,76.12,78.36,76.97,48.9,49.0,91.82,89.46,71.3,59.6,1,72.79,70.09,Advanced
S04429,5,75.11,63.91,71.98,69.6,75.33,91.22,100.0,59.29,53.88,0,99.52,70.15,Advanced
S04430,7,36.68,48.76,30.46,38.61,88.94,94.82,40.96,50.68,35.08,2,82.31,38.62,Intermediate
S04431,3,70.9,68.37,40.78,38.4,56.9,92.15,86.48,68.64,43.43,2,99.49,54.61,Intermediate
S04432,5,21.42,49.21,37.21,53.16,108.89,86.9,47.77,18.12,31.09,2,51.57,40.25,Beginner
S04433,4,72.69,80.56,50.94,51.77,77.05,88.35,85.32,73.3,37.65,0,84.2,63.99,Advanced
S04434,2,39.25,35.21,59.71,69.04,66.85,74.54,80.94,45.93,33.24,1,87.21,50.8,Intermediate
S04435,2,31.54,68.12,31.48,38.76,75.87,91.38,62.45,53.54,48.41,0,48.31,42.47,Beginner
S04436,5,61.26,49.54,61.04,64.42,52.36,93.15,61.45,55.66,21.05,1,92.73,59.06,Intermediate
S04437,1,63.34,36.14,68.19,54.16,70.46,82.56,61.43,41.37,46.16,0,68.71,55.46,Intermediate
S04438,4,21.82,35.35,2.72,31.88,92.22,64.09,20.55,3.24,6.3,1,66.72,22.94,Beginner
S04439,3,17.56,32.28,51.16,22.82,80.65,70.83,48.86,37.06,8.64,3,52.56,30.95,Beginner
S04440,3,45.08,47.68,27.5,46.92,71.24,98.93,39.35,41.06,16.76,2,82.13,41.79,Intermediate
S04441,5,0.0,19.07,5.55,14.02,100.06,70.46,18.56,7.84,0.0,3,73.34,9.66,Beginner
S04442,1,77.57,71.53,60.36,74.27,28.53,95.7,86.64,84.32,30.46,0,83.57,70.93,Advanced
S04443,4,53.96,57.67,59.43,42.87,86.26,77.42,44.92,57.31,40.58,2,87.92,53.48,Intermediate
S04444,7,65.31,66.05,52.99,57.89,61.2,98.2,78.83,41.97,42.02,0,80.83,60.56,Intermediate
S04445,1,49.04,67.62,72.5,38.12,58.23,88.52,77.29,52.19,61.04,1,61.38,56.82,Intermediate
S04446,4,84.52,67.34,82.05,75.15,37.42,89.17,100.0,84.84,45.63,0,72.95,77.26,Advanced
S04447,6,55.96,67.51,43.75,65.71,67.65,95.98,78.72,82.81,62.16,0,85.65,58.23,Advanced
S04448,7,84.04,62.54,73.59,65.82,22.95,97.82,95.81,74.63,60.84,0,79.79,71.5,Advanced
S04449,5,51.06,51.52,29.66,75.43,82.74,91.03,63.14,39.71,15.52,3,73.69,51.92,Beginner
S04450,4,49.88,42.97,46.0,45.27,71.05,75.99,59.72,53.11,27.3,1,100.0,46.03,Intermediate
S04451,5,49.0,69.1,31.55,43.94,61.9,77.74,55.9,34.11,10.57,0,73.2,48.4,Beginner
S04452,6,25.16,23.21,53.33,28.56,75.14,92.67,44.71,26.06,18.95,0,97.51,32.56,Beginner
S04453,6,82.3,54.17,58.23,67.36,43.35,100,83.82,80.04,52.42,2,61.03,65.52,Advanced
S04454,7,46.59,32.73,28.14,44.14,98.37,78.36,51.68,38.09,13.18,2,82.0,37.9,Beginner
S04455,5,64.25,72.5,72.09,79.08,77.96,84.23,82.19,53.31,59.6,0,87.82,71.98,Advanced
S04456,7,100.0,73.85,65.19,61.52,65.61,89.71,89.82,73.16,62.67,1,68.84,75.14,Advanced
S04457,4,29.17,32.82,39.85,42.27,72.72,94.69,61.29,66.6,23.31,2,97.23,36.03,Intermediate
S04458,2,89.76,59.05,76.88,86.0,56.35,85.39,83.62,88.8,68.88,1,51.02,77.92,Advanced
S04459,2,68.92,48.67,55.1,60.32,68.02,88.36,54.29,54.72,34.71,0,78.28,58.25,Intermediate
S04460,4,52.43,57.14,29.76,39.09,68.9,94.09,59.23,52.68,36.1,0,94.08,44.6,Intermediate
S04461,2,59.65,68.79,79.06,59.97,75.99,94.46,82.0,67.57,56.83,0,69.47,66.87,Advanced
S04462,4,80.38,68.64,74.22,83.27,52.64,88.99,81.1,70.7,56.28,0,95.95,76.63,Advanced
S04463,4,78.03,34.98,40.82,50.55,87.61,87.63,59.09,59.15,45.08,0,51.17,51.1,Intermediate
S04464,1,84.18,96.2,64.73,61.32,38.52,88.5,90.11,87.5,40.46,0,72.63,76.61,Advanced
S04465,7,22.87,37.17,20.67,30.45,63.88,93.59,45.1,20.1,8.71,3,76.86,27.79,Beginner
S04466,2,83.09,70.55,59.17,92.7,69.97,83.44,85.12,82.99,61.46,0,69.58,76.38,Advanced
S04467,5,73.63,80.05,73.74,87.78,64.96,87.75,82.19,86.39,25.93,0,71.71,78.8,Advanced
S04468,3,79.5,74.66,67.71,87.96,66.75,97.59,90.95,67.57,36.74,0,78.39,77.45,Advanced
S04469,4,54.74,47.6,32.88,76.14,92.04,89.67,73.82,45.89,47.35,1,63.56,52.84,Intermediate
S04470,2,36.95,59.51,63.87,43.79,43.29,84.62,55.43,41.16,52.08,2,50.53,51.03,Intermediate
S04471,5,62.56,69.36,66.81,71.1,62.86,100,78.26,79.97,43.5,0,87.36,67.46,Advanced
S04472,1,55.58,54.23,61.6,52.45,41.85,88.5,77.26,50.61,74.65,1,89.93,55.97,Intermediate
S04473,5,51.25,56.83,63.93,65.87,52.11,96.55,70.34,59.76,54.27,1,98.92,59.47,Intermediate
S04474,1,78.61,52.09,55.14,77.14,52.63,93.89,84.89,95.41,41.79,0,52.6,65.75,Advanced
S04475,6,63.17,72.16,73.77,61.0,86.28,90.86,76.27,60.25,47.58,1,67.14,67.52,Advanced
S04476,6,53.9,62.26,57.88,54.35,34.88,91.31,69.37,42.16,35.73,1,95.86,57.1,Intermediate
S04477,4,78.43,52.91,54.55,46.57,48.81,81.47,74.01,57.11,54.66,0,61.56,58.12,Intermediate
S04478,1,27.9,12.75,27.33,42.78,107.42,81.6,39.95,25.44,23.03,1,69.59,27.69,Beginner
S04479,1,68.4,50.64,84.25,73.88,56.71,83.25,73.28,40.58,31.33,1,70.91,69.29,Intermediate
S04480,1,99.06,94.2,100.0,66.93,33.22,100,100.0,78.55,77.52,0,67.54,90.05,Advanced
S04481,2,81.33,79.51,100.0,84.38,39.88,95.93,100.0,100.0,68.79,0,85.33,86.3,Advanced
S04482,1,27.52,61.13,47.51,46.76,74.2,79.89,52.26,26.67,14.88,0,67.59,45.73,Beginner
S04483,9,46.57,59.81,63.9,49.75,51.84,88.83,57.51,53.78,30.75,1,79.04,55.01,Intermediate
S04484,5,24.42,20.51,52.44,21.57,77.5,94.79,31.66,18.79,18.87,3,95.88,29.74,Beginner
S04485,7,39.5,43.4,33.11,40.24,77.21,94.23,30.65,22.59,14.54,1,85.8,39.06,Beginner
S04486,3,47.31,47.03,54.99,35.44,54.9,83.2,70.59,68.42,36.14,0,90.04,46.19,Intermediate
S04487,1,58.31,38.09,34.76,26.21,83.86,88.54,62.95,55.47,27.88,1,73.72,39.34,Intermediate
S04488,3,34.02,46.07,50.71,52.35,73.41,74.64,53.63,62.17,31.76,0,93.62,45.79,Intermediate
S04489,4,53.68,34.89,57.58,54.19,80.62,81.58,71.71,45.53,45.38,1,67.59,50.08,Intermediate
S04490,10,80.06,57.71,63.58,77.21,100.75,87.18,68.72,63.23,41.92,0,70.64,69.64,Advanced
S04491,2,69.86,61.26,65.13,79.48,63.43,100,83.36,84.77,66.73,0,90.62,68.93,Advanced
S04492,8,5.85,20.67,38.51,4.7,70.58,72.15,54.26,36.34,8.65,4,69.43,17.43,Beginner
S04493,2,48.67,49.32,54.46,51.31,81.44,79.82,54.62,42.95,32.37,0,93.17,50.94,Intermediate
S04494,2,56.86,52.02,45.28,49.77,65.23,97.63,69.71,57.07,15.59,0,97.03,50.98,Intermediate
S04495,3,61.62,78.29,69.93,52.97,62.97,91.82,79.03,51.53,19.87,0,80.88,65.7,Intermediate
S04496,1,40.32,50.18,50.43,53.95,26.29,84.9,53.35,56.62,34.38,1,81.12,48.72,Beginner
S04497,2,74.09,50.6,38.4,65.14,56.66,83.72,44.19,42.64,27.04,3,55.48,57.06,Beginner
S04498,2,68.9,78.77,55.0,69.11,62.22,85.72,77.14,70.42,80.89,0,79.85,67.95,Advanced
S04499,3,47.42,73.22,74.33,69.79,57.99,83.18,59.82,46.49,61.7,0,69.58,66.19,Intermediate
S04500,3,59.79,55.84,54.28,54.53,70.91,82.55,82.63,60.58,26.94,0,100.0,56.11,Intermediate
S04501,3,50.09,37.95,39.65,61.14,69.39,90.01,56.73,38.3,41.72,1,72.6,47.21,Intermediate
S04502,5,56.82,83.5,90.31,70.5,62.93,99.34,100.0,97.78,56.67,0,63.75,75.28,Advanced
S04503,3,30.15,49.53,33.65,15.59,66.77,82.63,31.31,56.26,16.44,2,86.19,32.23,Beginner
S04504,3,100.0,79.21,100.0,73.19,41.11,88.48,85.83,79.79,57.0,0,77.43,88.1,Advanced
S04505,9,84.04,63.0,36.66,55.45,53.33,94.79,84.03,52.4,60.12,0,71.71,59.79,Advanced
S04506,8,75.14,100.0,82.86,100.0,48.12,100,100.0,82.39,71.63,0,66.44,89.5,Advanced
S04507,8,53.9,48.03,59.27,56.62,54.68,87.29,56.3,50.63,44.17,1,95.41,54.45,Intermediate
S04508,6,58.63,49.8,51.82,49.75,44.34,72.77,55.17,56.59,31.1,0,100.0,52.5,Beginner
S04509,3,29.25,53.07,49.6,67.31,61.89,82.35,55.58,24.11,34.22,1,67.59,49.81,Beginner
S04510,2,32.46,40.12,40.71,31.22,90.98,71.59,47.94,45.26,19.25,0,91.31,36.13,Beginner
S04511,6,38.19,40.44,28.8,56.35,77.98,88.04,56.6,41.58,28.24,1,75.26,40.95,Beginner
S04512,3,61.79,69.94,64.78,45.99,44.66,83.54,74.08,73.37,52.2,0,76.4,60.63,Advanced
S04513,4,77.68,69.15,58.38,53.39,52.11,100,83.23,72.33,47.96,1,87.2,64.65,Advanced
S04514,1,59.09,64.33,62.37,83.71,63.13,92.35,83.79,59.97,55.24,0,89.55,67.37,Intermediate
S04515,6,80.54,65.72,79.51,72.87,57.25,90.5,100.0,82.53,61.99,1,79.96,74.66,Advanced
S04516,1,71.79,53.63,67.77,63.8,45.11,93.67,98.54,77.68,45.69,1,88.68,64.25,Advanced
S04517,4,71.46,43.61,55.55,48.05,55.08,88.89,60.92,31.25,38.26,1,55.28,54.67,Intermediate
S04518,3,40.31,34.78,28.19,5.27,99.67,65.01,31.46,25.75,0.0,3,78.4,27.14,Beginner
S04519,1,50.93,57.79,71.47,44.02,70.57,77.73,74.42,63.41,25.75,0,77.35,56.05,Intermediate
S04520,6,71.08,62.43,58.96,68.88,64.74,83.46,77.75,75.21,41.4,0,90.4,65.34,Advanced
S04521,3,58.82,66.97,76.43,72.87,46.08,97.32,65.44,53.28,61.17,0,97.66,68.78,Advanced
S04522,8,49.35,64.73,32.74,40.41,72.63,82.45,70.86,63.44,29.4,1,59.51,46.81,Intermediate
S04523,1,100.0,97.81,100.0,100.0,40.43,90.76,100.0,96.83,67.64,0,97.24,99.45,Advanced
S04524,6,29.86,52.43,30.08,44.14,75.43,88.31,54.96,55.09,44.14,0,80.91,39.13,Intermediate
S04525,8,67.37,63.69,91.2,70.86,30.02,92.31,76.83,86.09,63.09,0,84.6,73.28,Advanced
S04526,2,50.48,61.8,24.29,25.06,63.68,88.34,58.24,40.65,29.03,0,87.92,40.41,Intermediate
S04527,1,77.52,59.15,57.18,68.32,75.84,97.53,91.62,53.45,49.56,1,73.31,65.54,Advanced
S04528,4,56.35,62.89,62.88,55.13,65.93,76.82,78.75,47.78,44.97,0,85.08,59.32,Intermediate
S04529,4,61.26,68.61,56.1,60.13,63.9,88.39,76.11,75.69,43.64,1,90.04,61.52,Advanced
S04530,2,52.77,65.21,56.82,48.26,69.35,92.16,69.07,54.16,49.28,1,99.08,55.77,Intermediate
S04531,4,63.94,97.57,71.35,54.78,38.51,100,78.97,86.91,65.61,0,45.84,71.91,Advanced
S04532,4,79.7,76.32,95.22,54.12,48.57,83.13,80.01,73.73,62.33,0,63.61,76.34,Advanced
S04533,6,72.9,45.97,65.75,48.47,54.77,94.63,57.71,54.27,39.44,0,68.44,58.27,Intermediate
S04534,4,76.54,62.98,85.96,83.97,28.97,100,100.0,84.69,64.99,1,79.16,77.36,Advanced
S04535,5,78.27,92.63,80.68,100.0,51.49,100,100.0,89.52,65.02,0,65.49,87.89,Advanced
S04536,8,59.98,39.38,69.26,33.69,59.26,99.96,63.38,48.67,23.4,2,55.05,50.58,Intermediate
S04537,4,73.41,55.76,49.64,46.52,51.73,89.93,82.12,53.76,47.36,2,72.81,56.33,Intermediate
S04538,4,16.91,41.8,19.5,44.85,82.87,72.76,61.55,43.07,23.76,2,67.55,30.76,Beginner
S04539,3,66.02,58.03,55.07,71.85,60.6,90.34,76.88,60.84,64.18,0,86.86,62.74,Intermediate
S04540,3,61.31,29.76,49.83,58.19,63.7,88.76,67.12,56.8,22.23,0,54.77,49.77,Intermediate
S04541,9,9.31,23.81,43.09,43.1,79.69,78.63,49.0,44.78,30.77,2,80.73,29.83,Beginner
S04542,4,42.12,50.34,21.11,58.01,80.24,82.2,70.06,41.64,25.56,2,70.96,42.89,Intermediate
S04543,5,61.59,64.65,30.53,68.32,60.56,67.53,92.0,60.36,28.78,0,70.64,56.27,Beginner
S04544,5,38.04,41.28,50.62,51.43,81.37,94.83,63.49,63.62,39.45,1,85.6,45.34,Intermediate
S04545,5,81.15,71.84,71.82,70.96,62.38,99.74,64.88,71.35,31.15,1,95.14,73.94,Advanced
S04546,2,52.43,38.52,59.1,46.17,69.85,90.4,78.5,47.88,35.15,0,75.11,49.06,Intermediate
S04547,5,36.43,47.68,67.19,37.31,76.82,77.1,57.52,27.11,21.17,4,81.86,47.15,Beginner
S04548,1,38.64,48.58,34.07,44.6,67.18,75.86,55.94,41.07,35.27,1,75.81,41.47,Beginner
S04549,9,50.94,58.09,71.1,77.58,48.85,77.52,72.75,63.47,41.77,1,87.17,64.43,Advanced
S04550,7,21.49,60.55,33.1,61.07,94.82,74.49,39.15,27.53,8.04,2,38.8,44.05,Beginner
S04551,4,100.0,100.0,96.26,100.0,43.52,91.29,100.0,86.55,83.31,0,99.85,99.06,Advanced
S04552,3,82.4,84.94,83.92,86.14,55.09,86.28,84.18,87.06,36.06,2,95.78,84.35,Advanced
S04553,3,23.04,40.31,31.3,47.07,81.06,83.58,57.28,41.73,21.71,0,68.99,35.43,Beginner
S04554,9,57.51,50.46,53.89,55.23,63.15,87.4,67.94,68.95,41.95,1,100.0,54.27,Advanced
S04555,5,55.42,66.53,65.89,69.18,67.35,80.64,66.89,63.29,45.11,0,84.24,64.25,Intermediate
S04556,8,48.22,65.51,37.79,49.99,54.93,86.94,73.47,63.2,29.72,1,77.18,50.38,Intermediate
S04557,3,66.95,55.51,61.72,45.07,58.66,85.65,55.74,43.58,41.74,1,85.06,57.31,Intermediate
S04558,5,18.03,35.01,29.73,43.4,84.78,60.72,49.28,0.38,10.65,2,71.63,31.54,Beginner
S04559,6,43.85,47.25,46.75,54.12,67.06,79.5,57.68,76.2,49.88,0,87.37,47.99,Intermediate
S04560,1,49.33,51.67,61.52,50.89,59.3,81.88,76.4,37.02,41.3,1,87.62,53.35,Intermediate
S04561,3,47.12,61.56,76.01,59.68,48.04,73.99,88.99,75.21,52.11,0,70.14,61.09,Advanced
S04562,5,100.0,87.89,85.24,79.58,47.27,99.81,97.85,73.9,62.76,0,90.34,88.18,Advanced
S04563,1,48.54,58.99,63.53,57.34,56.77,85.97,66.65,51.07,42.19,0,76.7,57.1,Advanced
S04564,8,43.92,20.4,37.42,55.16,79.4,77.07,69.7,33.6,20.58,1,69.51,39.22,Beginner
S04565,5,52.94,46.36,65.02,63.04,59.48,90.39,76.5,64.17,28.9,0,95.5,56.84,Intermediate
S04566,2,75.36,65.87,86.47,100.0,91.08,82.8,82.88,63.74,60.66,1,93.0,81.93,Advanced
S04567,6,91.24,61.02,61.99,60.89,70.36,96.45,74.93,56.37,48.32,0,71.52,68.79,Intermediate
S04568,6,42.95,33.34,62.57,76.58,49.65,86.4,66.02,47.04,22.73,0,77.55,53.86,Intermediate
S04569,1,23.55,13.26,51.6,32.07,65.33,84.03,38.25,19.88,17.1,0,72.62,30.12,Beginner
S04570,1,59.1,50.24,36.12,53.43,74.41,87.2,60.95,30.42,38.03,1,74.42,49.72,Beginner
S04571,5,81.58,80.75,54.95,83.91,54.97,81.12,95.97,67.2,48.31,1,69.02,75.3,Advanced
S04572,4,100.0,86.2,78.89,84.84,39.31,100,100.0,88.18,70.92,1,71.78,87.48,Advanced
S04573,4,36.97,48.81,61.64,47.16,68.73,89.9,57.54,54.9,43.15,0,71.9,48.65,Intermediate
S04574,4,91.01,74.93,91.93,63.07,45.52,93.15,97.4,81.13,71.78,0,76.18,80.24,Advanced
S04575,3,66.6,55.44,37.97,77.25,58.33,100,67.7,50.46,27.84,0,54.42,59.31,Intermediate
S04576,3,70.62,39.44,35.42,50.07,49.88,99.88,79.91,63.94,34.03,0,52.34,48.89,Beginner
S04577,6,60.22,73.76,72.04,92.3,63.55,76.29,71.23,48.98,48.21,0,66.68,74.58,Intermediate
S04578,7,64.37,70.13,52.81,45.73,71.71,93.71,66.39,53.77,52.2,0,100.0,58.26,Intermediate
S04579,7,81.68,91.71,88.61,79.45,40.32,86.03,100.0,75.0,56.82,1,83.02,85.36,Advanced
S04580,3,56.06,43.83,67.02,81.17,65.99,80.29,75.83,68.39,28.82,0,70.92,62.02,Intermediate
S04581,4,18.54,33.13,8.51,37.72,62.97,75.14,51.65,5.18,1.88,1,75.07,24.47,Beginner
S04582,9,82.24,71.99,94.84,90.84,71.11,93.2,90.62,66.07,45.16,0,86.5,84.98,Advanced
S04583,9,75.47,80.11,73.92,74.29,42.33,100,100.0,79.04,63.96,0,89.23,75.95,Advanced
S04584,2,3.64,1.52,21.27,7.57,83.44,76.88,54.12,16.12,0.0,2,94.62,8.5,Beginner
S04585,1,6.63,20.77,22.84,24.76,84.53,58.74,22.17,15.69,0.0,3,80.74,18.75,Beginner
S04586,8,47.84,46.27,29.39,61.71,58.81,76.36,45.9,38.43,1.03,2,72.83,46.31,Beginner
S04587,4,77.8,64.51,61.67,42.14,62.49,83.02,80.34,65.11,39.72,0,82.09,61.53,Intermediate
S04588,8,45.88,58.72,23.71,36.81,71.34,80.39,49.92,45.59,29.93,2,87.11,41.28,Intermediate
S04589,4,59.94,45.61,62.23,63.61,52.86,92.76,93.23,65.08,59.9,0,96.12,57.85,Intermediate
S04590,2,48.91,62.29,52.7,49.43,61.05,76.35,62.87,47.7,41.82,0,91.99,53.33,Beginner
S04591,1,45.88,41.58,54.0,71.69,71.76,69.33,59.92,37.97,18.97,0,74.16,53.29,Beginner
S04592,13,29.41,53.87,44.02,41.23,77.84,94.92,66.46,41.92,18.93,1,75.15,42.13,Beginner
S04593,3,67.3,59.84,76.73,55.36,40.74,100,75.93,55.59,33.36,0,69.75,64.81,Advanced
S04594,3,84.9,80.04,86.76,64.02,52.06,98.26,76.47,57.45,69.71,0,82.05,78.93,Advanced
S04595,3,82.0,84.89,100.0,69.89,64.02,98.34,93.71,65.71,64.72,0,77.3,84.2,Advanced
S04596,4,68.97,73.25,75.7,60.36,68.44,85.17,68.39,74.61,39.03,0,90.63,69.57,Advanced
S04597,6,19.07,25.58,37.12,28.27,93.51,79.11,41.17,42.07,15.85,1,96.07,27.51,Beginner
S04598,4,7.26,9.37,53.0,8.54,70.41,72.74,43.72,26.74,10.41,1,69.69,19.54,Beginner
S04599,5,49.65,42.89,52.24,39.35,63.42,94.54,70.68,39.23,55.62,0,80.45,46.03,Intermediate
S04600,1,33.33,35.26,33.61,31.66,84.79,88.01,45.74,50.98,7.4,2,96.65,33.47,Beginner
S04601,6,86.11,72.99,67.6,76.25,48.98,100,77.32,87.05,70.37,0,82.35,75.74,Advanced
S04602,3,75.9,77.96,74.81,83.81,62.09,83.89,89.01,76.98,47.19,0,79.62,78.12,Advanced
S04603,5,48.69,59.16,36.47,42.56,58.21,81.58,59.85,50.53,12.13,1,95.79,46.72,Intermediate
S04604,1,57.06,50.85,87.44,73.39,43.39,100,81.77,75.87,76.65,0,83.7,67.18,Advanced
S04605,3,82.66,98.03,85.93,61.82,44.28,88.46,100.0,93.33,88.22,0,70.94,82.11,Advanced
S04606,1,32.04,55.84,70.47,78.67,49.75,72.8,51.58,54.14,11.43,3,69.87,59.26,Intermediate
S04607,4,100.0,86.84,77.23,85.06,38.14,94.08,99.89,73.04,81.5,0,85.4,87.28,Advanced
S04608,4,51.39,67.04,60.78,55.49,51.98,88.56,61.63,61.1,47.91,1,76.57,58.67,Intermediate
S04609,1,68.33,75.88,64.13,71.73,62.61,95.19,74.97,65.41,54.03,0,95.18,70.02,Advanced
S04610,10,51.18,73.86,69.43,74.76,62.16,96.65,93.09,70.94,56.18,0,77.4,67.31,Advanced
S04611,7,80.3,73.62,67.23,66.46,50.26,94.58,93.99,72.22,55.05,0,97.48,71.9,Advanced
S04612,2,47.8,41.59,28.51,39.15,76.65,83.22,39.85,44.86,30.7,3,92.69,39.26,Beginner
S04613,1,70.32,96.25,92.68,64.73,43.96,84.48,74.0,70.77,37.17,1,66.41,80.99,Advanced
S04614,9,56.24,53.66,79.44,53.11,73.71,86.36,65.72,47.67,40.23,0,81.94,60.61,Intermediate
S04615,6,67.69,65.88,81.22,84.74,57.29,94.03,85.75,73.15,59.65,0,90.42,74.88,Advanced
S04616,1,23.35,37.83,12.43,26.84,72.29,100,49.0,46.36,2.04,0,93.35,25.11,Beginner
S04617,1,24.57,48.66,24.28,29.36,89.62,83.44,46.44,27.35,9.28,1,85.61,31.72,Beginner
S04618,5,57.31,52.56,70.58,45.28,70.6,71.49,80.83,71.83,46.14,1,86.15,56.43,Advanced
S04619,6,61.51,76.62,81.34,100.0,53.74,97.55,100.0,85.08,60.19,2,73.74,79.87,Advanced
S04620,3,73.56,64.77,49.94,65.86,55.92,90.37,71.29,55.43,39.49,1,81.34,63.53,Intermediate
S04621,8,62.72,58.06,79.1,50.77,63.18,81.43,56.98,63.36,43.29,0,77.86,62.66,Advanced
S04622,2,77.28,82.16,48.97,47.82,38.76,96.28,90.09,76.61,62.02,1,93.95,64.06,Advanced
S04623,3,76.28,60.35,78.81,68.83,38.5,71.33,100.0,63.99,54.58,2,77.05,71.07,Advanced
S04624,4,81.99,71.07,48.67,97.68,62.94,81.86,93.29,73.75,61.81,1,65.18,74.85,Advanced
S04625,5,44.96,66.08,61.35,55.57,92.65,84.37,51.9,47.23,22.05,0,78.95,56.99,Intermediate
S04626,1,78.49,73.63,83.35,65.03,32.53,86.12,76.21,69.71,64.94,1,77.29,75.12,Advanced
S04627,3,75.62,84.01,76.19,83.76,42.33,97.59,100.0,82.44,77.57,0,80.34,79.9,Advanced
S04628,2,81.52,82.34,100.0,86.22,61.15,77.35,89.44,72.99,56.16,1,87.35,87.52,Advanced
S04629,4,53.62,59.28,27.87,46.19,105.97,88.74,70.18,38.41,17.05,1,75.47,46.74,Intermediate
S04630,4,53.57,65.93,43.76,62.61,61.16,97.89,64.18,65.6,41.6,1,74.29,56.47,Advanced
S04631,3,78.29,85.7,99.63,63.17,27.52,96.24,95.01,70.8,33.43,0,74.25,81.7,Advanced
S04632,3,47.39,73.4,65.5,68.66,50.46,88.92,74.43,63.17,46.47,0,84.56,63.74,Advanced
S04633,9,56.84,44.33,43.37,45.3,54.92,93.43,74.2,58.84,46.65,0,87.54,47.46,Intermediate
S04634,2,98.58,84.55,98.91,100.0,44.99,100,100.0,100.0,64.92,0,81.8,95.51,Advanced
S04635,4,60.57,67.44,68.89,60.54,64.55,96.33,62.6,56.34,26.34,0,84.48,64.36,Intermediate
S04636,1,100.0,77.32,100.0,100.0,23.8,99.19,100.0,100.0,84.35,0,78.19,94.33,Advanced
S04637,6,23.35,33.83,44.84,45.76,69.64,88.83,54.28,53.47,0.0,1,93.09,36.94,Beginner
S04638,7,100.0,54.81,57.24,75.34,57.1,100,94.23,100.0,72.4,0,36.46,71.85,Advanced
S04639,2,70.42,51.06,49.39,76.22,58.38,88.62,99.1,63.1,56.16,0,67.31,61.77,Intermediate
S04640,1,59.08,53.78,37.8,71.19,54.28,93.85,87.82,57.26,48.21,0,82.39,55.46,Intermediate
S04641,1,61.86,31.55,27.87,61.5,74.01,73.9,67.69,29.61,53.41,1,38.87,45.69,Beginner
S04642,3,35.13,46.93,45.43,55.07,98.25,75.09,55.16,44.36,31.44,0,93.46,45.64,Intermediate
S04643,5,94.15,95.44,82.7,90.04,26.35,88.07,98.61,97.35,94.5,0,95.68,90.58,Advanced
S04644,1,45.42,58.94,75.63,68.47,46.84,100,75.74,50.03,49.32,0,80.36,62.11,Intermediate
S04645,6,80.69,79.97,84.99,100.0,39.73,93.24,100.0,77.48,72.99,0,85.01,86.41,Advanced
S04646,5,53.69,56.6,69.07,56.45,86.07,65.82,55.76,71.35,50.31,0,99.45,58.95,Advanced
S04647,3,78.3,58.3,74.33,63.02,63.93,91.21,77.75,71.54,75.54,0,67.81,68.49,Advanced
S04648,7,55.0,38.86,31.46,32.96,70.96,68.62,44.79,50.08,31.67,3,79.9,39.57,Intermediate
S04649,3,74.29,72.47,80.65,76.5,50.49,85.88,95.26,88.42,57.47,0,90.68,75.98,Advanced
S04650,1,57.79,47.72,55.28,30.48,61.02,77.82,41.47,49.28,33.13,2,75.12,47.82,Intermediate
S04651,6,50.94,68.26,33.94,50.73,58.41,81.35,63.51,19.95,20.01,0,74.75,50.97,Beginner
S04652,3,64.84,54.14,82.98,84.6,56.69,75.21,82.62,51.32,72.12,0,85.55,71.64,Advanced
S04653,6,28.26,16.77,16.31,5.87,90.83,77.61,39.25,17.95,9.57,2,82.7,16.8,Beginner
S04654,1,63.73,50.48,65.33,48.52,58.84,91.26,72.01,56.83,42.44,0,76.37,57.01,Advanced
S04655,8,85.83,54.12,100.0,100.0,35.33,98.85,98.17,72.25,68.51,0,55.31,84.99,Advanced
S04656,5,26.69,24.63,22.56,40.8,65.35,100,43.87,39.21,26.64,1,81.69,28.67,Beginner
S04657,7,59.09,64.01,59.54,72.65,75.91,89.51,57.89,51.64,48.15,0,88.5,63.82,Advanced
S04658,7,66.64,84.81,71.15,73.62,72.75,83.27,89.61,56.49,64.99,0,80.58,74.05,Advanced
S04659,6,46.65,34.43,44.78,22.77,74.31,80.69,64.21,50.37,22.27,1,66.13,37.16,Beginner
S04660,5,86.34,62.36,78.03,60.29,51.96,87.23,90.56,67.67,58.29,0,70.67,71.76,Intermediate
S04661,2,84.16,70.21,80.33,73.71,53.81,94.84,91.74,67.91,58.23,0,75.98,77.1,Advanced
S04662,3,76.68,80.86,70.86,68.04,50.5,90.27,93.3,84.32,70.2,0,93.53,74.11,Advanced
S04663,7,36.83,44.59,25.55,63.41,69.7,80.37,58.68,56.13,35.0,0,75.63,42.59,Intermediate
S04664,6,63.99,67.39,42.25,76.83,53.12,86.33,72.28,51.82,22.35,1,75.13,62.61,Intermediate
S04665,1,72.72,21.63,28.08,29.73,72.55,81.96,74.48,39.51,38.78,3,47.19,38.04,Beginner
S04666,8,37.93,30.54,48.44,49.04,45.16,84.91,72.82,51.35,42.15,1,89.49,41.49,Beginner
S04667,5,57.5,81.01,67.12,81.49,77.93,83.35,58.66,35.81,40.12,0,62.67,71.78,Intermediate
S04668,3,67.08,51.14,58.07,61.23,65.01,72.21,70.39,53.26,45.8,1,89.9,59.38,Intermediate
S04669,4,43.08,54.44,39.49,11.14,58.13,79.19,56.78,61.54,42.85,0,71.72,37.04,Intermediate
S04670,4,78.05,65.02,64.74,76.12,66.82,95.0,80.97,93.51,50.39,1,80.77,70.98,Advanced
S04671,3,89.79,86.51,100.0,75.34,39.56,100,98.6,79.26,85.13,0,91.28,87.91,Advanced
S04672,3,43.73,47.69,36.63,22.72,56.13,72.66,56.24,50.19,8.09,1,88.83,37.69,Beginner
S04673,2,52.14,77.02,67.3,47.74,64.26,84.45,83.56,48.56,65.05,0,60.08,61.05,Intermediate
S04674,3,34.59,45.06,28.89,49.4,82.56,81.33,38.86,31.74,5.18,0,81.02,39.48,Beginner
S04675,2,96.3,79.4,58.89,72.88,57.1,90.99,92.38,71.29,51.34,0,67.92,76.87,Advanced
S04676,1,77.12,52.96,64.85,70.57,76.36,95.71,84.48,74.88,48.24,0,80.68,66.37,Advanced
S04677,2,70.37,60.09,63.1,69.17,97.24,92.06,59.97,55.48,21.03,0,88.97,65.68,Advanced
S04678,3,67.81,62.6,43.69,72.32,76.45,92.1,61.67,66.77,56.88,0,71.13,61.6,Advanced
S04679,6,79.83,47.05,39.31,36.36,79.79,93.6,93.55,40.42,44.87,1,65.42,50.64,Intermediate
S04680,5,33.39,3.64,1.98,13.87,74.18,92.57,41.83,39.23,25.46,1,64.12,13.22,Beginner
S04681,4,29.65,40.67,42.33,33.25,61.79,72.93,50.36,49.52,19.88,1,87.87,36.47,Beginner
S04682,6,64.37,24.29,86.76,53.93,44.54,98.24,51.09,37.25,36.57,3,34.59,57.34,Intermediate
S04683,5,41.25,51.64,41.67,60.25,76.21,81.58,52.34,48.02,44.74,1,73.29,48.7,Intermediate
S04684,1,48.06,50.07,42.19,50.75,85.33,91.88,38.57,29.91,19.2,1,81.19,47.77,Beginner
S04685,1,87.85,53.21,65.07,79.81,56.42,97.01,100.0,88.75,70.87,0,46.11,71.48,Intermediate
S04686,7,78.49,75.13,53.64,60.52,66.93,88.82,63.59,42.89,55.16,2,93.0,66.94,Advanced
S04687,2,54.51,48.55,51.63,57.94,50.75,96.82,68.52,61.26,37.84,1,91.68,53.16,Intermediate
S04688,9,57.92,39.16,56.57,67.84,64.67,82.73,65.29,46.66,39.9,2,81.16,55.38,Beginner
S04689,4,36.17,50.28,58.58,38.14,83.74,90.31,85.21,69.09,34.15,1,72.27,45.79,Intermediate
S04690,4,49.33,73.18,54.15,61.31,90.07,82.1,74.51,43.0,35.41,0,72.22,59.49,Intermediate
S04691,5,45.47,43.74,43.93,37.91,81.95,81.49,65.22,45.36,37.04,0,91.91,42.76,Intermediate
S04692,3,45.86,47.54,24.61,64.28,52.77,77.31,58.72,57.38,44.04,3,83.46,45.57,Intermediate
S04693,5,62.56,55.32,66.96,77.73,44.96,86.68,91.49,76.59,42.65,0,86.55,65.64,Advanced
S04694,5,61.26,74.61,60.93,67.13,66.35,97.19,97.63,82.46,53.1,1,80.56,65.98,Advanced
S04695,3,35.73,10.61,19.93,41.82,80.15,85.62,45.09,33.4,35.21,3,63.58,27.02,Beginner
S04696,2,43.68,50.96,54.73,35.93,82.57,80.74,61.78,30.94,19.08,1,76.48,46.32,Intermediate
S04697,5,53.01,32.47,54.62,40.27,52.95,84.69,50.22,46.99,42.83,3,65.31,45.09,Intermediate
S04698,8,46.79,54.19,49.75,53.82,76.11,91.72,70.84,43.26,44.79,1,96.64,51.14,Intermediate
S04699,5,41.08,35.25,45.32,46.43,77.61,84.8,35.78,35.83,19.97,1,94.08,42.02,Beginner
S04700,5,14.6,32.36,7.66,9.98,101.98,75.59,41.43,18.61,11.67,1,77.22,16.15,Beginner
S04701,1,45.43,55.86,75.34,54.09,49.34,93.68,74.12,57.1,25.51,0,91.65,57.68,Intermediate
S04702,1,93.78,98.52,56.65,87.96,61.85,94.25,89.0,93.6,74.45,0,74.46,84.23,Advanced
S04703,10,53.91,65.55,55.87,48.28,61.4,82.83,77.93,82.8,57.46,0,85.15,55.91,Advanced
S04704,1,79.79,98.11,94.67,46.85,50.6,86.76,87.64,89.32,43.36,1,59.29,79.86,Advanced
S04705,9,29.38,32.52,0.0,40.56,88.45,77.87,55.34,10.32,7.38,2,81.77,25.62,Beginner
S04706,1,33.89,52.0,15.27,40.9,74.67,83.26,44.12,27.72,18.92,0,66.63,35.51,Beginner
S04707,3,47.77,49.03,34.93,43.93,48.08,100,67.14,62.09,35.06,1,92.02,43.92,Beginner
S04708,1,66.05,76.61,30.95,85.76,41.63,79.82,83.11,46.5,37.02,0,73.15,64.84,Intermediate
S04709,6,89.89,100.0,91.56,61.52,33.49,100,89.04,100.0,76.31,1,73.66,85.74,Advanced
S04710,1,43.95,41.98,42.22,31.77,84.38,86.21,56.17,43.2,45.48,1,95.98,39.98,Intermediate
S04711,4,54.0,75.54,55.17,55.5,57.14,87.96,73.16,61.56,36.94,2,65.28,60.05,Intermediate
S04712,1,58.7,46.66,42.59,56.65,52.12,92.04,57.15,49.17,38.71,1,77.79,51.15,Intermediate
S04713,2,35.57,29.25,4.63,42.2,86.37,94.9,53.18,29.98,21.02,0,57.6,27.91,Beginner
S04714,4,46.24,70.84,32.34,30.79,75.27,86.23,26.46,11.01,18.63,1,78.13,45.05,Beginner
S04715,4,32.66,37.31,31.99,34.87,82.54,91.67,57.28,40.12,3.39,1,95.26,34.21,Intermediate
S04716,7,77.81,72.52,63.94,54.7,52.16,90.47,86.21,83.09,56.71,1,88.83,67.24,Advanced
S04717,2,51.25,63.23,71.15,81.48,70.48,97.19,79.57,79.11,42.71,0,94.06,66.78,Advanced
S04718,5,60.6,51.94,42.85,89.96,74.42,81.39,56.84,48.35,52.26,2,61.24,61.34,Intermediate
S04719,7,54.41,32.5,12.53,45.24,85.75,87.23,33.23,37.23,15.36,2,44.86,36.17,Beginner
S04720,4,71.1,49.13,75.59,74.51,57.48,72.46,57.05,44.96,37.47,2,78.34,67.58,Intermediate
S04721,3,79.19,61.9,77.54,69.3,60.32,87.92,94.3,88.48,56.53,0,73.94,71.98,Advanced
S04722,4,31.34,58.69,38.8,42.96,94.18,75.84,38.95,27.05,20.94,2,74.5,42.95,Intermediate
S04723,2,44.89,71.03,61.02,60.58,35.33,97.92,77.35,62.89,20.94,1,58.34,59.38,Intermediate
S04724,4,40.07,56.35,46.8,42.22,77.79,81.8,55.3,36.58,27.27,0,82.61,46.36,Beginner
S04725,1,78.66,68.88,86.29,84.98,70.58,79.64,97.52,65.73,50.73,1,81.03,79.7,Advanced
S04726,4,58.71,68.25,53.31,62.5,56.49,87.37,79.7,64.83,60.33,0,94.59,60.69,Advanced
S04727,3,89.42,100.0,66.76,73.16,42.81,87.67,100.0,86.37,65.95,1,92.42,82.34,Advanced
S04728,3,38.47,32.77,40.09,42.14,54.22,82.86,49.23,31.94,16.52,2,87.35,38.37,Beginner
S04729,5,25.9,54.47,56.86,59.56,72.42,96.72,55.55,48.25,33.31,0,68.55,49.2,Intermediate
S04730,5,12.69,9.14,19.61,20.54,94.29,84.19,37.12,30.1,0.0,1,100.0,15.5,Beginner
S04731,3,82.95,96.6,55.89,77.97,54.86,90.52,100.0,74.16,66.26,0,76.01,78.35,Advanced
S04732,4,60.66,24.96,44.93,60.55,65.03,72.56,59.39,61.57,43.8,1,53.09,47.77,Intermediate
S04733,4,41.01,43.83,55.82,37.09,69.77,71.71,37.27,41.41,24.64,0,78.67,44.44,Intermediate
S04734,5,43.41,17.09,29.63,27.74,72.02,75.25,24.65,25.76,0.0,4,77.62,29.47,Beginner
S04735,5,20.25,34.65,12.93,41.9,84.19,88.61,37.52,34.03,18.48,2,65.76,27.43,Beginner
S04736,8,68.57,71.99,76.17,80.73,61.39,91.04,83.1,65.94,56.35,0,89.64,74.37,Intermediate
S04737,10,87.96,78.21,100.0,100.0,61.28,100,100.0,100.0,94.58,0,99.47,91.54,Advanced
S04738,7,77.34,55.86,74.82,44.07,64.24,87.23,76.94,44.42,46.1,0,60.76,63.02,Intermediate
S04739,1,83.26,78.81,80.42,70.25,63.37,88.15,100.0,60.3,64.06,0,87.72,78.19,Advanced
S04740,6,100.0,97.03,100.0,95.72,48.04,95.69,100.0,99.78,68.68,1,89.41,98.19,Advanced
S04741,1,38.05,46.66,63.5,40.46,75.4,82.31,49.22,56.59,14.6,0,78.75,47.17,Intermediate
S04742,5,14.2,12.86,0.0,0.0,86.27,74.95,29.85,14.12,0.64,6,98.15,6.76,Beginner
S04743,1,44.61,51.5,51.59,33.19,64.0,67.64,42.67,33.42,17.15,2,81.15,45.22,Beginner
S04744,3,57.74,61.86,66.71,54.48,82.59,98.91,69.12,57.4,43.49,0,82.88,60.2,Advanced
S04745,6,78.74,60.09,100.0,82.3,75.96,99.87,78.48,65.35,55.09,0,68.09,80.28,Advanced
S04746,6,46.82,59.53,37.87,54.73,64.98,97.48,79.47,67.4,46.7,0,73.56,49.74,Advanced
S04747,1,59.86,54.87,52.4,88.3,68.87,73.71,83.57,55.55,39.59,3,66.2,63.86,Intermediate
S04748,4,61.3,41.92,55.66,48.22,71.8,84.47,57.86,34.48,28.78,1,85.37,51.77,Intermediate
S04749,5,38.53,11.74,22.79,52.64,85.6,80.68,59.91,27.67,17.22,3,45.72,31.43,Beginner
S04750,5,87.21,75.51,72.66,57.3,48.85,97.13,85.17,77.8,55.24,0,75.32,73.17,Advanced
S04751,6,27.26,22.73,17.05,30.5,61.64,79.19,58.44,44.66,13.95,0,100.0,24.39,Beginner
S04752,7,48.2,55.37,58.7,45.87,71.54,95.24,73.27,56.63,52.58,0,80.62,52.04,Intermediate
S04753,1,83.45,89.16,83.19,77.1,44.62,100,100.0,80.84,54.5,0,91.1,83.23,Advanced
S04754,1,71.32,87.04,59.61,75.25,45.22,99.32,69.45,71.32,54.85,0,79.78,73.31,Advanced
S04755,1,64.5,68.89,69.51,58.17,67.55,95.44,66.69,65.04,39.73,1,84.32,65.27,Advanced
S04756,6,56.69,59.91,56.33,54.59,62.43,85.86,62.73,41.82,42.6,0,87.46,56.88,Intermediate
S04757,3,67.05,83.49,84.41,80.47,42.66,93.46,81.41,81.92,60.83,0,73.46,78.86,Advanced
S04758,3,56.03,47.43,56.96,83.95,71.89,95.04,80.33,53.26,20.43,0,69.44,61.09,Intermediate
S04759,4,91.46,86.02,89.12,87.87,37.91,96.32,100.0,90.67,84.96,0,93.82,88.61,Advanced
S04760,6,43.92,62.47,42.96,55.84,54.4,91.08,62.98,51.72,53.52,0,77.72,51.3,Intermediate
S04761,4,60.37,23.02,28.76,44.38,100.52,76.3,40.07,18.56,21.22,2,53.18,39.13,Beginner
S04762,5,44.7,70.18,61.47,76.78,62.76,83.69,95.41,82.42,49.26,0,65.89,63.28,Intermediate
S04763,4,87.77,87.69,85.85,93.28,42.89,80.43,99.74,88.81,80.84,0,100.0,88.65,Advanced
S04764,6,91.58,88.06,77.89,100.0,38.85,100,86.17,68.25,57.71,0,100.0,89.38,Advanced
S04765,7,80.09,99.52,84.43,100.0,36.16,100,100.0,94.99,98.97,0,66.0,91.01,Advanced
S04766,2,34.87,14.59,25.05,22.4,82.39,72.98,48.68,12.45,14.62,0,85.14,24.23,Beginner
S04767,1,78.76,85.52,79.11,71.18,38.12,100,94.16,80.95,75.99,0,90.45,78.64,Advanced
S04768,7,22.49,44.82,32.8,7.48,68.46,79.33,54.27,35.13,17.96,2,58.66,26.9,Beginner
S04769,3,73.4,66.05,83.98,89.22,67.3,98.76,91.52,76.71,77.8,0,73.59,78.16,Advanced
S04770,2,41.33,41.6,62.62,54.43,71.5,77.34,59.97,41.92,27.16,0,85.57,49.99,Beginner
S04771,2,70.17,17.1,68.61,62.73,90.59,74.12,58.22,58.33,24.3,0,37.73,54.65,Intermediate
S04772,1,34.62,42.31,62.31,55.16,86.62,92.95,66.15,33.4,25.23,0,100.0,48.6,Intermediate
S04773,1,25.9,49.21,52.13,41.1,56.68,87.88,54.3,43.95,38.44,2,64.07,42.08,Beginner
S04774,1,49.93,62.65,70.36,66.97,81.07,79.21,56.64,30.84,13.38,2,80.0,62.48,Intermediate
S04775,6,63.57,59.23,73.68,51.19,64.16,89.41,77.78,60.13,52.25,1,81.12,61.92,Advanced
S04776,6,92.15,74.17,97.82,85.71,48.89,96.68,100.0,100.0,81.59,0,87.57,87.46,Advanced
S04777,8,73.34,71.82,75.15,74.6,36.41,95.21,70.08,69.57,65.78,0,100.0,73.72,Advanced
S04778,5,79.89,84.62,88.79,95.31,42.22,100,100.0,73.76,59.43,0,87.95,87.15,Advanced
S04779,2,77.73,45.75,66.29,47.49,71.59,80.29,77.17,42.18,39.15,0,56.2,59.32,Beginner
S04780,4,81.81,79.12,77.0,86.43,60.58,93.02,91.18,68.87,68.43,1,88.02,81.09,Advanced
S04781,5,52.11,48.95,44.48,37.13,74.9,76.25,49.31,44.18,53.95,0,95.24,45.67,Intermediate
S04782,9,54.34,81.49,52.04,38.89,86.81,81.43,62.81,32.83,30.93,0,61.64,56.69,Intermediate
S04783,6,73.34,74.22,61.97,80.41,54.73,94.23,98.0,76.55,68.85,0,80.31,72.48,Advanced
S04784,7,26.72,62.91,40.62,63.52,81.16,79.31,70.02,37.25,30.58,2,58.64,48.44,Beginner
S04785,6,73.63,57.95,60.59,56.34,55.62,97.65,82.4,70.02,42.99,0,76.88,62.13,Advanced
S04786,1,74.79,88.51,71.63,80.83,77.15,86.12,80.9,68.13,58.08,0,79.28,78.94,Advanced
S04787,3,41.33,72.09,62.61,74.1,41.68,88.18,82.27,51.4,54.96,0,65.48,62.53,Intermediate
S04788,7,81.34,85.02,53.69,63.2,45.09,85.9,83.81,72.89,63.82,0,89.09,70.81,Advanced
S04789,1,61.09,53.5,56.07,51.55,72.05,92.42,83.96,63.96,66.68,0,94.1,55.55,Advanced
S04790,5,44.61,31.8,27.8,32.31,75.8,79.4,49.32,49.36,38.14,2,77.62,34.13,Intermediate
S04791,4,39.48,65.32,29.61,68.88,65.84,83.33,92.48,64.64,48.83,0,55.02,50.82,Intermediate
S04792,3,77.65,67.53,74.56,72.68,71.36,97.11,84.73,65.53,66.05,0,95.83,73.11,Advanced
S04793,7,42.7,74.1,68.79,90.53,62.44,78.9,60.41,72.85,13.88,0,57.55,69.03,Intermediate
S04794,4,50.89,61.63,42.32,30.53,97.38,79.39,59.79,43.19,38.97,0,80.25,46.34,Intermediate
S04795,3,54.0,37.54,78.73,67.98,82.29,80.32,75.07,54.14,61.56,0,74.37,59.56,Intermediate
S04796,6,23.37,32.48,25.42,32.09,60.35,78.76,48.42,19.21,7.09,2,82.0,28.34,Beginner
S04797,6,27.38,38.61,43.34,25.52,75.11,83.54,57.18,38.54,38.05,0,78.27,33.71,Beginner
S04798,4,73.02,61.72,70.57,76.47,50.05,89.8,74.08,75.49,61.88,0,79.28,70.44,Advanced
S04799,1,81.98,100.0,100.0,97.8,27.26,91.42,100.0,100.0,82.87,0,89.77,94.95,Advanced
S04800,3,44.7,28.24,41.27,19.64,73.0,69.45,49.69,45.89,27.42,1,74.74,33.46,Beginner
S04801,5,35.78,57.51,71.8,64.15,74.1,79.51,71.74,63.53,47.36,1,82.85,57.31,Intermediate
S04802,4,16.32,31.44,23.97,34.2,88.56,69.33,36.38,9.5,0.65,1,81.05,26.48,Beginner
S04803,2,24.66,28.02,40.46,57.28,84.41,77.09,44.61,5.14,5.75,2,85.1,37.61,Beginner
S04804,8,56.94,60.82,73.33,87.29,62.95,100,73.61,68.55,34.35,0,88.49,69.6,Advanced
S04805,5,97.11,84.31,89.91,73.47,47.89,84.07,97.28,75.08,91.13,0,85.92,86.2,Advanced
S04806,2,52.74,67.88,57.88,44.55,61.76,84.58,67.5,39.0,34.01,1,66.32,55.76,Intermediate
S04807,8,54.39,46.2,72.16,68.59,43.14,79.85,68.62,44.84,39.75,1,76.9,60.34,Intermediate
S04808,7,53.39,53.58,69.11,62.44,74.94,86.94,69.51,81.34,34.3,0,84.61,59.63,Intermediate
S04809,4,57.22,50.05,43.23,48.78,95.52,89.45,45.05,29.44,35.42,2,81.36,49.82,Beginner
S04810,6,84.29,76.73,76.38,76.47,36.66,100,75.24,66.94,63.52,1,95.19,78.47,Advanced
S04811,4,38.31,43.48,55.46,35.25,59.01,90.46,59.85,52.6,43.65,1,89.58,43.13,Intermediate
S04812,2,74.23,72.63,73.19,62.53,52.81,80.07,71.3,66.36,40.69,0,85.28,70.65,Intermediate
S04813,5,58.66,73.97,77.24,65.17,59.87,100,81.32,67.59,82.65,1,77.43,68.76,Advanced
S04814,5,34.37,20.74,19.85,26.04,65.86,79.78,23.88,42.12,0.0,0,86.47,25.25,Beginner
S04815,5,16.29,22.25,46.06,21.3,92.28,83.83,47.66,25.13,8.13,2,77.59,26.48,Beginner
S04816,4,63.15,46.32,57.46,72.88,62.62,93.31,62.16,51.9,45.9,1,62.55,59.95,Intermediate
S04817,5,79.82,78.4,89.96,98.7,56.16,94.99,97.29,82.8,75.62,0,90.27,86.72,Advanced
S04818,2,46.68,46.56,34.68,27.13,74.3,98.26,74.39,42.73,48.96,0,94.24,38.76,Beginner
S04819,1,63.46,69.65,53.49,53.92,57.51,92.8,76.58,52.87,33.38,0,96.73,60.13,Intermediate
S04820,3,89.88,74.65,97.64,72.47,50.1,85.42,100.0,83.21,61.31,0,61.78,83.66,Advanced
S04821,4,42.39,55.35,24.16,61.35,83.96,81.31,45.66,32.67,5.93,0,69.89,45.81,Intermediate
S04822,3,36.92,18.64,2.73,11.51,72.5,82.79,36.29,22.51,0.0,2,83.55,17.45,Beginner
S04823,1,64.75,67.78,84.46,80.62,48.84,80.25,99.83,59.71,53.41,0,98.33,74.4,Advanced
S04824,6,9.87,17.3,0.0,18.25,81.39,87.21,28.88,12.23,0.0,1,83.67,11.36,Beginner
S04825,5,44.95,42.78,35.39,30.25,83.84,93.06,49.94,45.76,28.43,3,95.21,38.34,Intermediate
S04826,2,49.02,55.19,47.37,52.0,59.69,78.0,50.27,45.41,55.05,0,97.73,50.9,Intermediate
S04827,6,61.68,60.67,40.23,53.0,78.18,82.13,90.38,79.97,64.55,0,90.53,53.9,Advanced
S04828,1,62.17,57.76,37.86,63.44,49.89,74.9,54.27,68.11,37.11,2,83.69,55.31,Intermediate
S04829,5,32.36,50.05,13.15,16.37,72.48,88.22,43.0,22.65,14.1,1,84.53,27.98,Beginner
S04830,3,40.55,20.85,44.0,35.02,75.94,81.88,52.04,54.0,4.73,2,79.71,35.11,Beginner
S04831,5,25.56,65.46,49.06,71.18,67.07,85.22,64.69,23.08,20.15,4,36.59,52.82,Intermediate
S04832,5,81.36,64.99,92.1,87.46,43.43,96.44,80.92,53.71,62.0,0,89.26,81.48,Advanced
S04833,5,68.53,80.61,57.37,82.11,63.34,83.16,78.99,66.77,40.9,0,62.59,72.15,Advanced
S04834,5,77.71,68.28,49.81,86.04,57.98,96.44,77.58,96.04,63.91,0,63.46,70.46,Advanced
S04835,3,42.56,73.85,42.0,44.04,53.75,90.93,56.77,53.02,55.06,2,71.27,50.61,Intermediate
S04836,4,61.05,47.59,63.89,40.16,66.05,70.49,54.4,61.08,32.47,0,76.25,53.17,Intermediate
S04837,4,58.3,60.62,38.48,50.53,59.44,96.1,78.03,48.21,27.02,0,95.22,51.98,Intermediate
S04838,1,58.44,58.26,54.71,77.87,54.69,100,85.44,60.25,64.26,0,83.69,62.32,Advanced
S04839,3,39.42,61.81,42.92,34.78,67.15,92.3,63.54,46.86,35.82,0,61.17,44.73,Beginner
S04840,2,64.84,61.97,65.7,35.88,38.27,94.71,57.79,47.33,40.82,1,66.81,57.1,Intermediate
S04841,7,35.09,47.32,46.29,37.17,83.16,88.55,32.19,29.86,29.02,1,82.42,41.47,Intermediate
S04842,2,100.0,82.19,81.53,65.67,77.75,83.84,100.0,89.45,64.07,0,75.88,82.35,Advanced
S04843,5,68.75,100.0,94.59,66.85,48.22,87.65,97.66,61.02,70.55,1,43.57,82.55,Advanced
S04844,4,58.72,46.92,52.66,71.94,76.99,95.12,89.66,60.77,27.2,0,74.03,57.56,Advanced
S04845,9,46.96,74.15,52.32,37.27,48.54,92.71,76.8,49.6,56.6,1,63.12,52.68,Intermediate
S04846,3,17.68,18.51,45.86,18.34,76.63,82.44,42.05,19.26,24.89,3,81.62,25.1,Beginner
S04847,2,75.34,58.59,70.31,68.43,49.57,91.42,69.8,59.43,45.21,0,81.47,68.17,Advanced
S04848,5,60.47,63.96,63.8,61.72,50.86,85.01,55.7,83.16,30.5,1,84.77,62.49,Advanced
S04849,5,51.67,90.29,66.35,66.92,45.58,75.44,97.31,83.03,83.81,0,64.16,68.81,Advanced
S04850,10,100.0,70.01,32.99,64.35,55.46,86.75,78.03,55.42,65.2,0,60.26,66.84,Intermediate
S04851,2,51.23,84.0,57.98,66.13,57.93,70.95,76.71,63.88,53.74,2,66.75,64.84,Intermediate
S04852,1,59.56,44.84,33.12,46.6,68.86,92.73,63.54,28.08,15.02,1,68.77,46.03,Beginner
S04853,7,64.08,76.9,66.41,71.07,67.65,96.34,92.62,65.63,67.06,0,79.81,69.62,Advanced
S04854,4,61.66,53.21,52.65,41.06,73.2,80.6,67.34,67.69,56.82,0,82.51,52.14,Intermediate
S04855,6,46.03,48.26,55.25,70.4,86.48,90.72,65.47,55.1,45.83,3,83.4,54.98,Intermediate
S04856,4,48.25,42.2,38.97,51.77,72.03,83.79,53.43,31.04,26.75,2,94.67,45.3,Beginner
S04857,3,67.57,57.94,58.3,58.97,53.56,92.82,64.79,67.37,42.97,2,100.0,60.69,Intermediate
S04858,8,80.47,78.87,72.72,81.77,57.32,88.99,88.72,74.4,63.66,0,99.72,78.46,Advanced
S04859,4,60.03,23.15,22.52,30.82,73.23,77.7,52.1,29.44,45.06,0,67.13,34.13,Intermediate
S04860,6,64.94,37.66,57.32,49.61,64.76,77.86,73.33,56.16,40.46,0,69.09,52.38,Intermediate
S04861,1,44.98,27.62,9.74,43.08,72.92,97.09,45.33,43.14,43.0,2,63.87,31.36,Beginner
S04862,5,58.25,80.58,62.94,74.02,65.03,82.02,93.32,73.6,72.13,1,64.98,68.95,Advanced
S04863,10,86.1,47.4,58.64,72.97,56.11,92.86,97.83,63.23,53.61,1,45.37,66.28,Intermediate
S04864,2,68.23,51.46,61.21,75.6,63.6,92.08,66.71,71.49,39.08,0,65.22,64.13,Advanced
S04865,7,48.25,44.94,53.42,58.18,62.61,75.96,67.44,39.16,25.72,1,88.59,51.2,Intermediate
S04866,9,84.98,85.45,93.82,76.98,35.47,92.28,91.73,69.44,71.92,0,88.16,85.31,Advanced
S04867,6,49.83,53.6,37.4,47.94,81.24,98.37,52.97,43.45,17.34,0,83.22,47.2,Beginner
S04868,8,100.0,85.76,100.0,59.28,49.45,100,97.15,81.42,59.73,0,59.53,86.26,Advanced
S04869,4,56.17,64.66,76.01,81.52,61.1,92.21,79.9,51.66,43.22,0,73.17,69.59,Advanced
S04870,4,42.08,12.4,35.82,17.63,75.47,73.16,53.24,36.72,27.26,1,57.76,26.98,Beginner
S04871,4,87.7,73.42,77.61,74.02,60.29,90.24,86.65,89.47,71.15,2,79.37,78.19,Advanced
S04872,4,77.37,98.31,90.43,83.19,41.46,94.17,99.03,91.72,84.59,0,66.99,87.33,Advanced
S04873,3,46.13,25.43,45.12,48.93,49.62,100,56.41,54.29,39.67,0,68.01,41.4,Intermediate
S04874,3,63.87,66.74,71.93,67.25,68.5,98.61,70.32,74.82,47.61,0,93.85,67.45,Advanced
S04875,4,40.03,42.9,30.97,50.63,48.96,92.5,84.92,36.97,36.65,1,84.54,41.13,Intermediate
S04876,5,58.59,59.16,83.4,57.37,86.2,87.6,62.54,77.83,62.18,0,86.02,64.63,Advanced
S04877,2,14.18,21.68,25.09,12.56,74.53,79.78,17.27,31.74,4.56,1,81.93,18.38,Beginner
S04878,2,100.0,100.0,100.0,98.52,58.82,95.61,98.8,100.0,76.31,0,98.81,99.63,Advanced
S04879,7,60.62,50.38,64.4,47.34,52.95,83.14,77.68,65.58,36.87,1,79.88,55.69,Intermediate
S04880,6,65.43,56.83,71.83,77.45,55.05,100,76.64,55.72,58.4,0,91.97,67.88,Intermediate
S04881,1,44.4,65.02,54.21,47.59,64.56,73.71,64.93,59.78,23.53,0,72.87,52.8,Intermediate
S04882,3,73.51,80.8,74.0,90.09,44.56,90.91,86.57,100.0,54.12,0,93.13,79.6,Advanced
S04883,1,85.31,47.38,56.52,65.5,70.18,71.08,73.71,56.88,28.85,1,62.22,63.68,Intermediate
S04884,4,47.16,52.09,42.87,51.72,65.75,91.27,47.8,45.0,23.33,0,94.32,48.46,Intermediate
S04885,1,47.57,62.16,56.92,61.1,60.79,77.02,68.43,45.9,57.33,0,86.18,56.94,Intermediate
S04886,10,100.0,91.86,73.59,54.63,42.84,88.92,83.34,79.05,50.77,0,76.5,80.02,Advanced
S04887,3,62.35,45.67,40.43,34.21,55.06,84.74,63.16,52.18,30.94,1,64.8,45.66,Beginner
S04888,8,27.98,35.91,44.06,17.17,74.22,65.81,44.04,31.84,21.44,1,79.06,31.28,Beginner
S04889,3,55.49,36.92,20.83,66.06,59.12,82.34,71.76,47.35,27.03,0,46.82,44.82,Beginner
S04890,5,69.45,55.6,57.49,54.25,56.55,81.54,66.19,69.34,57.44,0,80.3,59.2,Intermediate
S04891,1,8.74,24.49,15.12,0.0,99.64,74.04,19.27,0.0,0.0,1,66.02,12.09,Beginner
S04892,7,40.92,48.66,66.15,74.85,58.87,84.65,54.68,38.73,41.96,0,85.87,57.65,Intermediate
S04893,2,31.57,31.64,3.73,9.43,67.32,76.0,47.8,36.78,12.37,0,93.99,19.09,Beginner
S04894,3,73.38,91.83,56.71,75.73,60.91,94.07,81.0,64.19,62.48,0,78.04,74.41,Advanced
S04895,7,49.52,58.74,61.65,54.03,55.13,83.85,83.62,76.2,37.54,0,85.05,55.98,Intermediate
S04896,2,72.65,83.99,72.06,90.44,60.79,84.71,100.0,94.83,58.4,0,69.94,79.79,Advanced
S04897,1,92.5,84.6,90.1,77.16,52.78,95.84,100.0,71.68,67.93,1,96.34,86.09,Advanced
S04898,2,73.71,27.23,21.66,46.44,64.12,85.08,36.13,50.37,39.2,2,22.68,42.26,Intermediate
S04899,4,41.02,67.57,59.01,59.3,56.02,92.19,86.16,60.49,45.43,0,83.76,56.73,Intermediate
S04900,7,68.33,59.4,64.66,60.15,58.83,83.58,66.51,55.19,60.29,0,99.67,63.14,Intermediate
S04901,8,10.16,23.33,47.05,31.46,61.56,82.99,49.67,43.45,13.8,2,77.35,28.0,Beginner
S04902,7,87.37,100.0,73.87,88.77,67.76,88.98,98.78,91.78,55.51,0,88.64,87.5,Advanced
S04903,2,40.96,33.96,62.04,36.53,61.73,90.92,61.6,44.65,16.62,0,75.94,43.37,Intermediate
S04904,6,48.62,53.97,64.47,46.49,65.77,80.89,57.41,59.37,29.68,0,83.62,53.39,Intermediate
S04905,3,36.42,53.19,59.98,67.5,52.03,82.98,74.76,42.48,38.15,2,79.6,54.27,Intermediate
S04906,2,63.32,40.05,52.43,66.79,68.35,100,70.03,59.19,47.1,0,77.26,55.65,Advanced
S04907,4,42.63,52.82,47.89,62.45,53.0,75.15,56.26,67.45,43.84,0,78.29,51.45,Intermediate
S04908,8,63.96,68.88,39.81,62.47,57.37,94.81,73.57,67.24,50.76,0,65.32,58.78,Intermediate
S04909,6,42.75,73.11,48.2,35.56,83.87,92.65,74.95,46.11,47.22,0,54.2,49.9,Intermediate
S04910,1,54.17,79.38,99.72,78.1,48.84,92.58,69.08,81.58,71.61,0,65.75,77.84,Advanced
S04911,3,74.74,95.63,85.44,68.06,34.51,93.49,100.0,91.09,76.36,0,76.88,80.97,Advanced
S04912,5,35.4,36.12,32.32,43.0,71.12,81.73,55.6,53.23,14.79,1,95.47,36.71,Beginner
S04913,4,61.86,57.03,67.42,67.58,74.39,68.34,82.39,43.11,29.08,1,100.0,63.47,Intermediate
S04914,4,52.95,43.86,58.29,28.95,64.37,79.94,44.46,34.59,37.8,0,74.63,46.01,Beginner
S04915,8,44.91,59.91,53.34,51.04,74.16,81.23,44.74,46.97,37.71,1,70.9,52.3,Intermediate
S04916,1,82.36,82.17,62.79,98.95,39.09,100,100.0,75.14,59.28,0,89.21,81.57,Advanced
S04917,1,64.07,84.62,53.78,50.17,63.59,100,67.56,60.09,47.68,2,77.99,63.16,Intermediate
S04918,8,68.44,50.14,48.95,40.95,69.62,91.28,58.69,57.31,36.01,1,79.56,52.12,Intermediate
S04919,1,80.91,67.1,79.9,64.56,44.72,98.75,77.02,64.5,56.58,0,82.1,73.12,Advanced
S04920,3,28.91,9.17,33.56,38.06,89.55,92.38,50.9,28.28,1.94,1,78.17,27.43,Beginner
S04921,1,56.9,56.7,83.77,83.99,73.57,85.45,96.67,86.57,48.57,1,100.0,70.34,Advanced
S04922,7,85.12,71.15,88.89,56.97,54.18,93.85,90.03,83.89,61.01,1,73.88,75.54,Advanced
S04923,4,96.22,72.92,82.51,46.95,59.38,92.63,75.59,65.55,58.08,0,50.2,74.65,Advanced
S04924,1,23.54,44.31,18.15,44.47,79.96,78.94,48.63,23.56,34.33,3,62.36,32.62,Beginner
S04925,9,75.17,58.76,69.61,82.5,42.6,87.65,94.07,72.77,51.5,0,79.86,71.51,Advanced
S04926,2,37.91,31.8,43.44,31.37,91.18,70.88,52.02,29.15,48.9,0,95.38,36.13,Intermediate
S04927,3,59.64,69.43,43.89,59.97,60.89,83.01,56.67,56.26,51.35,2,73.95,58.23,Intermediate
S04928,6,37.14,54.03,42.18,63.48,64.24,84.95,90.57,62.07,38.86,0,72.15,49.21,Intermediate
S04929,3,63.64,86.12,83.27,81.33,49.36,89.86,78.42,65.29,58.94,0,69.25,78.59,Advanced
S04930,5,56.39,69.06,66.0,75.33,94.94,85.32,60.64,61.81,31.36,1,80.37,66.69,Advanced
S04931,2,50.59,36.89,43.25,41.41,83.16,81.42,53.14,51.16,1.58,0,84.86,43.03,Beginner
S04932,2,57.37,72.78,44.43,65.1,54.29,87.16,73.8,40.49,45.13,0,77.28,59.92,Intermediate
S04933,6,48.48,74.66,75.47,73.31,38.63,84.68,75.1,79.14,40.97,1,63.84,67.98,Intermediate
S04934,6,91.05,57.86,89.78,100.0,37.97,95.49,94.26,75.93,71.61,1,67.18,84.67,Advanced
S04935,4,51.6,74.45,45.45,56.26,41.6,76.17,86.01,49.54,28.36,0,80.92,56.94,Intermediate
S04936,6,60.44,85.97,67.68,54.84,63.93,94.53,90.08,78.81,70.72,0,64.06,67.23,Advanced
S04937,1,26.1,36.67,55.7,45.4,58.21,72.07,55.7,63.69,46.87,1,79.84,40.97,Intermediate
S04938,4,34.7,66.51,38.8,72.99,67.39,99.62,85.5,57.85,46.3,0,46.46,53.25,Intermediate
S04939,1,53.46,75.52,44.32,52.62,50.95,86.11,50.87,48.51,8.77,1,65.3,56.48,Intermediate
S04940,8,71.43,63.33,67.21,67.27,69.15,79.02,75.09,45.58,45.6,0,100.0,67.31,Intermediate
S04941,8,45.62,67.8,54.05,74.19,64.62,94.73,95.74,45.91,47.68,1,58.12,60.41,Intermediate
S04942,5,74.99,60.95,49.86,79.3,57.5,78.75,62.51,55.02,32.89,3,77.71,66.28,Intermediate
S04943,4,50.37,65.19,73.28,72.76,35.08,65.28,75.18,69.15,37.14,0,91.55,65.4,Advanced
S04944,4,50.8,80.18,75.25,59.47,63.4,97.48,85.93,54.37,59.67,1,51.91,66.43,Advanced
S04945,1,85.38,56.88,55.24,68.45,60.23,87.17,72.72,49.62,45.96,2,62.75,66.49,Intermediate
S04946,1,51.96,42.21,69.24,54.13,68.46,87.71,77.07,59.26,59.08,0,73.34,54.39,Intermediate
S04947,2,30.96,41.29,39.27,33.26,81.03,75.03,48.16,33.42,24.86,0,94.57,36.2,Intermediate
S04948,5,81.24,66.2,93.72,69.22,48.4,96.56,82.67,75.27,56.79,0,60.01,77.59,Advanced
S04949,5,72.75,74.6,92.64,83.61,48.63,90.0,91.25,66.25,84.37,0,88.13,80.9,Advanced
S04950,3,56.29,27.85,52.46,57.19,59.13,90.1,57.12,37.76,16.86,2,68.43,48.45,Intermediate
S04951,5,35.2,58.18,37.48,49.39,34.48,96.0,67.11,54.34,26.45,2,76.26,45.06,Beginner
S04952,12,69.83,42.69,53.44,73.3,36.17,78.35,81.52,70.76,47.42,2,49.39,59.81,Advanced
S04953,2,12.41,24.79,36.61,12.54,75.89,98.59,39.17,32.76,30.03,3,82.16,21.59,Beginner
S04954,2,33.14,49.11,45.81,30.19,79.38,88.72,58.57,56.42,39.36,2,80.27,39.56,Intermediate
S04955,1,64.01,60.74,78.08,42.76,78.9,89.53,80.13,54.95,56.32,2,76.46,61.4,Intermediate
S04956,2,50.13,60.45,90.2,67.09,39.7,90.05,79.71,68.99,43.16,2,92.43,66.97,Advanced
S04957,5,45.07,44.83,27.4,36.21,72.47,66.92,34.23,57.89,26.2,2,92.61,38.38,Beginner
S04958,4,74.52,92.45,81.05,100.0,62.45,100,100.0,83.52,71.28,0,76.72,87.01,Advanced
S04959,4,61.3,56.84,52.41,61.75,55.58,78.77,77.21,57.36,29.57,0,94.58,58.07,Intermediate
S04960,1,43.13,59.35,43.07,40.83,63.71,93.56,61.5,49.82,36.04,1,78.96,46.6,Intermediate
S04961,5,88.71,82.07,72.29,77.92,57.0,84.19,74.29,83.09,62.28,0,91.88,80.25,Advanced
S04962,3,47.54,59.01,55.64,47.55,61.18,86.95,83.55,50.55,12.76,0,76.83,52.44,Intermediate
S04963,1,49.76,54.89,65.36,48.96,52.2,86.2,79.5,52.9,44.01,1,83.14,54.74,Advanced
S04964,6,60.74,79.38,65.01,75.89,80.81,100,87.7,53.58,27.99,0,71.06,70.26,Intermediate
S04965,7,100.0,86.59,67.32,93.97,47.62,99.17,100.0,94.66,72.54,1,74.69,86.97,Advanced
S04966,7,57.49,62.74,61.27,59.49,60.02,99.39,79.48,82.7,42.56,1,100.0,60.25,Intermediate
S04967,9,85.83,71.87,76.48,76.34,51.21,98.4,100.0,65.66,79.18,0,81.09,77.63,Advanced
S04968,5,84.59,80.63,76.33,62.89,46.4,94.06,98.43,83.9,72.78,0,96.72,76.11,Advanced
S04969,1,48.3,47.24,40.74,47.3,55.8,100,48.72,57.25,31.04,0,86.87,45.9,Beginner
S04970,5,58.38,62.25,67.87,71.06,51.79,79.47,77.1,68.47,53.62,0,100.0,64.89,Advanced
S04971,1,65.23,72.36,63.38,41.99,58.83,88.03,72.18,60.59,46.02,0,82.79,60.74,Intermediate
S04972,2,66.75,78.47,71.89,74.24,65.43,90.35,94.67,84.21,56.32,0,72.67,72.84,Advanced
S04973,1,7.26,14.75,8.48,9.96,85.27,76.26,23.51,21.1,20.02,2,90.18,10.11,Beginner
S04974,1,60.25,55.18,33.08,65.54,47.34,90.89,79.43,88.09,58.33,0,85.9,53.51,Advanced
S04975,3,67.15,68.6,66.77,69.28,51.41,71.19,75.02,46.82,43.99,0,100.0,67.95,Intermediate
S04976,4,37.55,37.25,43.19,71.81,78.67,71.11,62.89,52.08,25.64,2,79.02,47.45,Intermediate
S04977,3,72.31,76.35,82.56,62.33,62.9,100,92.81,77.0,74.33,0,93.79,73.39,Advanced
S04978,7,41.59,20.47,44.65,52.83,54.65,89.77,63.71,34.76,28.73,2,75.21,39.88,Beginner
S04979,3,82.19,87.83,83.92,76.18,63.71,87.21,83.19,66.6,78.15,0,98.11,82.53,Advanced
S04980,4,67.78,66.83,59.18,63.19,65.25,93.22,79.77,47.69,38.35,0,97.44,64.24,Intermediate
S04981,5,81.38,60.95,98.8,79.83,51.07,91.35,100.0,90.09,50.45,0,66.15,80.24,Advanced
S04982,6,64.13,66.66,53.83,68.95,55.45,82.59,84.01,49.52,54.81,1,81.09,63.39,Advanced
S04983,2,21.91,63.66,39.78,39.66,65.18,80.95,37.43,24.14,20.06,3,46.4,41.25,Beginner
S04984,4,57.7,64.61,67.13,36.33,45.49,84.49,67.05,71.47,67.26,0,64.49,56.44,Intermediate
S04985,2,95.84,100.0,80.13,100.0,37.85,100,100.0,98.22,84.53,0,87.19,93.99,Advanced
S04986,6,33.12,71.8,50.97,49.64,46.81,78.4,67.27,46.88,42.93,0,63.67,51.38,Intermediate
S04987,3,67.61,70.67,51.05,70.37,49.29,92.9,73.81,72.27,55.55,0,85.3,64.93,Advanced
S04988,7,86.9,80.08,96.54,72.96,62.76,98.35,95.23,100.0,77.2,0,77.44,84.12,Advanced
S04989,1,88.01,71.84,77.63,86.95,40.97,100,89.48,84.17,60.02,0,85.89,81.11,Advanced
S04990,5,53.36,49.36,47.43,51.29,66.8,75.6,57.95,28.06,38.17,0,100.0,50.36,Intermediate
S04991,5,40.57,28.21,46.95,61.2,73.61,81.59,51.98,42.99,53.81,1,78.82,44.23,Intermediate
S04992,7,55.68,54.0,45.22,54.47,62.07,91.22,65.31,54.04,25.99,0,81.21,52.34,Intermediate
S04993,5,79.33,80.36,83.93,94.2,45.08,91.47,96.04,73.01,61.62,0,98.42,84.46,Advanced
S04994,5,29.54,39.62,32.63,22.48,89.65,80.8,45.15,41.82,20.03,2,81.57,31.07,Beginner
S04995,3,65.9,57.03,99.1,59.49,53.74,91.9,74.55,90.95,44.55,0,59.86,70.38,Advanced
S04996,3,40.51,46.62,62.88,34.01,75.61,76.12,45.73,41.6,10.72,0,74.54,46.01,Intermediate
S04997,1,67.09,74.81,64.76,70.58,80.54,83.17,86.0,64.67,54.81,1,78.16,69.31,Advanced
S04998,5,60.59,70.24,48.22,74.01,72.43,61.88,60.85,76.11,31.1,0,76.39,63.26,Intermediate
S04999,1,36.52,62.98,53.29,23.38,66.49,88.14,43.44,39.73,19.22,0,49.51,44.04,Intermediate
S05000,2,49.11,31.46,69.41,66.04,65.63,87.8,65.59,56.84,41.12,1,86.98,54.0,Advanced
S05001,3,37.39,52.25,13.89,54.54,80.77,80.47,65.22,35.51,20.83,2,71.98,39.52,Intermediate
S05002,6,35.73,29.94,31.78,42.93,75.66,73.51,35.95,28.37,15.87,2,100.0,35.1,Beginner
S05003,2,54.95,63.15,59.28,56.96,43.26,75.33,78.58,64.5,30.29,0,90.63,58.59,Intermediate
S05004,1,73.65,76.99,81.54,66.74,70.72,91.45,79.02,67.37,66.82,0,100.0,74.73,Advanced
S05005,3,56.35,34.92,54.67,39.17,93.19,64.5,42.16,57.38,16.17,2,75.56,46.28,Beginner
S05006,9,25.91,43.92,21.74,46.54,75.75,86.58,48.78,56.79,33.47,2,67.87,34.53,Intermediate
S05007,4,44.85,50.18,59.87,58.35,79.81,79.02,63.12,42.05,51.71,0,90.45,53.31,Intermediate
S05008,4,62.18,83.33,84.41,60.38,61.66,86.44,82.28,73.33,40.32,0,65.44,72.57,Advanced
S05009,3,42.39,49.98,35.49,43.32,50.85,71.61,56.22,50.19,30.23,0,79.65,42.8,Intermediate
S05010,5,64.51,54.64,75.48,50.51,50.34,94.0,85.52,65.37,48.03,0,72.17,61.28,Intermediate
S05011,6,52.55,54.42,48.39,66.34,51.1,100,79.81,63.78,47.27,0,91.12,55.43,Advanced
S05012,4,38.25,39.52,55.53,56.81,67.0,84.35,69.13,54.58,27.75,1,82.94,47.53,Intermediate
S05013,1,72.71,79.84,77.93,50.22,45.05,90.34,82.61,70.22,57.67,0,70.19,70.17,Advanced
S05014,2,49.64,51.46,40.65,38.66,67.48,75.26,50.15,36.53,9.26,2,93.4,45.1,Beginner
S05015,5,82.78,73.41,68.87,64.41,71.99,84.33,87.88,53.05,67.89,0,86.46,72.37,Intermediate
S05016,2,52.01,80.57,69.9,83.7,52.32,83.3,92.07,67.11,36.1,0,65.26,71.54,Intermediate
S05017,1,5.9,38.34,30.62,47.37,73.48,72.05,28.45,40.74,2.37,2,58.49,30.56,Beginner
S05018,3,31.87,40.84,59.14,46.45,70.01,83.08,52.17,58.5,4.38,0,89.59,44.57,Intermediate
S05019,8,72.03,94.43,69.84,73.91,65.89,100,93.03,79.2,54.99,0,94.76,77.55,Advanced
S05020,2,83.1,97.82,90.75,85.18,58.1,89.33,86.03,61.57,64.1,0,82.82,89.21,Advanced
S05021,3,79.46,78.9,79.08,100.0,34.66,96.21,76.7,70.19,58.21,0,72.93,84.36,Advanced
S05022,9,97.78,74.61,61.43,100.0,55.87,97.69,100.0,87.24,74.95,1,47.47,83.45,Advanced
S05023,6,28.19,33.14,20.13,0.0,70.88,70.37,28.23,14.75,0.0,3,84.73,20.37,Beginner
S05024,1,62.01,69.84,51.7,49.11,74.66,87.63,65.18,57.44,43.33,0,80.53,58.16,Intermediate
S05025,8,33.96,48.57,31.41,34.0,78.25,67.41,30.47,26.31,19.81,3,96.38,36.98,Beginner
S05026,1,29.54,42.63,33.72,45.55,55.64,82.32,52.58,62.8,43.55,1,92.71,37.86,Intermediate
S05027,4,37.72,49.09,52.14,49.49,80.63,91.54,84.38,58.25,31.02,1,82.15,47.11,Advanced
S05028,7,45.57,24.95,46.33,67.43,76.29,90.02,87.2,68.58,49.41,0,70.38,46.07,Advanced
S05029,9,58.74,65.64,51.23,55.83,69.65,92.22,74.07,53.84,34.18,0,81.45,57.86,Intermediate
S05030,5,88.33,100.0,100.0,85.05,44.95,96.31,100.0,100.0,61.34,1,76.75,93.34,Advanced
S05031,3,62.98,47.95,39.92,38.97,65.59,74.22,52.52,78.34,38.15,0,82.04,47.45,Intermediate
S05032,1,56.98,92.8,76.94,87.64,84.9,79.7,95.03,67.03,67.85,0,53.33,78.59,Advanced
S05033,8,50.42,80.27,77.17,58.16,50.86,87.05,66.17,73.65,53.7,0,70.92,66.51,Advanced
S05034,2,69.94,70.73,95.93,76.69,64.8,93.28,78.93,61.84,37.15,1,99.79,78.33,Advanced
S05035,1,85.76,55.4,62.71,66.19,74.29,91.86,71.76,64.34,38.68,0,73.5,67.52,Advanced
S05036,7,74.91,87.18,54.84,76.93,68.35,86.74,79.83,68.58,56.14,0,75.33,73.47,Advanced
S05037,3,45.2,41.4,37.63,26.2,61.5,91.9,62.56,33.78,17.61,0,93.93,37.61,Intermediate
S05038,1,69.98,59.71,41.09,68.0,74.12,99.47,70.9,63.94,20.4,1,75.62,59.69,Intermediate
S05039,2,37.44,23.8,54.78,53.4,94.32,88.23,65.82,38.52,33.39,0,94.26,42.36,Intermediate
S05040,5,14.76,12.98,38.37,14.07,51.9,68.52,25.12,36.73,7.19,2,87.08,20.04,Beginner
S05041,3,75.1,63.67,69.4,56.1,70.64,97.12,91.44,77.0,55.65,0,77.47,66.07,Intermediate
S05042,3,45.39,6.33,23.36,46.36,69.47,98.69,63.63,52.97,43.35,0,50.52,30.36,Intermediate
S05043,3,62.43,64.4,81.67,60.06,58.06,84.61,71.33,73.6,52.85,1,81.86,67.14,Advanced
S05044,5,69.03,68.53,43.03,20.94,70.92,90.33,52.54,66.85,48.34,0,92.67,50.38,Advanced
S05045,5,44.9,44.18,59.5,38.97,42.23,86.53,75.34,71.08,31.05,2,91.11,46.89,Intermediate
S05046,3,56.49,53.54,57.81,34.55,73.25,94.06,75.57,48.7,52.93,1,66.27,50.6,Intermediate
S05047,2,58.12,54.0,52.24,63.52,56.05,85.7,71.8,56.91,43.43,1,92.78,56.97,Intermediate
S05048,2,31.46,36.43,60.32,55.46,77.59,87.93,76.85,47.96,25.26,1,98.04,45.92,Intermediate
S05049,4,48.44,39.32,53.27,28.54,63.67,77.44,61.83,51.88,49.75,2,75.79,42.39,Beginner
S05050,1,46.96,57.2,78.6,59.39,49.69,78.44,86.47,65.82,66.52,0,89.89,60.54,Intermediate
S05051,2,84.95,100.0,83.13,85.94,31.91,88.76,100.0,76.37,78.89,0,96.4,88.5,Advanced
S05052,1,58.74,55.35,63.57,72.84,64.6,98.77,88.64,84.71,65.95,0,100.0,62.62,Advanced
S05053,6,45.88,69.53,46.0,47.12,71.74,96.56,64.05,32.48,18.27,2,79.88,52.13,Intermediate
S05054,6,57.59,54.34,53.98,63.66,55.88,87.11,77.64,44.71,49.91,1,90.18,57.39,Intermediate
S05055,5,45.51,58.26,61.99,53.06,49.84,84.14,71.79,58.04,24.93,2,82.5,54.71,Intermediate
S05056,8,61.67,64.46,56.6,79.65,69.0,79.78,74.33,66.37,48.27,0,84.45,65.6,Advanced
S05057,6,100.0,89.49,76.06,71.05,55.09,100,100.0,60.61,64.66,0,85.57,84.15,Advanced
S05058,3,64.66,68.56,52.32,40.03,56.62,91.23,80.52,71.15,62.37,0,81.75,56.39,Intermediate
S05059,8,29.15,66.22,54.89,49.89,77.02,80.38,71.16,42.63,30.22,0,55.37,50.04,Intermediate
S05060,1,55.68,40.48,41.56,52.86,54.16,82.77,59.84,54.07,45.44,0,74.02,47.65,Beginner
S05061,5,77.05,71.93,90.09,87.31,26.67,93.65,100.0,82.84,70.91,0,88.74,81.59,Advanced
S05062,3,41.04,31.45,45.93,67.93,80.09,83.11,54.52,26.28,24.88,0,79.92,46.59,Intermediate
S05063,8,67.42,71.31,45.38,66.13,47.83,94.69,79.26,81.66,48.73,0,82.37,62.56,Advanced
S05064,1,67.19,66.29,82.81,71.33,79.72,86.05,69.38,70.3,46.17,0,81.35,71.91,Advanced
S05065,3,76.64,93.11,83.35,77.4,41.64,92.83,100.0,87.82,72.79,0,64.71,82.63,Advanced
S05066,8,78.77,87.38,91.24,81.56,49.47,76.48,96.14,46.67,65.39,0,77.42,84.74,Advanced
S05067,6,76.6,59.88,61.5,61.67,56.6,91.41,81.24,80.34,64.59,1,82.6,64.91,Advanced
S05068,7,52.95,48.88,58.66,65.12,72.8,83.3,79.34,77.64,77.16,2,87.51,56.4,Intermediate
S05069,8,56.6,54.39,50.41,49.64,60.05,93.21,61.94,45.58,31.11,0,100.0,52.76,Intermediate
S05070,3,54.69,58.97,51.33,40.69,53.89,82.21,62.91,39.19,28.71,0,86.94,51.42,Intermediate
S05071,1,31.05,33.16,38.31,55.86,78.47,86.39,61.43,49.99,40.39,1,98.76,39.6,Intermediate
S05072,3,88.71,99.94,65.42,39.98,52.96,71.76,94.25,84.62,71.15,0,76.34,73.51,Advanced
S05073,1,29.28,44.16,6.03,30.77,69.54,78.79,37.4,58.65,3.88,3,78.55,27.56,Beginner
S05074,6,82.92,92.97,98.19,96.92,49.2,100,100.0,86.31,75.98,0,92.31,92.75,Advanced
S05075,7,35.48,56.8,58.96,54.71,46.54,77.95,59.53,54.02,23.74,1,74.46,51.49,Beginner
S05076,5,66.0,46.68,53.08,52.21,69.93,87.28,48.21,29.31,30.98,2,73.39,54.49,Beginner
S05077,5,52.34,52.77,45.63,70.35,66.68,83.12,62.78,43.01,50.94,1,79.5,55.27,Intermediate
S05078,1,62.22,50.63,54.03,67.79,65.87,85.5,73.12,38.28,33.52,0,78.98,58.67,Beginner
S05079,7,82.8,87.72,58.07,66.37,65.0,92.07,96.59,72.62,63.02,0,98.15,73.74,Advanced
S05080,8,26.64,23.76,40.38,24.25,67.79,86.4,49.72,15.37,39.05,0,94.79,28.76,Beginner
S05081,2,59.28,45.16,54.54,51.34,63.94,97.05,65.48,63.44,45.05,0,73.67,52.58,Intermediate
S05082,1,60.93,63.36,49.19,47.28,103.05,89.76,76.08,55.22,38.67,1,91.71,55.19,Intermediate
S05083,5,100.0,92.27,84.21,93.88,32.01,100,90.92,95.71,56.93,0,88.78,92.59,Advanced
S05084,4,69.14,67.94,92.35,71.97,59.56,100,78.1,97.66,75.2,0,95.81,75.35,Advanced
S05085,7,91.62,84.73,89.55,98.07,35.88,89.33,100.0,97.92,85.31,0,90.21,90.99,Advanced
S05086,2,65.31,62.15,85.37,64.23,57.05,100,78.81,76.05,60.63,0,100.0,69.26,Advanced
S05087,1,42.08,44.07,30.3,28.33,76.57,77.02,57.33,47.45,5.67,1,100.0,36.2,Intermediate
S05088,6,91.29,54.3,77.86,73.8,37.67,83.9,92.05,91.09,57.21,0,60.63,74.31,Advanced
S05089,7,49.87,60.19,27.7,44.67,36.76,92.14,43.0,39.92,19.68,0,89.94,45.61,Intermediate
S05090,6,55.63,62.01,40.71,68.71,60.66,83.46,76.67,63.45,53.32,0,80.61,56.76,Advanced
S05091,5,56.66,50.74,38.08,50.02,67.61,86.49,43.34,45.53,34.25,0,100.0,48.88,Intermediate
S05092,2,64.62,77.15,87.54,56.71,70.79,100,65.64,56.26,51.11,0,80.42,71.5,Advanced
S05093,10,77.01,75.95,43.89,63.66,70.68,89.74,84.11,73.96,31.5,0,96.78,65.13,Advanced
S05094,2,71.59,60.49,51.02,48.68,51.61,80.47,84.58,75.92,66.5,0,80.08,57.94,Advanced
S05095,4,77.97,55.42,62.29,66.45,74.89,94.41,100.0,84.23,58.47,0,70.22,65.53,Intermediate
S05096,7,100.0,96.84,83.52,100.0,37.29,85.92,100.0,100.0,85.39,0,82.86,95.09,Advanced
S05097,7,35.17,27.33,44.04,52.98,89.77,77.34,48.4,40.77,6.23,1,96.17,39.88,Beginner
S05098,4,86.48,86.77,97.29,68.24,47.09,100,84.87,81.3,66.86,0,83.87,84.7,Advanced
S05099,5,59.0,44.82,65.33,83.32,54.0,88.21,62.92,57.14,33.53,1,57.42,63.12,Beginner
S05100,2,68.25,64.43,49.33,51.14,42.47,85.53,74.13,55.48,45.22,0,99.33,58.29,Advanced
S05101,1,72.95,64.38,62.52,75.65,52.46,88.53,70.65,73.96,57.46,0,81.82,68.87,Advanced
S05102,5,39.14,36.83,39.76,63.88,70.09,83.73,72.94,48.39,54.09,1,83.19,44.9,Beginner
S05103,2,47.04,55.01,39.4,83.57,75.22,84.82,70.87,64.5,35.48,0,67.09,56.25,Advanced
S05104,8,50.5,45.01,46.03,49.06,69.29,73.63,61.68,57.67,22.0,1,92.27,47.65,Intermediate
S05105,4,37.7,56.53,65.29,41.32,91.53,83.44,59.87,26.66,28.06,1,60.79,50.21,Intermediate
S05106,5,40.41,35.76,42.83,33.55,52.0,85.83,55.35,35.92,19.91,0,84.62,38.13,Beginner
S05107,5,46.95,51.65,35.86,38.74,77.08,99.29,63.0,39.27,42.13,0,100.0,43.3,Beginner
S05108,2,100.0,89.87,81.79,94.89,47.94,98.9,92.38,85.68,100.0,0,77.71,91.64,Advanced
S05109,6,32.86,37.55,21.29,44.47,97.94,87.51,61.03,40.15,52.38,2,95.4,34.04,Beginner
S05110,7,56.93,56.58,62.83,69.86,66.24,89.34,100.0,58.1,38.73,1,91.68,61.55,Intermediate
S05111,2,69.49,58.2,64.52,40.36,74.73,96.23,77.63,80.78,50.65,0,83.29,58.14,Advanced
S05112,3,59.15,65.81,75.26,77.22,70.69,100,97.87,73.74,40.68,0,98.29,69.36,Advanced
S05113,4,54.49,81.09,93.57,69.16,60.76,89.19,100.0,81.57,61.18,0,57.74,74.58,Intermediate
S05114,3,45.96,42.72,48.83,22.28,54.44,88.69,52.27,31.95,18.67,3,82.48,39.95,Beginner
S05115,3,38.56,36.85,57.56,63.51,70.33,81.69,46.66,35.23,11.08,1,100.0,49.12,Intermediate
S05116,7,1.13,29.01,29.34,54.21,91.08,89.53,34.94,24.35,16.89,1,57.67,28.42,Beginner
S05117,5,47.25,64.47,36.85,50.96,68.67,95.81,55.69,41.23,41.75,0,78.18,49.88,Beginner
S05118,3,31.76,21.31,27.63,7.16,80.07,72.11,37.31,8.85,0.0,2,91.57,21.96,Beginner
S05119,5,36.16,21.66,34.78,31.65,75.63,69.44,50.39,52.02,33.19,0,83.22,31.06,Beginner
S05120,6,45.78,53.24,25.88,43.42,75.98,92.4,61.75,39.95,37.17,2,80.95,42.08,Beginner
S05121,4,41.23,43.08,58.97,59.03,47.35,75.26,53.71,43.31,7.03,1,100.0,50.58,Intermediate
S05122,5,69.37,86.96,79.89,55.43,35.0,80.1,100.0,83.26,69.67,0,59.13,72.91,Advanced
S05123,5,44.41,60.24,51.75,46.13,75.07,80.92,69.08,44.29,24.77,0,93.73,50.63,Intermediate
S05124,6,69.44,99.1,59.37,88.55,39.55,90.13,87.75,60.85,49.9,0,53.17,79.12,Advanced
S05125,1,50.1,41.93,63.39,54.62,52.15,100,77.9,50.22,42.67,0,85.05,52.51,Intermediate
S05126,7,65.99,77.91,72.71,62.38,60.33,100,77.4,57.1,27.72,1,75.42,69.75,Intermediate
S05127,4,55.01,75.47,38.14,64.16,72.54,94.92,61.12,67.89,45.91,0,63.41,58.2,Intermediate
S05128,7,57.47,76.56,85.43,80.42,56.17,83.77,86.33,62.29,71.68,0,82.33,74.97,Advanced
S05129,5,81.11,89.89,91.63,82.41,50.57,89.06,100.0,96.9,51.17,0,87.04,86.26,Advanced
S05130,1,70.69,90.26,66.64,97.78,49.25,96.65,80.82,91.27,55.16,0,67.39,81.34,Advanced
S05131,6,0.58,0.0,4.06,39.96,82.71,66.89,45.67,18.87,0.0,2,83.52,11.15,Beginner
S05132,3,56.38,61.99,36.42,51.53,77.28,75.53,53.32,36.13,0.0,0,72.22,51.58,Beginner
S05133,3,29.06,42.18,24.73,16.85,62.28,75.88,54.82,57.61,23.96,3,86.94,28.2,Intermediate
S05134,5,64.57,51.78,69.78,50.63,63.59,77.22,72.46,55.68,42.52,1,65.6,59.19,Intermediate
S05135,6,39.76,25.61,18.77,32.79,85.98,87.69,42.34,23.53,18.41,3,82.64,29.23,Beginner
S05136,6,65.6,42.03,60.43,57.2,61.65,86.5,62.63,53.43,35.81,0,71.28,56.31,Intermediate
S05137,5,71.22,79.84,62.78,88.15,66.18,100,76.37,61.66,47.26,0,84.52,75.5,Intermediate
S05138,4,59.33,56.46,43.51,72.86,60.92,84.04,58.71,69.24,22.59,0,83.71,58.04,Intermediate
S05139,4,49.54,67.89,64.8,59.66,63.84,86.62,77.45,90.93,44.92,0,73.16,60.47,Advanced
S05140,5,44.32,63.43,36.28,54.63,65.45,88.15,60.51,38.85,39.92,2,65.48,49.67,Intermediate
S05141,3,47.5,45.21,32.55,43.8,69.45,69.63,46.39,42.92,32.18,2,99.09,42.26,Beginner
S05142,4,68.64,80.53,57.36,61.71,70.37,66.29,64.71,63.92,36.42,1,85.54,67.06,Advanced
S05143,1,30.67,29.9,19.45,53.33,71.41,77.54,55.39,45.14,25.47,1,77.23,33.34,Beginner
S05144,4,68.26,78.13,88.56,97.55,64.26,97.65,79.82,77.15,35.78,0,81.63,83.13,Advanced
S05145,9,64.48,27.24,57.12,20.79,93.58,91.95,58.79,46.57,34.48,2,31.69,42.41,Intermediate
S05146,3,68.91,68.84,58.65,72.08,81.04,84.37,74.66,69.42,67.63,0,92.29,67.12,Advanced
S05147,5,43.54,53.09,45.63,58.53,88.88,80.25,74.92,33.31,37.02,1,79.75,50.2,Beginner
S05148,5,56.71,41.94,53.46,55.64,51.65,84.7,73.85,43.67,62.79,0,73.9,51.94,Intermediate
S05149,4,82.56,91.78,68.23,65.59,62.84,91.58,89.96,73.92,51.08,0,90.14,77.04,Advanced
S05150,7,89.21,59.14,100.0,100.0,62.03,93.92,98.13,75.52,80.54,0,59.71,87.09,Advanced
S05151,5,36.39,64.75,47.31,46.97,67.96,86.65,60.22,34.11,40.53,3,68.28,48.86,Beginner
S05152,2,95.23,100.0,77.44,89.54,42.31,100,92.6,100.0,74.59,1,99.32,90.55,Advanced
S05153,6,34.6,42.0,42.02,39.42,57.72,100,61.12,33.6,16.06,0,83.03,39.51,Beginner
S05154,3,46.39,38.22,52.04,60.15,78.15,86.32,80.61,41.35,24.25,0,89.01,49.2,Intermediate
S05155,2,69.22,67.84,91.77,78.57,60.39,91.63,83.44,74.31,45.23,0,100.0,76.85,Advanced
S05156,4,40.92,51.5,53.38,56.49,58.13,78.49,69.09,56.2,30.82,0,99.08,50.57,Intermediate
S05157,3,31.59,39.29,18.12,13.15,73.29,65.6,31.73,37.98,13.01,2,100.0,25.54,Beginner
S05158,1,71.78,86.95,68.05,70.15,69.41,99.22,90.73,78.26,56.37,1,77.62,74.24,Advanced
S05159,7,50.18,48.6,26.69,25.48,78.19,89.44,67.16,30.56,41.47,1,97.71,37.74,Intermediate
S05160,5,56.81,39.38,31.44,47.31,82.06,87.34,56.29,15.8,31.58,0,77.84,43.74,Beginner
S05161,8,64.52,44.91,61.08,70.59,67.54,83.4,85.85,37.83,46.3,0,66.57,60.28,Intermediate
S05162,4,96.39,85.0,73.99,77.83,50.8,90.57,100.0,88.6,68.12,0,90.09,83.3,Advanced
S05163,5,43.1,65.84,80.53,63.92,52.15,94.59,52.53,53.97,54.08,0,70.7,63.35,Intermediate
S05164,5,85.87,75.32,90.15,65.64,76.22,85.25,81.49,80.09,43.6,0,69.39,79.24,Advanced
S05165,3,49.1,29.97,42.33,46.7,83.03,69.59,44.24,39.43,22.32,2,76.89,42.03,Intermediate
S05166,1,35.76,32.3,39.03,37.06,89.34,91.12,52.1,26.62,20.63,2,100.0,36.04,Beginner
S05167,7,45.52,66.42,79.46,24.86,72.47,95.9,65.38,25.87,43.93,3,50.23,54.07,Intermediate
S05168,3,75.39,62.98,45.97,65.64,63.36,85.38,76.05,45.91,57.93,0,74.74,62.49,Advanced
S05169,3,83.75,60.08,66.2,67.92,39.76,100,93.88,62.11,66.88,0,74.08,69.49,Advanced
S05170,1,86.26,70.52,85.68,87.18,49.21,91.53,79.55,72.86,45.46,0,81.67,82.41,Advanced
S05171,5,45.68,44.37,65.9,51.85,73.59,84.07,56.78,42.33,42.32,0,91.16,51.95,Intermediate
S05172,1,47.64,44.62,40.2,44.38,76.65,100,71.56,51.44,37.85,1,86.55,44.21,Intermediate
S05173,5,39.99,67.4,67.08,56.42,48.61,73.89,66.86,52.43,46.89,3,79.86,57.72,Intermediate
S05174,1,82.55,73.18,57.02,87.75,25.22,100,100.0,86.69,54.38,0,78.61,75.13,Advanced
S05175,2,48.33,83.64,78.67,81.66,46.46,85.95,86.13,77.55,62.18,0,58.77,73.08,Advanced
S05176,3,67.2,65.2,97.79,100.0,34.3,86.12,76.39,83.24,64.64,0,88.13,82.55,Advanced
S05177,3,34.24,34.55,62.71,71.78,68.79,97.37,55.6,57.44,38.51,1,100.0,50.82,Intermediate
S05178,3,78.0,58.82,80.68,70.72,55.53,78.03,69.24,81.03,67.85,0,69.31,72.06,Advanced
S05179,3,60.45,82.27,64.73,62.83,52.35,81.86,78.72,77.67,53.34,0,89.91,67.57,Advanced
S05180,5,56.53,87.83,44.79,82.7,53.43,94.32,82.65,83.12,37.88,0,47.4,67.96,Intermediate
S05181,3,68.91,65.77,87.22,82.98,59.75,88.2,96.39,75.26,46.43,0,100.0,76.22,Advanced
S05182,1,83.04,76.29,79.54,75.83,50.16,89.65,97.18,97.73,62.12,0,96.47,78.68,Advanced
S05183,6,61.84,82.48,70.2,56.68,60.71,84.33,69.15,85.99,62.76,0,77.65,67.8,Advanced
S05184,1,39.13,44.39,30.79,32.71,85.26,84.2,39.01,41.61,13.32,1,84.73,36.76,Beginner
S05185,6,20.41,0.0,17.88,8.92,83.99,70.58,31.46,34.42,0.0,3,76.16,11.8,Beginner
S05186,5,65.09,58.94,44.51,53.42,71.75,81.19,58.7,49.47,26.86,0,94.07,55.49,Intermediate
S05187,1,36.32,47.88,32.07,42.04,69.29,67.87,57.23,41.91,50.56,2,86.83,39.58,Intermediate
S05188,4,20.38,29.46,60.71,22.5,83.54,72.67,81.77,34.48,12.98,1,65.13,33.26,Beginner
S05189,4,56.95,73.48,67.35,57.52,48.02,87.33,86.84,57.57,47.74,0,79.88,63.82,Intermediate
S05190,3,43.37,46.42,29.26,40.84,74.19,97.57,45.73,36.98,13.57,2,99.97,39.97,Intermediate
S05191,4,62.0,83.44,65.62,48.82,57.39,90.11,64.99,55.89,34.95,0,71.86,64.97,Advanced
S05192,4,54.77,55.13,63.26,64.35,69.76,90.48,68.07,55.99,44.59,0,86.03,59.37,Advanced
S05193,3,73.16,51.09,66.99,70.01,82.12,90.93,66.85,32.73,36.05,1,87.61,65.31,Intermediate
S05194,1,33.02,55.68,23.46,48.71,69.43,86.94,61.56,46.04,28.5,1,65.88,40.22,Beginner
S05195,7,55.26,63.03,54.61,49.95,43.63,79.36,68.42,54.68,52.63,0,95.43,55.71,Advanced
S05196,7,56.57,68.2,62.68,50.15,60.43,95.34,77.83,63.75,60.19,0,78.03,59.4,Advanced
S05197,1,52.16,53.38,52.98,56.21,68.05,81.54,67.15,45.72,39.73,0,95.03,53.68,Intermediate
S05198,1,78.29,90.02,86.28,63.79,53.67,98.1,87.2,77.07,41.47,1,74.5,79.6,Advanced
S05199,8,96.49,100.0,87.42,84.14,44.7,97.7,100.0,100.0,91.16,0,96.13,92.01,Advanced
S05200,5,71.54,72.68,80.68,69.65,30.38,99.44,84.85,78.54,59.54,0,100.0,73.63,Advanced
S05201,6,48.94,63.68,51.39,32.32,88.14,91.38,63.03,19.2,40.08,2,63.51,49.08,Intermediate
S05202,8,86.27,77.66,82.87,72.25,38.98,95.31,88.01,83.54,37.75,0,81.19,79.76,Advanced
S05203,1,55.31,85.01,60.86,82.51,49.84,100,80.11,83.84,53.33,0,58.87,70.92,Advanced
S05204,8,53.48,69.85,60.61,39.79,70.91,92.07,57.23,75.41,50.64,0,62.94,55.93,Advanced
S05205,4,65.71,92.64,100.0,100.0,35.72,100,100.0,95.12,84.18,0,78.14,89.59,Advanced
S05206,2,94.87,74.04,82.48,84.77,61.19,91.81,100.0,92.41,66.97,0,80.97,84.04,Advanced
S05207,2,75.48,55.74,68.69,64.36,46.24,78.05,92.95,79.24,52.3,0,70.09,66.07,Advanced
S05208,4,66.05,39.26,63.82,62.27,57.38,100,80.63,67.24,61.62,0,67.52,57.85,Intermediate
S05209,4,62.41,74.94,95.51,69.64,59.71,88.04,97.95,64.54,44.55,0,74.78,75.62,Advanced
S05210,6,55.71,35.22,50.58,30.84,85.51,76.09,44.09,25.77,4.73,0,83.95,43.09,Beginner
S05211,4,82.58,85.21,59.77,94.84,62.77,90.8,100.0,89.01,91.65,0,67.4,80.6,Advanced
S05212,2,36.97,45.48,43.31,37.21,79.2,92.05,58.61,44.94,34.05,1,92.72,40.74,Intermediate
S05213,5,25.98,50.11,30.37,32.28,65.09,70.8,50.61,25.4,24.99,0,86.29,34.69,Beginner
S05214,7,59.03,56.54,76.77,55.28,54.47,78.11,74.64,60.15,25.17,0,84.78,61.91,Intermediate
S05215,3,40.67,43.87,38.14,38.97,68.55,80.3,46.87,40.44,26.93,1,98.23,40.41,Beginner
S05216,6,56.61,42.87,48.52,68.42,70.31,83.88,53.58,35.41,39.0,0,71.51,54.1,Intermediate
S05217,8,71.72,71.02,66.35,56.36,60.75,89.56,88.83,61.12,42.26,2,91.87,66.36,Intermediate
S05218,8,68.57,97.11,54.74,84.07,54.09,98.14,68.32,60.33,55.84,2,49.72,76.12,Advanced
S05219,7,32.57,33.44,36.07,37.46,79.19,82.48,45.06,51.04,2.11,1,100.0,34.88,Beginner
S05220,6,38.29,43.32,48.22,40.18,61.06,82.05,41.59,40.69,23.41,2,87.03,42.51,Intermediate
S05221,2,42.33,52.44,35.91,36.31,92.06,93.67,50.63,43.12,19.33,0,94.55,41.75,Intermediate
S05222,1,78.47,61.07,73.55,62.09,52.23,70.93,74.1,56.61,42.68,0,65.47,68.8,Intermediate
S05223,4,57.18,51.89,46.91,44.62,71.84,88.54,59.17,31.11,25.58,0,87.85,50.15,Intermediate
S05224,7,42.68,47.31,32.54,56.13,85.08,86.1,59.28,45.96,18.22,1,90.73,44.67,Intermediate
S05225,7,70.49,65.45,70.84,75.35,55.46,100,100.0,67.64,74.91,0,90.48,70.53,Advanced
S05226,7,100.0,96.17,81.7,92.97,60.62,96.71,100.0,94.72,79.92,0,80.91,92.71,Advanced
S05227,6,62.5,39.38,73.94,51.67,55.75,79.03,58.13,52.05,27.54,0,59.01,56.87,Intermediate
S05228,2,85.55,98.34,57.4,100.0,42.07,96.16,76.61,86.0,64.74,0,62.35,85.32,Advanced
S05229,7,1.28,19.76,4.8,2.13,80.9,81.1,29.67,6.8,8.99,3,78.7,6.99,Beginner
S05230,5,82.69,82.67,80.5,62.49,59.95,100,100.0,70.14,53.57,0,93.54,77.08,Advanced
S05231,5,78.07,58.02,51.46,78.67,57.36,92.68,69.72,59.79,15.49,2,51.85,66.55,Intermediate
S05232,5,44.21,28.51,30.18,41.88,79.39,82.1,45.83,43.51,11.48,2,71.67,36.19,Beginner
S05233,8,94.96,67.61,76.51,82.49,35.35,93.4,92.0,82.58,86.21,2,81.64,80.4,Advanced
S05234,1,62.82,58.5,69.41,49.23,53.7,87.36,85.58,65.57,44.03,0,80.18,59.99,Advanced
S05235,1,46.23,47.22,59.38,24.89,76.3,90.75,46.51,54.5,16.46,0,68.29,44.43,Intermediate
S05236,4,57.25,63.85,74.69,54.08,63.45,78.44,52.18,49.33,31.97,0,79.87,62.47,Intermediate
S05237,3,58.95,40.78,57.19,56.02,63.77,86.44,81.7,50.53,40.88,1,73.66,53.23,Intermediate
S05238,3,48.11,65.74,41.38,62.82,38.24,87.24,72.98,58.96,36.59,0,73.65,54.51,Intermediate
S05239,4,46.36,52.5,34.27,40.66,80.45,90.07,73.74,35.65,28.59,1,98.61,43.45,Beginner
S05240,4,46.27,50.41,69.89,72.45,54.8,88.86,67.46,55.94,55.52,0,93.63,59.75,Intermediate
S05241,11,33.83,28.74,41.78,49.83,69.3,73.4,32.44,24.08,4.32,2,88.39,38.54,Intermediate
S05242,6,68.87,72.07,58.8,79.35,60.21,94.29,77.17,76.29,48.71,1,95.5,69.77,Advanced
S05243,6,87.62,97.29,100.0,80.6,48.12,97.07,100.0,100.0,70.8,0,84.56,91.38,Advanced
S05244,5,27.76,26.79,27.21,16.65,81.29,89.87,49.26,21.3,17.46,1,89.62,24.6,Beginner
S05245,6,82.02,62.24,70.95,66.17,67.18,90.42,90.18,56.41,34.03,0,73.78,70.34,Advanced
S05246,9,69.23,74.39,82.7,68.41,55.89,81.95,88.61,71.05,57.12,0,100.0,73.68,Advanced
S05247,3,52.08,62.46,51.64,65.35,73.65,100,66.81,56.09,54.0,1,82.98,57.88,Intermediate
S05248,4,53.28,39.49,27.38,46.06,77.14,76.75,32.43,44.84,0.22,1,73.84,41.55,Beginner
S05249,2,62.3,53.47,76.7,50.68,76.69,100,85.51,37.36,22.44,0,74.32,60.79,Intermediate
S05250,4,74.64,66.96,71.36,66.83,59.06,98.02,88.33,72.94,64.76,0,81.38,69.95,Advanced
S05251,4,49.2,62.31,66.78,45.88,60.9,91.54,79.58,75.32,34.0,0,87.94,56.04,Advanced
S05252,3,45.28,58.14,74.56,47.96,61.02,83.15,59.48,47.09,31.3,2,73.61,56.49,Intermediate
S05253,1,54.98,51.95,55.0,40.97,74.22,71.49,64.91,35.44,50.86,1,85.61,50.73,Intermediate
S05254,8,97.19,83.79,67.21,92.25,35.43,94.13,100.0,93.07,75.02,1,72.82,85.11,Advanced
S05255,1,19.14,21.23,0.0,16.31,101.79,81.69,14.82,0.28,0.0,4,80.09,14.17,Beginner
S05256,3,61.46,40.6,56.47,66.07,68.51,72.51,59.89,67.05,49.24,1,59.62,56.15,Intermediate
S05257,5,32.4,34.21,34.79,29.13,58.78,81.11,46.33,36.62,15.8,0,100.0,32.63,Beginner
S05258,5,21.84,36.04,62.47,69.15,63.92,95.05,56.4,46.29,23.03,0,82.19,47.38,Intermediate
S05259,1,24.74,30.69,46.81,62.0,87.83,95.28,49.01,49.71,22.55,1,94.69,41.06,Intermediate
S05260,6,16.15,65.78,28.94,40.69,50.18,86.72,68.67,33.23,29.29,1,40.04,37.89,Beginner
S05261,2,71.77,42.88,90.04,74.66,67.75,87.1,72.4,57.93,62.64,1,63.53,69.84,Advanced
S05262,3,39.68,64.44,59.3,37.77,50.53,82.94,78.3,58.93,38.34,0,57.76,50.3,Intermediate
S05263,5,73.47,75.13,83.61,89.67,72.57,85.56,82.83,76.51,52.65,0,100.0,80.47,Advanced
S05264,6,57.94,36.21,16.48,95.0,83.22,85.89,61.02,44.49,11.4,1,21.11,51.41,Intermediate
S05265,5,75.86,54.37,65.04,39.15,58.87,99.08,87.85,57.37,41.58,0,63.57,58.61,Intermediate
S05266,3,61.42,48.36,75.61,51.39,83.3,91.01,71.11,50.44,40.67,0,79.73,59.19,Intermediate
S05267,3,81.88,90.66,100.0,87.54,30.14,100,100.0,100.0,79.95,0,79.41,90.02,Advanced
S05268,5,29.12,17.4,12.22,49.85,77.84,73.42,59.12,25.99,11.21,2,68.77,27.15,Beginner
S05269,3,42.76,50.3,59.43,19.01,66.73,96.38,69.5,63.18,41.72,1,68.93,42.87,Intermediate
S05270,2,74.43,72.51,77.53,71.36,55.48,93.81,77.14,57.74,52.58,1,87.04,73.96,Advanced
S05271,6,52.05,55.97,54.57,35.71,58.32,85.14,60.19,44.21,47.07,0,84.08,49.57,Intermediate
S05272,1,59.6,65.29,79.85,59.19,79.62,98.97,90.97,78.53,64.53,1,82.18,65.98,Advanced
S05273,3,69.58,84.56,82.04,93.93,65.99,98.56,100.0,100.0,72.23,0,79.21,82.53,Advanced
S05274,5,26.01,31.02,43.41,31.66,89.12,71.95,61.09,22.65,18.23,1,88.51,33.02,Beginner
S05275,5,99.44,75.94,100.0,100.0,67.09,87.03,100.0,100.0,85.43,0,73.0,93.84,Advanced
S05276,4,63.23,62.48,83.49,47.81,52.05,97.19,84.02,61.24,55.06,0,70.03,64.25,Advanced
S05277,7,27.47,16.5,45.55,36.17,66.86,84.09,42.94,35.78,37.45,1,79.92,31.42,Beginner
S05278,1,44.34,61.41,42.67,57.48,80.23,94.07,73.0,61.12,35.38,1,79.96,51.48,Intermediate
S05279,8,39.31,41.89,49.05,65.35,73.0,93.93,64.95,22.72,26.19,0,90.3,48.9,Beginner
S05280,6,89.93,74.44,73.19,75.14,32.68,99.18,92.37,84.75,47.07,0,92.63,78.18,Advanced
S05281,1,31.65,43.62,65.05,43.78,91.26,76.71,34.91,32.56,27.04,1,80.51,46.03,Beginner
S05282,1,72.71,72.72,74.56,79.99,40.49,100,99.31,96.34,65.59,0,95.27,74.99,Advanced
S05283,5,66.87,58.22,50.83,80.53,86.79,81.15,74.45,57.43,48.67,0,61.25,64.11,Intermediate
S05284,6,56.07,26.7,57.5,49.93,56.97,90.06,74.15,50.48,40.61,0,61.5,47.55,Intermediate
S05285,1,54.95,53.67,46.07,53.93,72.18,93.5,47.86,48.87,29.46,2,93.39,52.15,Beginner
S05286,6,70.08,55.83,64.81,65.5,67.44,87.36,63.41,72.33,15.64,1,88.15,64.05,Advanced
S05287,6,28.22,37.82,25.96,46.58,50.7,73.07,43.1,28.71,29.62,2,86.08,34.64,Beginner
S05288,4,78.24,74.39,100.0,73.46,43.9,86.26,100.0,95.17,40.14,0,81.35,81.52,Advanced
S05289,2,75.33,85.59,80.71,72.5,46.67,74.45,89.47,73.67,100.0,0,78.18,78.53,Advanced
S05290,1,76.36,71.83,68.1,42.88,81.87,85.01,80.25,72.2,46.8,0,67.0,64.79,Advanced
S05291,10,43.78,57.37,61.01,45.65,67.53,86.61,79.88,60.62,54.17,0,73.44,51.95,Intermediate
S05292,1,36.28,39.38,55.07,58.42,57.18,77.0,56.84,42.55,20.52,0,88.48,47.29,Intermediate
S05293,1,27.86,46.43,35.77,31.75,83.42,74.23,43.12,24.17,8.37,2,78.78,35.45,Beginner
S05294,10,67.42,70.03,85.24,69.49,31.14,82.07,88.48,84.46,73.8,0,90.67,73.04,Advanced
S05295,1,89.73,70.65,68.83,75.42,55.38,100,98.83,59.01,56.75,0,79.77,76.16,Advanced
S05296,5,51.85,56.15,38.5,58.32,80.73,86.42,58.73,65.09,25.13,0,77.72,51.2,Intermediate
S05297,5,77.68,83.72,68.25,75.72,49.44,100,85.27,75.78,69.87,0,79.95,76.34,Advanced
S05298,4,75.08,62.58,83.89,45.91,71.13,71.45,99.78,60.36,48.59,1,72.49,66.86,Advanced
S05299,6,93.45,87.94,72.29,80.93,46.34,81.02,82.57,77.44,58.67,0,84.4,83.65,Advanced
S05300,5,47.15,58.2,34.79,54.19,56.23,69.75,64.22,47.77,31.62,0,87.73,48.58,Intermediate
S05301,4,100.0,90.84,95.88,93.1,57.46,94.35,86.67,85.32,67.3,0,81.82,94.95,Advanced
S05302,2,61.09,67.72,66.57,47.66,36.48,86.16,77.64,77.47,56.29,0,79.38,60.76,Advanced
S05303,5,17.63,39.59,32.34,24.97,74.08,66.15,43.73,11.99,32.47,2,63.71,28.63,Beginner
S05304,1,28.08,10.36,43.86,37.03,90.3,76.04,58.07,30.21,14.12,2,80.46,29.83,Beginner
S05305,8,45.47,60.85,18.37,63.41,81.22,84.04,59.6,32.99,10.81,3,62.01,47.02,Beginner
S05306,5,48.0,53.19,74.76,60.59,62.17,71.97,81.6,57.25,44.53,0,92.79,59.14,Intermediate
S05307,4,100.0,100.0,100.0,100.0,33.32,100,100.0,100.0,79.29,1,98.1,100.0,Advanced
S05308,4,56.71,57.8,44.44,69.43,47.88,88.83,58.12,59.86,62.98,0,83.18,57.1,Advanced
S05309,3,74.61,49.5,43.06,53.57,72.23,74.07,79.98,85.64,54.42,0,78.07,55.18,Intermediate
S05310,5,45.64,44.75,54.29,54.8,70.88,97.1,70.94,49.46,25.65,0,100.0,49.87,Intermediate
S05311,7,42.51,46.18,50.75,49.92,71.12,80.84,57.04,31.51,19.71,1,86.27,47.34,Beginner
S05312,3,86.1,70.29,87.88,76.52,67.29,100,86.63,74.95,57.8,0,63.41,80.2,Advanced
S05313,1,36.7,48.84,39.18,36.77,73.82,81.76,52.27,33.9,24.37,0,82.79,40.37,Beginner
S05314,2,39.38,56.29,54.61,35.72,68.13,82.4,72.43,50.58,24.46,1,85.7,46.5,Intermediate
S05315,4,61.33,46.44,31.86,20.96,61.69,82.95,51.86,32.17,30.53,2,67.48,40.15,Intermediate
S05316,4,56.49,46.93,46.13,47.15,66.3,70.82,57.1,66.94,36.81,0,100.0,49.17,Intermediate
S05317,4,78.1,80.44,70.56,79.94,47.11,86.84,85.13,59.91,69.93,0,94.14,77.26,Advanced
S05318,5,58.97,63.57,82.88,58.29,64.49,82.21,77.45,79.19,49.62,0,74.12,65.93,Advanced
S05319,3,69.26,68.96,65.92,78.53,55.45,96.37,89.66,61.38,50.74,0,90.48,70.67,Advanced
S05320,10,100.0,87.67,70.46,100.0,37.56,100,100.0,90.65,59.08,0,64.55,89.53,Advanced
S05321,7,18.21,0.0,0.0,0.0,107.69,72.14,8.41,7.92,11.97,2,55.23,4.55,Beginner
S05322,2,81.63,76.51,86.06,87.97,46.66,81.78,80.71,89.35,56.3,0,100.0,83.04,Advanced
S05323,1,87.92,58.6,94.35,40.01,69.68,78.99,61.49,58.11,51.31,1,46.3,70.22,Advanced
S05324,6,68.11,40.6,40.77,31.39,76.38,84.29,59.68,57.51,24.07,0,70.12,45.22,Beginner
S05325,6,23.88,45.92,44.07,38.7,73.46,89.88,48.11,54.02,23.15,0,73.47,38.14,Beginner
S05326,5,78.3,79.9,55.38,70.08,62.28,94.37,88.73,74.45,52.83,1,88.04,70.91,Advanced
S05327,10,63.65,66.56,41.66,64.88,71.34,90.36,75.87,65.21,36.15,0,79.25,59.19,Advanced
S05328,8,80.95,71.81,76.69,87.3,70.53,86.87,85.88,71.14,63.93,0,84.66,79.19,Advanced
S05329,2,57.86,79.66,47.09,34.08,60.38,94.38,76.1,50.72,20.56,0,57.92,54.67,Intermediate
S05330,6,41.25,39.07,22.49,28.26,76.31,74.52,57.73,37.59,10.1,3,95.9,32.77,Beginner
S05331,3,30.07,41.33,56.77,44.6,71.41,75.32,48.08,43.51,10.15,2,80.32,43.2,Beginner
S05332,3,65.28,53.81,57.27,73.63,72.84,93.91,86.22,67.74,25.45,1,76.66,62.5,Advanced
S05333,6,59.26,57.74,49.54,56.59,72.17,91.37,62.07,56.13,30.22,0,100.0,55.78,Intermediate
S05334,2,64.22,53.88,38.51,60.71,79.03,93.24,60.95,43.43,18.64,2,72.43,54.33,Intermediate
S05335,5,80.47,55.72,61.61,53.36,55.93,89.49,68.02,58.98,29.57,0,61.15,62.79,Intermediate
S05336,5,49.69,26.94,68.79,47.5,47.63,83.87,83.46,67.9,44.2,0,63.78,48.23,Intermediate
S05337,2,46.03,38.98,48.83,50.72,85.12,81.04,36.77,22.58,37.99,5,86.99,46.14,Intermediate
S05338,5,31.69,38.22,10.81,49.8,75.15,93.79,39.56,26.45,24.37,0,69.8,32.63,Beginner
S05339,1,60.83,41.46,43.37,47.35,76.59,86.39,63.62,38.44,19.03,0,71.97,48.26,Intermediate
S05340,1,37.37,40.56,61.26,48.07,82.37,86.95,64.47,48.78,39.22,0,89.87,46.82,Intermediate
S05341,7,31.11,31.61,32.09,28.17,73.0,79.53,57.54,11.88,33.82,2,100.0,30.75,Beginner
S05342,2,56.8,42.85,52.66,21.67,66.23,91.72,41.32,33.27,10.86,0,75.32,43.5,Beginner
S05343,3,38.07,47.64,51.27,38.66,79.96,76.4,60.23,42.15,38.2,3,95.21,43.91,Intermediate
S05344,6,87.12,86.16,90.18,63.38,41.06,100,86.6,66.41,45.68,1,73.32,81.71,Advanced
S05345,2,36.84,37.73,50.59,28.0,76.54,79.48,67.75,41.27,28.56,0,89.78,38.29,Beginner
S05346,1,15.98,31.98,6.25,22.72,94.14,77.68,41.92,28.98,6.24,0,75.38,19.23,Beginner
S05347,3,26.77,46.83,37.05,37.07,79.22,78.09,34.22,24.09,8.78,1,90.17,36.93,Beginner
S05348,5,22.99,29.44,34.27,3.33,102.81,73.49,43.47,18.88,16.59,1,72.93,22.51,Beginner
S05349,1,80.12,73.01,71.92,92.06,56.02,96.97,75.19,65.52,72.07,1,100.0,79.28,Advanced
S05350,5,64.72,68.81,71.36,46.45,53.72,81.14,71.02,54.67,14.6,0,78.12,62.83,Intermediate
S05351,3,63.15,63.08,55.86,68.03,45.67,100,69.63,59.38,46.81,2,85.5,62.53,Advanced
S05352,4,48.74,57.22,48.4,63.42,50.6,73.0,60.39,58.12,40.78,0,84.76,54.45,Intermediate
S05353,4,47.84,35.3,48.34,55.04,74.42,84.5,63.4,34.3,41.79,1,77.21,46.63,Intermediate
S05354,7,77.05,74.79,80.3,83.18,65.54,85.15,84.46,76.76,39.02,0,77.14,78.83,Advanced
S05355,6,55.38,49.14,61.98,31.7,92.04,87.6,68.41,46.13,36.44,3,72.1,49.55,Intermediate
S05356,2,55.02,55.01,51.38,28.55,84.78,84.15,65.0,45.31,26.42,0,89.88,47.49,Intermediate
S05357,5,50.52,49.24,64.05,63.08,66.73,89.94,87.36,60.82,70.37,0,93.44,56.72,Advanced
S05358,1,84.45,65.67,91.97,77.32,35.28,92.54,95.3,100.0,100.0,1,71.75,79.85,Advanced
S05359,1,71.07,67.96,85.94,75.68,50.02,82.88,82.44,68.51,44.94,0,91.86,75.16,Advanced
S05360,1,84.77,74.69,81.71,63.4,46.4,82.56,100.0,98.87,82.36,0,74.68,76.14,Advanced
S05361,4,30.63,28.22,59.4,6.28,77.81,73.01,40.27,29.34,31.84,3,72.04,31.13,Beginner
S05362,3,29.19,29.04,37.46,34.64,79.68,100,54.45,41.74,29.48,1,100.0,32.58,Beginner
S05363,3,100.0,89.41,78.13,79.34,35.96,90.38,100.0,93.19,86.21,1,90.88,86.72,Advanced
S05364,4,50.31,68.58,59.68,66.41,63.41,76.28,73.57,46.99,48.34,2,78.84,61.25,Intermediate
S05365,5,56.5,63.02,82.55,70.18,37.14,94.04,59.99,66.1,41.76,1,83.74,68.06,Advanced
S05366,1,71.99,75.52,80.11,83.78,46.65,94.12,63.46,78.57,54.57,1,95.42,77.85,Advanced
S05367,1,42.14,48.43,24.96,63.05,87.44,79.75,51.4,26.53,21.8,1,82.83,44.64,Beginner
S05368,4,41.46,51.8,49.08,49.76,90.02,75.72,59.7,65.49,37.7,0,95.03,48.03,Intermediate
S05369,3,54.11,70.54,51.18,31.15,61.81,90.08,63.17,51.95,34.16,0,77.74,51.75,Intermediate
S05370,5,33.71,20.38,20.11,31.93,79.87,80.82,42.14,40.28,15.46,1,79.08,26.53,Beginner
S05371,1,50.96,39.83,67.33,46.76,72.29,100,50.42,47.37,17.89,0,68.39,51.22,Intermediate
S05372,9,55.56,58.09,48.35,42.08,59.8,91.8,75.63,56.72,34.52,3,94.43,51.02,Intermediate
S05373,5,75.52,73.34,77.94,84.69,51.93,100,100.0,83.33,67.57,0,100.0,77.87,Advanced
S05374,6,38.54,38.61,27.62,33.21,88.86,72.8,49.6,35.22,20.28,2,94.22,34.5,Beginner
S05375,7,56.48,50.54,35.43,58.85,53.7,95.22,73.97,53.57,23.09,0,83.95,50.33,Intermediate
S05376,6,74.89,48.78,57.68,57.83,47.85,91.45,76.32,47.06,49.95,3,88.87,59.79,Intermediate
S05377,1,74.39,86.28,84.43,69.46,27.03,92.17,93.46,91.13,71.18,0,82.19,78.64,Advanced
S05378,4,70.08,83.82,68.55,65.13,52.57,94.56,55.78,57.53,39.17,0,92.88,71.9,Advanced
S05379,7,58.77,82.61,63.69,87.69,52.49,94.86,98.93,51.56,57.72,1,66.13,73.19,Advanced
S05380,6,47.46,49.29,72.16,60.75,59.45,87.72,82.74,60.62,42.25,0,80.97,57.42,Advanced
S05381,4,19.49,28.11,51.72,19.09,70.71,87.47,29.19,34.88,14.39,0,68.28,29.6,Beginner
S05382,4,37.69,29.1,43.01,31.54,80.97,65.61,57.57,23.89,36.55,2,92.86,35.34,Beginner
S05383,4,57.37,61.43,65.45,48.82,61.34,87.64,91.37,53.93,55.42,1,85.19,58.27,Intermediate
S05384,6,34.17,43.25,23.68,24.29,51.19,66.05,56.57,33.46,10.6,3,75.06,31.35,Beginner
S05385,3,45.82,61.21,34.78,62.77,70.95,79.78,73.68,67.88,23.38,0,74.6,51.15,Intermediate
S05386,8,61.41,73.68,74.46,63.04,50.42,94.97,83.88,63.52,60.64,0,68.93,68.15,Advanced
S05387,4,21.77,45.17,39.98,40.0,77.83,87.05,59.17,18.36,18.95,2,68.69,36.73,Beginner
S05388,6,93.13,63.01,94.56,92.68,39.71,96.3,81.2,86.06,67.69,0,82.73,85.84,Advanced
S05389,2,48.58,41.59,46.7,39.49,70.07,87.92,76.0,27.8,18.3,1,92.85,44.09,Intermediate
S05390,1,66.99,73.03,36.15,40.65,47.74,81.19,55.65,16.99,18.64,0,93.61,54.21,Intermediate
S05391,4,78.49,85.59,77.58,53.79,74.36,100,76.93,70.26,59.8,0,86.7,73.86,Advanced
S05392,3,64.72,48.16,48.96,54.46,49.77,70.94,71.18,68.02,42.51,2,61.93,54.08,Intermediate
S05393,5,75.3,85.84,80.92,86.76,50.24,95.82,94.28,87.95,75.39,0,83.74,82.2,Advanced
S05394,6,63.71,51.36,75.26,68.08,80.88,82.27,65.94,45.7,53.32,1,80.08,64.6,Intermediate
S05395,1,15.32,39.57,42.18,37.43,100.73,81.96,41.53,37.13,27.7,2,68.66,33.63,Beginner
S05396,3,12.39,13.77,17.01,8.7,102.11,74.17,35.35,15.22,7.21,4,92.94,12.97,Beginner
S05397,1,70.34,82.45,68.19,81.02,72.58,74.99,71.85,68.8,46.95,1,81.39,75.5,Advanced
S05398,9,71.42,42.48,37.22,38.06,39.26,90.5,60.99,48.53,31.65,0,71.03,47.3,Beginner
S05399,2,67.24,98.43,52.47,91.9,59.42,100,97.35,65.39,49.76,0,53.59,77.51,Advanced
S05400,7,75.29,80.13,48.95,52.25,49.29,93.01,75.79,62.96,39.14,0,94.31,64.15,Advanced
S05401,1,46.09,61.66,63.89,47.37,59.29,80.82,55.15,41.53,39.14,0,77.02,54.75,Intermediate
S05402,4,62.76,72.74,82.61,50.95,59.23,93.23,84.66,74.7,53.86,1,83.66,67.26,Advanced
S05403,7,42.98,50.38,34.87,38.46,67.23,90.42,63.43,55.16,50.8,0,87.73,41.68,Intermediate
S05404,2,94.61,100.0,100.0,100.0,45.9,93.6,100.0,100.0,84.96,2,86.11,98.65,Advanced
S05405,1,62.61,73.07,67.04,76.52,52.39,74.37,86.08,63.38,27.06,2,81.67,69.81,Advanced
S05406,3,62.95,61.1,74.69,72.66,60.78,100,87.19,80.36,72.07,0,98.19,67.85,Advanced
S05407,3,64.03,49.58,57.78,54.68,52.99,100,76.11,47.7,60.02,0,82.79,56.52,Intermediate
S05408,4,66.16,65.66,47.96,40.4,76.81,91.58,72.29,64.99,51.78,0,90.68,55.05,Advanced
S05409,4,84.37,90.93,89.89,89.73,49.45,99.98,97.45,100.0,67.91,0,95.39,88.73,Advanced
S05410,1,80.19,99.29,82.93,100.0,37.71,86.12,100.0,81.88,56.94,0,72.11,90.6,Advanced
S05411,7,68.37,50.2,53.03,60.43,71.88,70.03,72.66,72.82,44.92,1,71.13,58.01,Intermediate
S05412,1,59.91,84.58,78.36,72.82,57.78,100,82.45,84.26,52.93,0,67.54,73.92,Advanced
S05413,3,52.62,47.81,35.78,67.61,54.66,74.74,47.81,42.24,4.4,0,74.75,50.96,Beginner
S05414,4,37.05,41.08,37.22,46.78,83.06,78.09,54.48,17.04,30.42,2,87.92,40.53,Beginner
S05415,1,79.83,71.2,80.42,63.9,68.28,86.72,81.8,84.74,80.69,0,75.99,73.84,Advanced
S05416,7,20.95,46.5,39.36,23.97,69.28,80.9,52.54,39.58,36.42,2,59.34,32.69,Beginner
S05417,9,53.55,48.2,36.44,31.82,71.92,73.92,60.21,49.42,24.93,1,94.29,42.5,Intermediate
S05418,10,30.1,54.84,49.53,59.43,69.26,83.93,75.65,41.1,24.72,4,58.26,48.47,Intermediate
S05419,3,67.07,69.8,83.75,67.17,59.12,80.79,78.35,43.35,54.86,0,84.53,71.95,Advanced
S05420,6,65.03,49.45,69.14,30.73,62.03,85.96,61.33,44.6,41.4,0,64.58,53.59,Intermediate
S05421,7,63.92,99.38,96.23,74.72,71.1,100,94.57,73.94,59.71,0,52.41,83.56,Advanced
S05422,8,75.47,76.06,71.24,78.56,68.26,89.61,88.61,58.04,50.68,1,100.0,75.33,Advanced
S05423,1,56.31,60.93,87.75,68.76,83.85,98.01,75.02,72.36,47.02,0,87.6,68.44,Advanced
S05424,6,4.67,25.82,22.44,33.84,67.71,75.94,44.8,27.72,27.94,3,56.41,21.69,Beginner
S05425,4,59.55,73.91,59.61,64.99,44.26,92.81,95.31,68.81,61.25,1,77.73,64.51,Intermediate
S05426,2,79.58,37.37,52.85,66.79,56.78,85.36,53.15,54.32,35.63,0,52.87,59.15,Intermediate
S05427,5,56.57,68.54,76.67,53.79,66.36,85.71,65.53,65.84,49.82,0,78.41,63.89,Intermediate
S05428,5,29.76,42.66,21.26,28.26,74.09,92.26,39.81,25.42,11.59,2,86.6,30.49,Beginner
S05429,1,23.31,10.27,22.97,25.73,83.68,79.69,53.49,36.5,2.82,0,78.7,20.57,Beginner
S05430,6,65.75,63.26,71.09,68.9,36.93,86.49,88.99,82.11,39.96,0,86.89,67.25,Advanced
S05431,10,89.9,64.79,58.77,66.79,63.67,94.32,85.2,85.32,56.51,1,75.71,70.06,Advanced
S05432,7,61.46,80.66,62.67,42.0,75.11,82.41,85.28,93.99,69.89,0,66.36,61.7,Advanced
S05433,4,96.27,94.11,100.0,96.66,66.64,95.64,94.67,91.01,67.55,0,94.77,96.76,Advanced
S05434,10,70.57,50.65,44.2,51.44,43.99,79.44,45.39,48.13,35.71,2,85.06,54.22,Intermediate
S05435,5,65.93,39.3,26.12,35.96,73.05,75.54,52.66,48.62,25.76,0,61.49,41.83,Intermediate
S05436,7,80.62,79.22,80.49,71.08,44.37,94.6,99.93,78.0,77.0,0,89.57,77.85,Advanced
S05437,4,56.12,41.98,33.39,42.43,57.5,82.01,43.54,47.41,37.56,1,77.72,43.48,Intermediate
S05438,7,85.48,75.22,88.1,93.8,35.72,89.76,94.31,76.75,39.52,0,91.27,85.65,Advanced
S05439,6,41.4,54.7,39.44,39.37,76.04,73.73,54.98,47.33,35.48,1,87.13,43.73,Beginner
S05440,5,34.07,28.45,34.23,50.89,76.76,68.06,57.34,45.73,33.88,1,76.32,36.91,Beginner
S05441,3,62.53,65.8,75.77,60.91,37.22,96.49,62.15,60.53,42.35,0,84.42,66.25,Advanced
S05442,4,75.07,61.75,76.5,56.05,30.5,99.16,87.97,83.38,68.06,0,68.87,67.34,Advanced
S05443,2,81.99,55.16,80.03,76.13,61.47,83.15,87.9,74.92,46.9,2,65.77,73.33,Advanced
S05444,5,73.15,63.12,71.91,81.59,62.26,86.47,82.95,72.95,50.03,0,86.63,72.44,Advanced
S05445,1,34.88,35.43,25.74,27.89,56.99,74.13,47.43,41.7,5.29,0,87.06,30.99,Beginner
S05446,3,80.42,44.69,41.58,37.76,57.94,85.86,59.59,40.97,26.61,0,71.4,51.11,Intermediate
S05447,7,73.62,77.42,61.15,76.4,53.6,84.19,71.18,80.78,70.33,0,94.17,72.15,Advanced
S05448,7,42.81,45.09,51.43,49.2,54.49,80.15,52.86,43.84,21.49,1,91.95,47.13,Intermediate
S05449,6,75.81,87.58,88.59,81.32,55.93,100,99.89,88.93,82.88,0,78.28,83.33,Advanced
S05450,4,35.37,14.37,29.11,0.0,69.29,77.38,28.15,15.15,0.0,1,56.92,19.71,Beginner
S05451,2,58.77,46.52,63.65,40.52,67.26,93.21,68.77,64.91,21.35,0,68.89,52.37,Intermediate
S05452,2,58.87,51.57,37.23,43.11,63.83,80.09,80.65,52.44,48.01,0,80.95,47.7,Intermediate
S05453,8,12.91,36.64,35.86,53.41,75.97,90.73,57.17,29.15,41.63,2,55.6,34.71,Beginner
S05454,3,59.25,95.16,70.15,62.45,42.73,82.92,61.88,34.67,36.13,0,66.46,71.75,Advanced
S05455,7,87.86,87.14,60.83,95.98,43.97,96.29,89.86,92.81,65.8,0,77.52,82.95,Advanced
S05456,2,67.85,67.67,63.8,71.74,57.69,83.33,66.51,57.53,41.37,0,100.0,67.77,Advanced
S05457,5,43.71,46.21,97.98,46.51,81.58,95.34,81.31,56.88,55.87,0,70.91,58.6,Intermediate
S05458,4,84.52,82.9,68.08,76.17,62.2,91.54,83.4,72.17,66.82,0,91.39,77.92,Advanced
S05459,11,48.94,39.08,41.4,55.84,80.8,94.89,66.38,36.5,26.95,0,88.99,46.31,Beginner
S05460,1,79.85,84.81,71.26,57.86,53.94,85.98,76.16,62.55,47.07,0,91.17,73.44,Advanced
S05461,2,86.14,88.11,82.16,76.3,62.31,75.54,86.5,65.31,33.9,0,97.06,83.18,Advanced
S05462,5,73.59,79.21,84.37,86.2,63.35,89.44,86.85,63.97,50.06,0,91.08,80.84,Advanced
S05463,4,11.9,0.0,10.32,12.07,74.4,60.0,15.8,0.0,0.7,1,91.78,8.57,Beginner
S05464,9,74.99,79.04,80.35,84.38,49.64,94.61,98.76,64.1,37.26,0,93.36,79.69,Advanced
S05465,4,68.3,71.85,92.48,99.99,42.07,91.63,95.7,78.07,67.9,0,86.46,83.15,Advanced
S05466,1,90.62,90.15,86.66,78.93,37.62,93.89,96.07,84.67,77.48,0,98.3,86.59,Advanced
S05467,5,76.34,55.38,84.71,72.27,39.2,75.5,77.83,81.8,35.74,1,73.51,72.17,Advanced
S05468,6,90.93,100.0,74.79,85.1,40.53,100,100.0,100.0,69.42,0,75.48,87.7,Advanced
S05469,1,42.04,62.47,42.35,59.33,96.55,84.09,63.36,47.81,30.44,0,65.96,51.55,Intermediate
S05470,2,37.59,43.01,36.25,62.67,69.47,87.46,48.46,22.52,23.05,0,72.57,44.88,Beginner
S05471,7,76.63,74.87,40.36,66.74,45.89,96.3,74.67,67.36,61.86,0,75.54,64.65,Advanced
S05472,3,47.26,75.11,38.82,39.88,74.21,88.37,64.83,60.59,21.07,0,72.69,50.27,Intermediate
S05473,8,50.55,55.73,59.54,50.16,81.11,82.12,56.71,37.94,33.62,2,90.26,54.0,Intermediate
S05474,8,64.69,47.6,51.97,54.26,58.79,89.8,90.68,52.9,55.28,0,83.5,54.63,Intermediate
S05475,6,74.17,86.17,66.0,77.25,55.1,83.57,81.21,84.73,50.47,0,81.76,75.9,Advanced
S05476,4,89.57,70.07,98.36,94.44,55.45,95.1,100.0,95.91,70.08,0,83.75,88.11,Advanced
S05477,5,92.02,85.94,89.54,88.44,67.98,77.14,89.33,79.36,64.35,0,100.0,88.98,Advanced
S05478,2,69.53,87.9,86.13,78.38,63.55,93.64,89.56,53.42,43.16,0,69.16,80.49,Advanced
S05479,4,60.45,88.17,68.51,86.09,66.38,100,86.46,70.55,65.42,0,61.51,75.8,Advanced
S05480,7,64.99,33.78,52.49,44.18,45.35,96.72,49.43,59.48,49.46,0,66.75,48.86,Intermediate
S05481,4,46.3,26.0,40.55,24.09,74.01,73.33,46.49,42.33,26.02,1,69.9,34.24,Beginner
S05482,6,75.65,59.51,84.03,68.13,77.67,100,90.89,73.34,59.33,0,73.58,71.83,Advanced
S05483,6,56.9,63.95,49.69,65.55,60.13,83.23,83.14,40.95,54.29,2,87.81,59.02,Advanced
S05484,1,80.71,91.74,74.41,65.2,57.22,100,94.74,71.72,38.64,0,77.27,78.01,Advanced
S05485,6,73.35,52.77,69.4,47.22,58.41,86.0,68.92,67.51,23.51,0,66.15,60.69,Intermediate
S05486,1,52.54,48.08,49.33,36.93,61.4,87.91,52.59,68.11,33.26,0,100.0,46.72,Intermediate
S05487,4,49.01,46.82,51.84,50.61,62.65,68.91,54.47,14.76,3.47,0,91.0,49.57,Beginner
S05488,2,66.59,66.13,68.9,60.89,50.11,95.92,86.37,60.18,44.77,0,96.74,65.63,Advanced
S05489,1,75.1,97.2,62.27,60.18,60.46,72.74,75.02,54.62,55.84,0,80.37,73.69,Intermediate
S05490,5,46.86,58.29,59.51,39.37,66.25,90.17,90.8,64.95,46.33,0,65.41,51.01,Intermediate
S05491,9,51.29,70.82,63.99,54.3,53.16,94.21,84.85,59.3,49.83,0,80.65,60.1,Intermediate
S05492,3,35.74,30.16,16.31,18.92,66.47,89.34,48.66,38.54,33.27,2,89.97,25.28,Beginner
S05493,3,45.71,57.45,35.64,78.05,57.85,88.85,78.91,52.77,15.25,0,64.15,54.21,Intermediate
S05494,4,58.89,47.32,49.71,60.03,52.33,76.53,71.25,53.83,27.91,1,83.76,53.99,Beginner
S05495,10,90.39,64.72,52.37,73.85,32.04,91.05,100.0,67.88,65.21,0,66.38,70.33,Advanced
S05496,6,50.17,37.22,51.72,29.89,75.96,79.54,46.25,7.65,25.2,0,71.56,42.25,Beginner
S05497,3,77.68,77.0,59.69,80.52,62.98,80.97,95.44,88.7,85.2,0,92.91,73.72,Advanced
S05498,4,99.59,85.34,88.36,100.0,34.25,94.62,100.0,100.0,88.05,0,79.48,93.32,Advanced
S05499,9,10.62,12.71,6.35,29.35,85.42,78.96,33.41,27.69,0.0,2,85.7,14.76,Beginner
S05500,4,27.67,48.82,19.77,51.71,75.74,89.55,48.75,35.22,41.72,3,59.97,36.99,Intermediate
S05501,3,82.05,90.27,75.1,66.34,39.95,83.51,100.0,94.47,59.05,0,97.35,78.44,Advanced
S05502,4,50.9,63.16,43.19,54.6,59.19,100,78.33,50.95,42.08,0,82.83,52.96,Intermediate
S05503,4,77.66,84.03,72.69,70.35,67.05,89.63,74.64,47.33,54.61,0,100.0,76.18,Advanced
S05504,6,67.11,62.2,52.74,58.45,54.28,84.96,58.91,63.51,57.24,0,81.67,60.13,Advanced
S05505,5,16.3,36.41,39.14,50.25,76.76,91.74,51.48,29.57,26.28,0,74.53,35.53,Beginner
S05506,6,63.94,56.53,49.74,68.96,78.96,91.44,74.5,52.85,47.16,0,81.34,59.79,Advanced
S05507,6,51.53,49.79,45.53,41.42,73.12,76.82,62.01,41.61,38.36,4,85.35,47.07,Intermediate
S05508,3,72.8,68.26,72.64,56.93,61.84,70.1,85.85,71.01,47.07,1,77.11,67.66,Advanced
S05509,1,69.06,46.18,60.06,38.75,66.33,88.02,60.98,45.51,26.9,1,61.21,53.51,Intermediate
S05510,9,58.17,60.81,36.94,58.43,65.08,87.78,65.86,58.41,30.77,0,78.88,53.58,Intermediate
S05511,5,82.98,88.51,93.77,66.91,65.73,91.44,99.96,73.44,63.66,0,77.58,83.04,Advanced
S05512,7,61.92,46.06,44.53,46.13,68.98,96.25,73.85,43.2,30.33,3,92.17,49.66,Intermediate
S05513,4,66.62,76.99,65.32,66.21,52.2,89.35,92.75,80.62,66.85,1,99.99,68.78,Advanced
S05514,6,31.11,37.22,22.69,7.68,103.01,65.07,48.19,24.11,4.54,3,74.75,24.67,Beginner
S05515,2,55.78,65.88,78.02,57.05,62.29,93.47,72.85,69.48,41.26,0,82.93,64.18,Advanced
S05516,4,38.46,39.97,30.31,42.91,76.89,83.61,59.35,21.59,26.44,2,95.96,37.91,Beginner
S05517,4,79.38,95.19,77.66,90.49,63.74,93.0,100.0,88.04,55.61,0,97.53,85.68,Advanced
S05518,3,70.64,67.37,58.5,98.71,41.33,72.25,96.25,79.45,62.53,0,69.12,73.81,Advanced
S05519,8,30.92,23.93,51.95,34.11,67.54,81.88,69.82,28.21,13.25,1,81.27,35.23,Beginner
S05520,4,73.84,53.0,68.96,53.88,60.02,82.67,96.42,76.71,29.34,0,68.05,62.42,Intermediate
S05521,4,66.72,72.28,39.71,85.75,50.6,100,78.93,60.86,54.91,0,65.69,66.11,Intermediate
S05522,4,25.96,41.21,23.31,46.54,67.87,84.1,56.12,35.18,27.45,0,86.77,34.26,Beginner
S05523,4,100.0,96.88,96.96,100.0,56.9,87.45,100.0,100.0,85.87,1,97.23,98.46,Advanced
S05524,1,100.0,81.86,86.08,81.67,28.33,100,100.0,98.44,86.84,0,83.78,87.4,Advanced
S05525,9,98.13,69.66,100.0,91.08,54.66,97.41,100.0,75.73,82.84,1,71.34,89.72,Advanced
S05526,7,78.65,79.75,81.6,67.23,67.53,90.94,79.38,78.61,73.1,2,92.2,76.81,Advanced
S05527,1,99.35,100.0,90.13,94.24,45.18,82.2,100.0,74.69,63.62,0,93.62,95.93,Advanced
S05528,5,52.33,46.45,57.69,52.18,59.41,98.06,81.96,50.57,48.96,0,95.28,52.16,Intermediate
S05529,2,91.88,86.07,80.44,94.62,52.32,90.29,88.24,65.67,61.16,0,82.31,88.25,Advanced
S05530,5,54.4,72.25,69.77,26.62,75.26,69.56,52.53,44.17,29.36,0,50.64,55.76,Intermediate
S05531,1,65.0,61.48,49.08,75.29,54.52,82.33,77.24,67.9,46.35,0,91.03,62.71,Advanced
S05532,3,45.6,58.67,46.67,50.55,76.86,68.09,67.9,50.24,42.46,1,81.1,50.37,Intermediate
S05533,7,33.15,46.94,41.28,43.6,76.04,90.13,58.47,55.0,48.41,0,87.66,41.24,Beginner
S05534,5,56.53,65.89,57.71,83.87,71.51,81.85,68.63,66.52,39.84,0,87.92,66.0,Advanced
S05535,3,35.79,41.81,51.23,59.02,50.6,95.61,64.47,57.26,34.23,0,93.3,46.96,Intermediate
S05536,1,67.51,67.63,79.77,90.96,37.3,73.96,100.0,67.09,74.36,0,100.0,76.47,Advanced
S05537,4,39.29,52.34,58.14,27.23,71.55,75.2,42.04,55.13,47.83,0,67.41,44.25,Intermediate
S05538,1,55.64,49.26,70.62,25.86,65.4,75.09,61.54,41.64,30.25,0,65.52,50.34,Beginner
S05539,3,49.92,66.76,33.04,45.3,75.97,92.68,72.15,59.21,30.97,0,77.86,48.76,Intermediate
S05540,6,40.33,33.63,42.66,52.13,63.29,86.05,54.4,39.01,18.24,3,93.34,42.19,Intermediate
S05541,5,54.03,45.38,57.43,49.25,70.93,75.97,72.3,82.75,46.94,0,88.53,51.52,Intermediate
S05542,6,31.53,53.22,31.44,31.66,73.67,83.21,56.74,50.54,32.99,2,92.1,36.96,Beginner
S05543,7,68.11,76.26,62.46,56.91,68.0,78.74,71.64,63.83,22.58,0,100.0,65.93,Intermediate
S05544,3,19.87,0.0,12.9,11.49,91.04,71.49,30.08,17.42,0.0,3,82.94,11.06,Beginner
S05545,5,58.31,82.71,75.12,63.09,74.07,91.89,97.5,75.77,45.41,0,65.12,69.81,Advanced
S05546,6,60.55,34.62,31.64,48.7,72.11,85.35,66.7,72.19,31.28,0,75.21,43.88,Intermediate
S05547,4,53.17,46.62,63.24,47.98,49.42,82.65,50.44,74.35,26.77,1,81.46,52.75,Intermediate
S05548,1,44.62,42.1,66.16,42.96,73.38,81.11,66.66,51.67,43.94,1,72.17,48.96,Beginner
S05549,2,83.41,94.47,83.21,92.85,50.87,100,79.53,85.79,90.41,0,92.17,88.49,Advanced
S05550,3,46.57,67.92,55.9,41.18,76.32,90.76,64.36,48.24,41.8,2,70.81,52.89,Intermediate
S05551,6,82.41,99.05,89.28,87.2,49.59,90.18,91.7,86.74,73.63,1,78.24,89.48,Advanced
S05552,5,89.54,62.61,78.43,75.47,65.08,84.13,96.07,85.45,78.54,0,71.95,76.51,Advanced
S05553,1,44.94,62.65,45.96,13.85,94.74,80.61,60.07,10.69,12.6,0,61.29,41.85,Beginner
S05554,5,62.84,57.14,64.83,47.51,51.78,93.96,75.25,52.65,39.78,0,68.48,58.08,Intermediate
S05555,8,72.77,51.3,45.51,59.49,52.53,100,73.72,53.12,56.33,0,62.73,57.27,Intermediate
S05556,4,84.43,76.87,59.25,100.0,56.32,99.21,76.68,80.6,58.08,1,77.57,80.14,Advanced
S05557,5,63.48,69.43,61.25,23.82,78.21,88.35,70.83,59.79,35.91,0,80.24,54.5,Intermediate
S05558,1,6.31,16.84,0.0,16.27,108.07,76.49,12.03,0.0,0.0,2,81.82,9.86,Beginner
S05559,5,44.28,55.56,61.14,63.95,68.17,72.44,61.79,41.76,8.06,0,83.86,56.23,Intermediate
S05560,7,58.84,27.49,39.95,41.57,90.72,86.17,70.35,26.42,22.35,1,62.32,41.96,Intermediate
S05561,2,61.33,64.74,70.8,51.2,57.92,77.19,81.36,76.64,56.92,0,81.1,62.02,Advanced
S05562,8,65.03,48.52,89.23,56.11,57.62,96.81,76.06,57.38,67.81,1,65.47,64.72,Advanced
S05563,6,51.49,64.28,57.28,42.42,68.82,83.12,70.12,42.84,29.49,3,68.05,53.87,Intermediate
S05564,7,58.72,68.47,49.92,60.68,40.5,100,71.94,67.34,50.9,1,72.8,59.45,Intermediate
S05565,1,41.57,27.83,40.85,42.12,62.98,81.27,56.33,34.37,14.69,1,95.15,38.09,Beginner
S05566,2,69.1,47.96,43.64,36.13,63.98,100,63.88,74.95,29.49,0,65.99,49.21,Intermediate
S05567,9,38.13,66.19,75.82,68.6,54.13,81.79,68.12,61.58,40.34,0,71.33,62.19,Intermediate
S05568,1,94.36,100.0,100.0,100.0,43.76,100,100.0,82.04,71.73,0,98.86,98.59,Advanced
S05569,5,64.81,64.46,60.53,46.02,66.77,87.4,71.67,61.36,42.76,0,90.07,58.96,Advanced
S05570,7,74.91,70.84,72.79,62.78,44.9,100,90.55,71.07,64.55,0,98.87,70.33,Advanced
S05571,2,54.26,60.3,62.14,51.04,50.25,78.31,64.96,35.35,20.24,1,80.85,56.94,Intermediate
S05572,3,21.68,47.65,46.22,47.72,84.66,82.41,47.7,51.62,32.69,0,64.11,40.82,Intermediate
S05573,4,66.84,54.02,75.51,81.21,48.66,97.37,81.65,50.07,57.99,0,76.72,69.39,Intermediate
S05574,3,35.32,36.31,34.65,51.57,73.55,88.09,61.52,39.09,16.8,1,83.73,39.46,Intermediate
S05575,4,69.91,40.83,41.03,43.81,68.79,100,76.24,66.06,19.62,1,70.87,48.9,Intermediate
S05576,6,93.6,99.52,73.43,71.79,38.56,92.95,89.15,68.74,68.0,0,100.0,84.58,Advanced
S05577,8,30.71,4.24,24.77,20.72,81.32,78.11,53.95,42.18,1.02,2,81.39,20.11,Beginner
S05578,2,62.23,42.13,69.6,71.29,55.9,95.95,79.72,60.77,39.48,3,72.26,61.31,Intermediate
S05579,4,71.4,68.0,73.56,65.33,79.54,92.89,90.9,79.88,44.92,0,92.54,69.57,Advanced
S05580,2,67.12,57.65,86.26,51.03,63.5,75.12,82.48,76.31,55.55,0,80.05,65.51,Advanced
S05581,5,67.61,54.71,52.32,50.28,72.62,86.05,71.63,65.51,27.74,0,78.66,56.23,Intermediate
S05582,3,45.21,51.08,57.1,48.39,71.51,81.07,65.68,50.42,47.08,0,85.14,50.44,Intermediate
S05583,5,44.41,43.98,19.09,47.03,73.04,86.88,52.22,42.41,9.57,0,74.86,38.63,Beginner
S05584,4,52.81,73.7,80.83,60.2,29.3,83.87,81.82,70.61,27.02,0,62.84,66.89,Intermediate
S05585,8,94.78,76.88,89.65,61.8,21.12,100,100.0,78.68,63.6,0,60.21,80.78,Advanced
S05586,7,41.03,41.54,21.38,27.7,64.16,100,44.89,33.97,13.69,2,96.45,32.91,Beginner
S05587,5,67.85,60.18,76.41,78.01,57.99,84.1,88.79,75.32,50.93,0,91.79,70.61,Intermediate
S05588,6,43.6,40.47,67.5,15.14,70.18,86.07,56.09,50.51,26.95,2,60.43,41.68,Beginner
S05589,7,67.57,43.56,49.27,35.51,55.29,89.35,59.1,49.74,41.85,2,61.67,48.98,Intermediate
S05590,4,77.48,70.43,50.75,73.76,49.96,80.73,86.33,81.08,62.34,0,64.52,68.11,Advanced
S05591,4,35.42,49.9,45.64,43.51,91.64,78.36,42.23,46.82,22.49,1,82.15,43.62,Intermediate
S05592,6,37.69,51.49,56.29,44.51,77.3,82.55,54.04,24.62,29.78,2,78.3,47.49,Intermediate
S05593,6,31.63,18.15,27.93,24.03,82.43,90.24,29.08,23.83,34.24,1,78.88,25.44,Beginner
S05594,6,87.25,95.09,75.76,86.5,53.04,100,100.0,97.89,86.57,1,81.59,86.15,Advanced
S05595,6,40.28,31.28,45.0,64.58,77.87,80.16,45.45,19.23,25.73,1,71.79,45.28,Beginner
S05596,2,72.81,86.85,68.29,76.63,42.45,69.62,73.73,73.97,69.09,0,94.51,76.15,Advanced
S05597,1,81.96,85.02,74.45,59.51,54.79,100,95.23,74.34,65.59,0,74.58,75.23,Advanced
S05598,2,19.91,22.3,33.05,41.68,95.47,84.0,45.2,40.04,22.77,0,91.2,29.23,Beginner
S05599,5,72.5,77.03,63.12,52.58,70.09,80.34,74.85,53.43,58.01,0,84.59,66.31,Intermediate
S05600,1,14.75,9.66,56.11,21.02,76.94,94.0,49.44,32.74,13.79,2,78.84,25.39,Beginner
S05601,3,60.7,59.66,76.71,55.88,56.55,88.46,100.0,74.19,64.93,0,86.27,63.24,Intermediate
S05602,10,73.92,59.46,56.87,33.93,57.93,79.1,68.21,52.76,53.74,0,69.52,56.05,Intermediate
S05603,9,51.2,34.58,37.75,42.24,58.63,99.65,39.42,51.6,50.64,1,91.81,41.44,Intermediate
S05604,3,68.05,64.29,83.75,66.94,62.75,80.79,67.75,56.33,39.23,0,77.21,70.76,Advanced
S05605,4,61.87,55.98,40.09,69.05,57.29,90.9,74.45,55.28,69.28,0,79.73,56.75,Intermediate
S05606,6,52.46,63.63,53.5,30.32,50.87,71.1,65.0,41.5,65.78,0,72.41,49.98,Intermediate
S05607,2,29.48,22.08,26.15,28.08,83.05,78.53,49.15,33.05,11.53,2,93.65,26.44,Beginner
S05608,6,30.29,32.57,58.21,25.67,67.88,71.31,32.05,29.35,38.92,1,57.35,36.68,Beginner
S05609,1,40.53,39.91,57.63,51.79,62.57,84.29,71.47,34.17,40.44,0,89.63,47.46,Intermediate
S05610,10,97.84,93.23,68.78,91.46,39.35,90.76,100.0,86.51,81.68,0,77.8,87.83,Advanced
S05611,6,69.94,81.87,64.72,82.85,63.67,85.18,83.54,89.91,62.96,0,73.52,74.84,Advanced
S05612,6,72.17,66.49,69.67,54.87,50.27,93.28,80.71,68.44,53.74,0,81.83,65.8,Advanced
S05613,1,57.43,54.35,47.81,37.24,54.24,83.69,74.5,56.09,36.1,0,89.44,49.21,Intermediate
S05614,1,94.11,89.17,100.0,83.41,57.1,87.5,100.0,100.0,41.56,0,75.48,91.67,Advanced
S05615,2,49.09,48.75,72.44,29.1,72.72,74.22,55.95,33.32,28.25,0,74.05,49.84,Beginner
S05616,7,0.0,19.43,32.31,30.91,91.8,72.4,55.08,21.13,0.0,1,74.81,20.66,Beginner
S05617,5,62.02,53.86,54.28,53.41,57.82,93.93,75.33,73.05,35.41,0,82.35,55.89,Intermediate
S05618,1,79.69,59.56,62.24,85.01,52.86,87.83,74.13,56.43,54.53,0,68.65,71.63,Intermediate
S05619,4,42.54,58.54,52.48,64.82,62.34,80.32,84.54,70.38,45.43,0,81.24,54.6,Intermediate
S05620,5,56.5,46.82,28.25,66.5,69.05,83.91,64.76,39.16,33.24,0,59.22,49.52,Intermediate
S05621,5,82.73,69.85,97.21,97.01,34.51,95.52,80.96,94.18,73.7,0,92.54,86.7,Advanced
S05622,8,65.42,77.15,52.22,65.01,69.38,100,94.8,76.11,51.56,0,73.94,64.95,Advanced
S05623,8,62.66,72.11,85.18,73.45,43.53,96.76,84.08,67.23,60.13,0,78.69,73.35,Intermediate
S05624,6,37.8,50.52,62.64,53.36,80.36,90.61,43.5,45.49,6.86,0,77.58,51.08,Intermediate
S05625,6,31.21,8.93,42.88,37.06,89.93,88.77,34.95,18.63,0.0,3,81.7,30.02,Beginner
S05626,9,81.41,84.34,76.76,83.71,45.45,77.64,90.0,56.5,72.46,2,87.7,81.55,Advanced
S05627,4,62.56,66.2,47.48,52.95,59.28,89.92,90.23,64.25,47.33,0,99.97,57.3,Intermediate
S05628,1,74.83,84.62,90.96,65.23,50.74,94.51,99.14,92.98,65.39,0,81.62,78.91,Advanced
S05629,5,43.94,44.15,44.15,77.75,76.74,69.42,53.47,53.88,20.79,1,74.4,52.5,Intermediate
S05630,4,53.67,54.65,57.63,34.77,67.19,82.46,87.27,34.66,43.56,2,85.85,50.18,Intermediate
S05631,9,43.46,68.46,65.08,66.91,73.82,86.09,69.49,57.71,51.32,2,70.98,60.98,Intermediate
S05632,3,65.02,64.31,61.45,83.59,43.62,100,65.92,55.43,33.02,0,94.78,68.59,Advanced
S05633,6,94.57,69.84,68.42,84.88,41.75,90.98,84.61,77.94,60.6,1,63.06,79.43,Intermediate
S05634,4,84.34,82.02,62.29,100.0,73.95,93.73,74.48,71.04,39.54,0,67.38,82.16,Advanced
S05635,2,85.48,94.98,100.0,91.45,28.98,100,100.0,90.87,75.7,0,93.55,92.98,Advanced
S05636,8,63.39,94.81,85.16,59.97,66.78,95.53,80.3,81.31,70.26,0,54.99,75.83,Advanced
S05637,6,18.77,30.97,36.05,18.54,71.38,82.46,43.49,34.14,32.47,1,70.64,26.08,Beginner
S05638,3,89.87,78.23,92.1,81.54,54.34,93.61,94.01,63.45,45.53,0,81.01,85.43,Advanced
S05639,4,83.19,72.62,100.0,82.95,38.13,87.32,92.4,92.32,63.89,0,66.37,84.69,Advanced
S05640,12,48.72,40.38,63.55,45.46,67.66,95.91,65.76,47.89,38.96,1,85.91,49.52,Intermediate
S05641,6,41.47,49.83,71.91,62.21,57.32,77.15,81.98,61.44,16.84,0,88.25,56.36,Intermediate
S05642,4,61.44,52.39,46.29,52.02,85.67,85.2,49.48,56.17,46.16,0,100.0,53.04,Beginner
S05643,1,58.17,51.47,54.67,49.72,74.51,86.43,64.27,39.74,32.16,0,100.0,53.51,Intermediate
S05644,1,19.33,0.0,33.48,30.12,88.5,59.19,34.46,11.02,0.0,3,61.95,20.73,Beginner
S05645,2,66.95,66.95,83.95,56.33,62.17,89.75,89.15,69.49,53.18,0,82.03,68.54,Intermediate
S05646,2,53.89,38.08,66.82,63.3,42.2,98.81,55.61,44.68,31.31,1,82.01,55.52,Intermediate
S05647,6,51.46,41.48,71.43,47.4,48.18,94.61,82.78,60.24,29.35,0,79.89,52.94,Intermediate
S05648,1,58.58,60.15,57.88,51.22,85.33,88.8,42.61,51.05,31.62,0,89.62,56.96,Intermediate
S05649,1,78.61,53.33,77.26,91.29,51.12,92.67,94.33,62.75,45.22,0,79.83,75.12,Intermediate
S05650,3,53.56,70.62,63.48,58.13,62.66,85.82,90.09,70.92,78.24,0,74.99,61.45,Intermediate
S05651,3,52.04,67.68,37.99,30.01,77.99,79.35,60.86,38.71,42.05,2,74.78,46.93,Intermediate
S05652,8,100.0,80.19,84.68,77.19,34.12,84.63,94.3,78.87,75.92,0,67.43,85.52,Advanced
S05653,8,82.74,82.03,90.43,85.49,52.77,98.8,83.48,70.27,44.17,0,96.24,85.17,Advanced
S05654,1,51.13,72.79,62.55,72.96,48.1,98.96,75.13,54.28,37.6,1,81.95,64.86,Advanced
S05655,1,38.76,34.86,52.2,42.61,72.17,76.3,51.17,18.8,37.63,1,93.01,42.11,Intermediate
S05656,5,62.9,64.42,64.75,52.89,69.07,90.15,61.03,61.72,67.46,0,92.68,61.24,Intermediate
S05657,1,51.12,54.75,53.7,89.48,41.1,95.24,69.45,67.9,21.44,1,67.31,62.26,Intermediate
S05658,4,43.7,55.22,62.95,39.05,63.74,84.51,64.75,38.3,23.14,2,65.08,50.23,Intermediate
S05659,5,37.85,28.84,44.1,25.53,55.14,93.57,62.48,21.21,21.35,2,78.89,34.08,Beginner
S05660,6,34.75,24.01,55.74,50.89,69.45,88.32,31.58,41.17,12.93,1,77.49,41.35,Intermediate
S05661,2,67.3,62.33,68.51,54.73,65.92,81.68,76.13,36.57,24.87,2,74.92,63.22,Intermediate
S05662,4,17.83,41.47,38.48,61.71,77.97,79.96,60.65,23.27,41.57,1,58.18,39.87,Beginner
S05663,1,55.88,94.35,64.12,38.28,69.55,84.78,86.08,57.31,42.14,0,44.69,63.16,Intermediate
S05664,6,65.28,48.52,68.78,51.79,52.84,86.67,75.37,39.02,43.7,0,62.0,58.59,Intermediate
S05665,4,39.63,57.07,47.66,41.9,81.31,74.73,71.38,41.68,12.73,0,78.32,46.57,Beginner
S05666,5,65.6,53.36,61.7,53.64,56.66,84.28,70.85,55.08,46.34,0,84.72,58.58,Intermediate
S05667,4,19.18,33.62,45.32,15.48,91.26,68.18,34.16,6.4,0.0,4,71.49,28.4,Beginner
S05668,9,38.43,23.24,10.85,34.65,64.63,85.8,33.92,35.41,11.99,2,69.52,26.79,Beginner
S05669,1,66.44,71.37,99.0,74.36,40.33,90.76,100.0,72.23,57.51,0,82.87,77.79,Advanced
S05670,3,56.76,21.9,42.2,57.13,79.01,85.71,65.2,45.26,27.18,1,53.44,44.5,Beginner
S05671,6,39.68,21.97,63.55,13.77,64.84,75.13,54.44,42.19,20.19,2,52.9,34.74,Beginner
S05672,8,91.86,90.84,100.0,95.63,45.2,94.3,100.0,100.0,88.15,0,91.58,94.58,Advanced
S05673,10,56.53,30.05,45.17,53.18,75.96,92.44,81.48,52.42,38.63,2,60.81,46.23,Beginner
S05674,7,49.43,46.94,48.25,34.33,69.22,77.57,56.26,35.01,35.07,0,82.51,44.74,Beginner
S05675,4,47.12,43.63,27.08,40.36,73.21,79.83,61.49,39.94,21.15,0,98.69,39.55,Beginner
S05676,1,75.26,79.15,70.62,68.03,60.97,97.27,87.32,70.04,53.97,0,93.86,73.26,Advanced
S05677,7,54.86,26.29,22.92,63.19,62.33,69.15,54.16,41.7,23.83,1,44.34,41.81,Beginner
S05678,3,100.0,100.0,100.0,100.0,39.88,99.4,100.0,100.0,72.39,0,93.73,100.0,Advanced
S05679,6,83.29,74.44,54.91,60.14,34.75,93.7,100.0,75.71,63.99,1,87.38,68.2,Advanced
S05680,2,50.55,49.97,62.66,46.62,63.39,100,82.42,64.75,59.81,0,97.91,52.45,Intermediate
S05681,5,31.25,8.64,26.38,46.24,68.57,72.74,42.82,17.81,8.37,3,82.12,28.13,Beginner
S05682,1,96.27,100.0,96.56,100.0,36.72,95.73,100.0,99.49,91.6,0,93.45,98.21,Advanced
S05683,4,58.34,36.88,55.31,70.67,45.87,75.54,65.9,48.41,47.71,1,72.39,55.3,Intermediate
S05684,7,67.33,68.56,60.05,50.72,61.56,95.82,75.54,66.58,43.27,0,100.0,61.66,Advanced
S05685,6,75.88,56.77,52.23,87.03,64.55,86.27,76.94,69.67,56.65,0,64.91,67.98,Advanced
S05686,4,38.78,32.66,37.49,16.58,69.83,78.04,59.3,37.96,15.53,0,63.64,31.38,Beginner
S05687,8,65.08,58.25,75.15,68.88,54.87,95.61,92.93,65.98,63.57,0,89.78,66.84,Advanced
S05688,4,47.67,48.46,39.84,56.85,80.32,96.49,82.07,64.48,53.1,0,89.16,48.21,Intermediate
S05689,1,33.96,54.12,43.37,46.96,75.72,99.92,69.35,43.77,16.56,0,71.74,44.61,Beginner
S05690,3,58.91,67.22,64.99,50.68,56.12,85.7,81.92,42.79,38.12,0,83.33,60.45,Intermediate
S05691,6,77.81,74.2,98.58,74.41,65.91,92.97,100.0,83.02,72.58,0,85.29,81.25,Advanced
S05692,1,22.86,16.95,5.68,18.59,87.58,69.86,32.06,0.0,0.0,4,90.75,16.02,Beginner
S05693,1,79.08,82.08,80.36,58.96,59.06,92.66,92.48,89.88,45.74,0,71.13,75.12,Advanced
S05694,6,40.31,48.13,77.46,48.25,68.05,74.82,40.98,45.87,33.85,2,68.32,53.53,Intermediate
S05695,7,51.8,42.05,65.6,60.7,72.05,79.35,60.15,69.91,46.16,1,91.14,55.04,Intermediate
S05696,6,81.48,85.92,85.27,73.14,39.59,89.28,96.65,80.41,60.34,0,91.75,81.45,Advanced
S05697,1,92.94,78.55,70.41,82.06,68.85,90.09,100.0,80.51,53.2,1,84.32,80.99,Advanced
S05698,5,61.03,63.93,47.43,44.28,71.56,85.78,77.47,33.88,28.23,0,91.98,54.17,Beginner
S05699,5,48.57,56.17,69.01,72.8,93.05,71.22,89.6,52.35,43.91,1,93.4,61.64,Intermediate
S05700,4,53.66,28.71,29.66,41.67,72.5,74.61,56.5,53.48,34.67,2,63.13,38.42,Beginner
S05701,7,39.66,34.98,43.1,29.59,75.23,84.14,69.92,51.48,49.49,0,66.65,36.83,Beginner
S05702,3,81.04,100.0,84.83,100.0,39.5,100,100.0,94.41,66.76,0,85.86,91.47,Advanced
S05703,5,95.13,73.06,76.83,73.8,47.21,95.55,87.94,98.21,52.2,0,74.9,79.7,Advanced
S05704,1,79.64,72.88,77.67,67.06,50.53,93.26,93.75,79.41,68.72,0,80.39,74.31,Advanced
S05705,1,69.1,66.31,76.14,68.46,51.36,93.9,66.37,68.08,42.37,0,100.0,70.0,Advanced
S05706,4,56.45,56.59,64.4,42.16,68.9,89.16,51.4,61.92,35.78,0,82.97,54.9,Intermediate
S05707,4,56.26,44.94,76.85,37.81,92.47,97.09,71.09,36.4,26.68,2,58.23,53.96,Intermediate
S05708,4,47.97,49.11,49.92,30.53,78.46,79.31,59.33,26.96,11.64,1,93.01,44.38,Beginner
S05709,2,53.23,67.49,49.09,52.99,62.5,89.64,84.78,70.49,57.03,0,82.66,55.7,Intermediate
S05710,8,35.24,30.5,48.05,41.32,76.1,83.08,50.82,29.85,15.0,0,85.52,38.78,Beginner
S05711,4,77.1,72.87,80.67,75.83,65.09,98.34,98.76,78.73,60.21,0,98.66,76.62,Advanced
S05712,7,61.17,45.31,48.07,63.17,75.61,84.71,51.16,61.82,55.3,1,61.64,54.43,Intermediate
S05713,4,28.95,36.36,44.99,37.04,68.32,73.9,32.34,28.95,33.32,2,82.2,36.84,Beginner
S05714,1,44.71,7.28,37.6,35.3,67.5,78.4,42.13,48.92,19.67,1,60.77,31.22,Beginner
S05715,1,18.91,25.71,14.35,25.29,69.07,81.54,51.57,22.2,0.0,2,85.21,21.07,Beginner
S05716,7,73.98,95.74,88.63,85.37,22.79,96.18,89.56,86.42,80.29,0,88.7,85.93,Advanced
S05717,4,72.23,81.93,71.71,90.67,69.44,97.91,76.75,64.03,60.89,0,69.87,79.13,Advanced
S05718,7,76.98,70.04,77.59,61.84,42.83,99.92,71.8,69.33,59.17,1,75.18,71.61,Advanced
S05719,3,77.27,64.64,61.1,79.41,64.69,92.08,58.47,52.37,32.84,0,67.79,70.61,Intermediate
S05720,6,64.14,70.02,45.56,77.34,40.33,85.39,79.46,62.62,64.79,0,80.71,64.26,Advanced
S05721,7,90.11,57.36,73.1,87.3,60.08,87.07,98.4,80.08,54.18,0,69.19,76.97,Advanced
S05722,1,66.26,50.1,41.55,99.37,56.78,80.85,76.03,56.28,40.98,0,54.76,64.32,Intermediate
S05723,3,55.94,58.24,22.47,50.1,70.26,85.63,51.5,38.27,27.97,1,84.52,46.69,Intermediate
S05724,6,32.44,44.26,37.63,61.93,83.2,79.53,66.71,45.09,30.37,1,67.71,44.06,Intermediate
S05725,5,40.22,30.48,67.12,22.95,58.17,75.16,52.12,39.7,0.0,1,64.62,40.19,Beginner
S05726,8,35.29,38.85,40.15,47.63,81.37,72.04,48.06,22.6,18.62,0,88.39,40.48,Beginner
S05727,2,53.26,61.65,45.79,61.39,79.65,74.1,66.8,63.04,30.02,1,75.97,55.52,Intermediate
S05728,7,61.26,46.9,48.29,85.57,53.68,93.77,66.77,76.4,30.98,0,50.67,60.5,Intermediate
S05729,2,81.84,77.14,52.85,74.87,52.93,78.29,81.17,72.11,56.93,2,92.71,71.68,Advanced
S05730,3,73.08,93.07,100.0,83.8,48.09,95.82,96.14,72.52,58.48,1,69.33,87.49,Advanced
S05731,3,100.0,100.0,77.63,81.51,36.5,100,93.52,86.03,61.78,1,88.69,89.78,Advanced
S05732,2,70.41,63.76,78.15,80.24,56.75,86.18,72.83,61.4,66.47,0,84.61,73.14,Advanced
S05733,9,31.92,48.64,17.36,35.4,79.93,76.96,47.02,30.15,4.71,3,63.81,33.33,Beginner
S05734,3,44.22,52.27,37.53,48.26,89.75,69.66,63.27,70.98,27.94,0,82.9,45.57,Beginner
S05735,2,42.66,22.91,53.53,23.42,78.55,85.23,41.44,51.96,3.85,1,52.31,35.63,Intermediate
S05736,1,58.35,78.98,13.15,47.04,50.98,84.73,55.24,59.35,26.96,1,63.11,49.38,Intermediate
S05737,7,25.14,39.52,65.8,59.7,75.78,77.85,55.17,46.57,29.99,1,86.74,47.54,Intermediate
S05738,1,95.41,96.19,72.28,61.74,29.51,100,100.0,90.98,48.43,0,93.47,81.41,Advanced
S05739,3,32.86,48.92,28.33,44.12,83.56,98.24,58.97,41.73,30.66,1,64.68,38.56,Beginner
S05740,6,58.61,45.01,44.27,52.71,70.46,80.02,72.06,53.96,34.97,0,88.15,50.15,Intermediate
S05741,6,64.16,61.01,56.41,59.3,59.34,89.01,67.02,36.21,30.22,0,100.0,60.22,Intermediate
S05742,3,35.51,21.93,36.62,64.38,65.98,83.43,66.21,62.46,36.52,0,68.45,39.61,Beginner
S05743,3,49.28,30.87,48.52,38.17,73.72,71.75,43.8,42.06,11.67,3,74.64,41.71,Beginner
S05744,2,28.58,34.46,19.06,44.75,58.96,90.02,59.21,33.47,12.91,0,78.37,31.71,Beginner
S05745,7,56.55,77.69,65.15,57.22,70.8,84.93,78.34,60.95,60.64,0,81.73,64.15,Intermediate
S05746,3,66.84,65.71,90.46,63.38,32.62,100,83.4,82.0,61.15,0,85.25,71.6,Advanced
S05747,2,61.29,46.98,40.14,56.57,58.39,86.67,75.98,52.13,39.21,0,75.26,51.25,Intermediate
S05748,5,71.39,54.93,64.59,58.36,89.98,91.34,74.84,76.28,55.25,0,74.25,62.32,Advanced
S05749,6,43.66,47.07,24.64,40.23,80.82,79.41,52.12,41.52,21.68,3,95.01,38.9,Beginner
S05750,5,72.11,79.83,80.96,38.28,53.72,85.62,99.92,71.49,62.87,1,60.44,67.8,Advanced
S05751,1,45.79,72.0,75.12,53.77,56.43,91.87,70.74,65.07,42.18,1,57.06,61.67,Intermediate
S05752,2,49.9,58.26,22.21,34.24,72.23,70.86,69.11,49.56,12.98,0,86.52,41.15,Beginner
S05753,2,29.68,12.3,50.59,21.28,85.1,83.17,47.76,21.43,26.18,0,61.9,28.46,Beginner
S05754,5,61.1,52.73,64.61,33.0,64.19,95.31,75.41,67.58,48.12,0,69.66,52.86,Intermediate
S05755,5,45.45,59.01,40.1,62.53,78.8,84.82,63.68,45.44,30.53,2,63.24,51.77,Intermediate
S05756,3,43.26,52.13,66.55,63.79,71.99,82.74,74.82,53.7,23.25,0,96.33,56.43,Intermediate
S05757,1,66.75,100.0,79.59,76.15,62.96,84.56,90.0,73.47,57.74,0,62.8,80.62,Advanced
S05758,1,43.31,58.33,50.6,39.82,64.96,83.17,56.59,51.91,32.57,1,80.09,48.02,Intermediate
S05759,3,51.78,46.11,51.44,47.62,34.88,85.42,61.73,67.62,18.55,1,97.44,49.24,Intermediate
S05760,4,94.14,78.92,98.17,81.47,50.16,100,100.0,92.69,54.81,0,70.42,88.18,Advanced
S05761,5,70.78,70.19,54.56,67.92,59.33,98.81,78.08,63.01,42.39,0,94.58,65.87,Advanced
S05762,6,60.95,62.71,68.46,75.34,61.62,100,75.62,56.14,41.91,0,92.8,66.87,Advanced
S05763,6,54.98,50.1,66.84,81.63,68.84,87.73,75.94,66.61,48.94,0,91.74,63.39,Advanced
S05764,3,37.86,45.71,51.69,35.38,78.02,82.61,61.79,28.99,34.95,1,76.02,42.66,Beginner
S05765,4,50.06,70.12,58.55,58.08,74.19,96.83,77.5,76.8,44.96,2,80.33,59.2,Intermediate
S05766,3,59.59,81.02,72.66,70.51,70.98,82.0,66.26,61.62,36.59,0,63.18,70.94,Advanced
S05767,3,80.36,49.39,48.63,81.92,56.19,86.6,83.08,61.06,61.78,1,50.27,65.07,Intermediate
S05768,4,55.79,51.31,49.14,55.78,67.28,84.04,83.65,49.2,33.67,0,88.04,53.0,Intermediate
S05769,1,71.29,62.87,75.18,97.71,53.98,92.3,95.88,64.62,67.2,1,75.35,76.76,Advanced
S05770,8,45.99,32.5,45.43,26.08,77.04,82.77,34.23,43.75,27.75,1,78.81,37.5,Beginner
S05771,2,81.53,87.55,88.43,81.8,36.48,81.21,80.74,86.63,68.88,0,75.26,84.83,Advanced
S05772,2,11.13,31.28,34.29,27.66,102.62,95.67,39.23,36.82,9.46,0,75.15,26.09,Beginner
S05773,5,74.48,65.48,65.21,56.66,58.27,98.78,81.33,65.06,56.27,0,88.29,65.46,Advanced
S05774,1,47.44,54.14,58.49,73.24,67.6,71.61,68.2,47.83,46.58,0,77.47,58.33,Intermediate
S05775,7,71.87,88.88,79.57,81.89,34.09,87.58,75.73,67.09,37.19,0,75.86,80.55,Advanced
S05776,5,38.2,58.0,79.71,51.45,61.46,99.65,79.71,67.57,51.3,0,68.71,56.84,Intermediate
S05777,6,51.99,61.95,57.88,46.48,58.34,75.14,59.79,64.74,24.82,2,84.16,54.57,Intermediate
S05778,5,68.17,52.6,75.56,77.22,70.79,93.85,84.74,73.94,62.52,2,88.75,68.39,Advanced
S05779,6,58.56,72.85,73.56,41.64,75.5,85.63,69.13,61.94,13.19,0,76.27,61.65,Intermediate
S05780,2,47.17,51.45,42.38,63.08,76.27,81.68,68.61,57.72,29.88,0,68.87,51.02,Intermediate
S05781,4,90.81,78.42,95.66,68.44,62.96,100,100.0,89.41,62.51,0,83.71,83.33,Advanced
S05782,8,30.41,58.86,37.53,50.18,79.69,85.1,50.3,47.1,4.13,1,63.99,44.25,Intermediate
S05783,7,46.1,17.97,0.0,11.2,93.17,86.0,27.57,0.0,17.68,1,77.32,18.82,Beginner
S05784,6,37.91,35.6,26.34,36.35,67.0,85.44,35.58,40.18,36.08,0,85.58,34.05,Beginner
S05785,6,26.96,53.72,63.12,43.58,66.43,82.66,55.85,41.59,15.01,2,58.87,46.84,Beginner
S05786,5,38.95,65.45,65.4,80.65,36.72,100,71.12,56.71,39.3,0,58.97,62.61,Advanced
S05787,7,31.8,38.67,22.82,33.1,74.98,81.0,44.06,31.76,0.0,2,85.7,31.6,Beginner
S05788,2,83.08,59.77,48.98,53.75,73.56,93.19,92.77,55.77,52.05,0,89.13,61.39,Intermediate
S05789,4,69.74,98.16,72.73,59.31,60.47,86.39,100.0,68.67,73.02,0,75.53,74.98,Advanced
S05790,6,50.3,29.21,47.77,51.44,72.83,85.83,65.12,40.23,25.49,2,86.92,44.68,Beginner
S05791,3,3.84,25.81,13.38,23.66,71.6,73.81,34.58,23.26,12.89,2,75.0,16.67,Beginner
S05792,3,21.73,34.56,17.0,34.82,80.86,78.65,44.85,33.72,26.71,4,79.89,27.03,Beginner
S05793,1,60.17,87.48,58.08,62.57,72.39,90.97,93.63,57.08,58.66,0,78.01,67.08,Advanced
S05794,1,48.23,55.35,33.3,32.71,84.16,77.15,65.08,39.73,26.18,1,92.01,42.4,Beginner
S05795,8,71.92,66.81,69.24,40.27,64.89,87.19,91.06,73.68,74.68,0,76.99,62.06,Intermediate
S05796,6,52.7,55.82,36.99,46.86,85.54,77.52,71.99,64.15,40.96,2,88.02,48.09,Intermediate
S05797,3,45.13,38.14,78.07,76.36,79.77,91.05,59.84,38.67,52.37,1,98.05,59.42,Intermediate
S05798,4,48.07,40.58,79.89,86.37,77.7,100,67.75,57.53,50.46,0,77.17,63.72,Intermediate
S05799,6,34.63,51.56,39.39,36.55,67.98,79.61,55.15,63.5,43.38,2,78.36,40.53,Intermediate
S05800,1,46.17,78.3,54.57,59.86,68.32,94.13,80.11,61.05,53.15,2,71.17,59.72,Intermediate
S05801,6,86.89,66.59,88.46,68.03,51.78,85.97,98.82,63.43,69.7,0,59.1,77.49,Advanced
S05802,5,65.94,71.55,64.77,61.96,72.07,97.61,80.62,59.73,32.64,0,88.07,66.06,Advanced
S05803,5,64.2,70.4,44.26,35.52,68.69,83.97,56.91,55.06,32.01,0,98.75,53.59,Intermediate
S05804,3,45.97,29.02,28.95,53.23,54.27,85.45,69.25,56.51,45.31,2,75.74,39.29,Intermediate
S05805,3,26.64,28.26,37.77,18.19,55.94,81.81,32.43,22.84,0.0,3,91.21,27.71,Beginner
S05806,2,89.09,97.47,63.45,100.0,52.33,90.58,90.34,77.84,82.51,1,63.96,87.5,Advanced
S05807,3,53.86,47.14,51.95,64.47,36.02,93.15,60.93,49.83,25.35,0,90.37,54.35,Intermediate
S05808,4,76.62,63.95,70.34,75.99,34.77,99.43,95.71,66.98,59.51,1,88.73,71.72,Advanced
S05809,8,100.0,77.97,71.99,68.7,56.52,94.86,95.0,77.83,56.74,2,75.95,79.66,Advanced
S05810,2,33.24,39.17,35.31,39.97,70.75,78.67,67.17,31.67,11.2,1,100.0,36.92,Beginner
S05811,8,43.75,51.61,31.32,60.13,65.13,84.61,62.25,44.84,36.42,0,73.89,46.7,Intermediate
S05812,3,42.53,55.25,51.22,26.71,74.35,85.24,81.94,72.65,29.94,3,69.01,43.93,Beginner
S05813,1,73.48,48.58,69.52,77.65,76.64,89.99,71.96,62.96,52.15,1,59.09,67.31,Advanced
S05814,4,98.29,97.37,98.47,93.92,45.9,85.96,100.0,72.81,73.69,0,100.0,97.01,Advanced
S05815,5,43.93,13.25,36.08,49.08,86.08,88.94,49.2,29.04,0.0,1,57.72,35.59,Beginner
S05816,1,51.12,52.3,23.05,44.11,56.15,84.43,60.98,45.42,27.53,1,95.08,42.65,Intermediate
S05817,9,7.27,22.12,40.88,30.53,76.68,82.0,36.83,43.21,12.37,1,76.84,25.2,Beginner
S05818,1,32.62,45.39,37.83,20.01,65.58,75.39,45.79,51.02,6.88,1,71.38,33.96,Beginner
S05819,6,47.86,56.24,51.16,54.07,65.99,96.97,62.15,46.37,28.51,0,92.28,52.33,Intermediate
S05820,4,96.79,57.19,80.68,78.3,79.72,81.19,95.49,86.98,80.64,0,61.14,78.24,Advanced
S05821,4,41.47,73.59,63.69,80.13,55.7,80.25,81.34,74.43,56.15,0,61.53,64.72,Advanced
S05822,4,61.84,61.22,60.21,47.35,82.81,82.86,71.72,41.79,27.86,0,100.0,57.66,Advanced
S05823,6,51.75,88.44,71.23,42.77,65.96,83.75,73.62,57.77,43.6,1,51.09,63.55,Intermediate
S05824,4,44.86,71.15,77.29,49.28,55.77,94.21,75.43,54.25,51.42,1,49.33,60.64,Beginner
S05825,2,84.92,66.09,53.5,90.81,38.89,100,84.2,59.69,58.96,0,55.85,73.83,Advanced
S05826,5,59.77,59.97,39.45,37.01,72.99,83.4,47.67,64.23,55.88,2,92.44,49.05,Advanced
S05827,4,45.19,27.98,51.24,77.62,80.38,88.6,80.76,50.93,46.15,1,59.41,50.51,Intermediate
S05828,1,39.26,26.99,56.33,39.65,76.29,92.76,56.06,37.91,12.8,0,73.45,40.56,Intermediate
S05829,2,51.28,56.15,35.38,53.18,79.62,90.06,40.06,31.97,35.93,0,92.98,49.0,Beginner
S05830,2,38.53,29.54,49.53,56.89,64.4,86.84,34.16,34.28,17.69,2,81.61,43.62,Beginner
S05831,7,39.66,56.55,59.05,70.31,91.56,77.07,74.64,56.69,36.63,3,81.73,56.39,Intermediate
S05832,6,57.97,82.65,74.56,75.98,46.91,85.24,91.06,80.54,31.27,0,77.32,72.79,Advanced
S05833,3,50.88,42.48,63.14,58.51,51.64,76.42,85.24,69.83,46.12,0,95.08,53.75,Intermediate
S05834,2,10.38,58.94,21.44,25.27,88.73,73.89,33.05,27.42,0.0,2,53.36,29.01,Beginner
S05835,4,76.33,69.61,65.01,56.6,61.36,83.37,79.81,52.78,55.03,0,86.0,66.89,Advanced
S05836,4,55.39,41.68,44.03,31.99,73.78,94.68,46.11,48.75,30.31,2,79.56,43.27,Intermediate
S05837,6,35.3,64.23,48.57,52.94,43.85,73.82,43.11,51.2,33.59,4,65.67,50.26,Intermediate
S05838,1,66.4,57.0,65.62,53.88,53.28,90.59,69.75,65.82,51.1,0,84.85,60.72,Intermediate
S05839,12,48.58,40.8,42.61,41.83,58.77,93.4,65.34,62.6,47.22,1,99.11,43.46,Intermediate
S05840,4,86.41,79.16,71.85,89.48,75.37,88.45,86.49,79.95,63.52,0,96.03,81.72,Advanced
S05841,4,61.54,75.82,89.57,52.47,63.65,98.07,82.32,50.37,33.79,0,51.58,69.85,Advanced
S05842,7,49.55,41.8,34.12,37.8,87.44,88.63,62.82,45.02,29.73,1,85.4,40.82,Intermediate
S05843,3,38.35,45.7,40.1,25.56,64.8,75.75,64.31,39.13,10.25,1,82.32,37.43,Beginner
S05844,6,59.94,69.34,59.35,50.98,72.63,90.51,85.15,68.27,42.36,0,90.31,59.9,Advanced
S05845,5,96.87,99.23,69.77,89.33,39.96,94.9,100.0,81.08,84.6,0,84.11,88.8,Advanced
S05846,6,100.0,100.0,95.99,100.0,35.07,100,100.0,100.0,83.37,0,99.5,99.0,Advanced
S05847,1,41.29,58.93,56.16,59.96,61.16,82.51,69.51,79.02,57.55,0,82.92,54.08,Intermediate
S05848,3,90.23,64.77,73.52,54.16,47.89,87.76,73.89,73.87,42.74,1,55.06,70.67,Advanced
S05849,5,51.38,62.76,73.84,73.76,54.64,84.03,81.82,40.34,68.92,0,91.21,65.44,Intermediate
S05850,3,67.12,76.31,68.85,63.73,66.65,85.45,88.96,69.52,51.28,0,88.29,69.0,Advanced
S05851,2,86.41,81.57,68.56,59.05,68.56,81.35,88.4,68.81,70.38,0,78.82,73.9,Advanced
S05852,2,36.98,26.97,37.26,37.0,84.9,95.71,45.16,35.1,16.97,1,86.07,34.56,Beginner
S05853,7,49.99,51.43,61.83,57.35,54.82,93.02,76.58,76.85,31.9,0,94.2,55.15,Intermediate
S05854,7,62.29,78.35,79.63,74.73,32.71,84.66,95.3,68.22,60.95,1,84.81,73.75,Advanced
S05855,8,61.42,46.35,53.76,68.78,44.09,78.93,67.4,61.94,64.89,1,80.48,57.58,Intermediate
S05856,7,100.0,91.36,100.0,100.0,43.73,100,100.0,100.0,88.38,1,86.26,97.84,Advanced
S05857,4,67.02,81.6,92.48,83.99,56.57,94.32,84.44,79.0,66.62,0,78.0,81.27,Advanced
S05858,6,60.9,75.46,66.37,70.62,63.29,88.46,77.71,48.79,53.66,0,76.27,68.34,Advanced
S05859,9,67.32,55.41,42.7,71.62,60.58,96.19,88.15,63.85,44.85,1,58.72,59.26,Intermediate
S05860,6,90.28,83.68,76.03,84.54,73.37,100,100.0,90.92,54.33,0,92.65,83.63,Advanced
S05861,5,35.58,42.97,23.65,47.34,81.57,84.66,60.25,35.88,3.21,1,84.92,37.39,Beginner
S05862,5,85.15,64.0,45.5,76.33,64.75,94.97,76.88,70.28,51.12,0,53.38,67.74,Advanced
S05863,8,39.04,46.16,29.72,24.44,64.09,93.53,55.7,44.14,38.52,2,82.48,34.84,Beginner
S05864,1,26.56,40.6,32.73,54.22,81.88,82.76,71.87,32.5,18.47,2,65.49,38.53,Beginner
S05865,4,52.64,76.22,58.79,61.3,64.84,82.11,70.05,59.05,34.96,1,86.58,62.24,Advanced
S05866,5,40.26,25.12,42.12,39.7,59.03,78.72,57.1,47.12,21.16,0,78.62,36.8,Beginner
S05867,1,89.85,79.95,82.05,67.98,61.98,70.4,73.91,76.76,69.43,0,78.13,79.96,Advanced
S05868,3,100.0,85.63,63.38,93.36,50.62,100,95.43,83.02,60.51,0,75.05,85.59,Advanced
S05869,3,47.2,27.53,47.8,27.76,61.43,95.12,44.87,51.8,21.83,1,67.24,37.57,Intermediate
S05870,2,58.97,79.03,50.91,68.55,36.28,94.87,86.94,84.01,47.44,0,63.33,64.37,Advanced
S05871,5,90.18,87.41,69.96,82.27,58.3,95.31,97.69,82.69,90.14,0,100.0,82.46,Advanced
S05872,3,82.14,73.68,88.77,79.52,70.78,93.21,92.21,67.32,64.95,0,85.98,81.03,Advanced
S05873,1,27.2,39.19,42.48,37.97,71.72,83.67,45.46,31.28,19.22,3,86.45,36.71,Beginner
S05874,4,69.25,65.25,50.55,67.47,59.14,86.93,90.39,57.32,69.97,3,85.6,63.13,Advanced
S05875,1,28.0,50.96,46.47,85.51,63.93,76.87,61.55,47.93,34.12,2,53.2,52.73,Intermediate
S05876,3,44.07,67.18,37.45,38.9,76.07,92.61,56.88,44.63,25.43,1,69.91,46.9,Beginner
S05877,6,53.05,63.86,28.94,44.2,62.21,83.12,63.48,27.96,43.37,1,68.17,47.51,Intermediate
S05878,2,38.86,32.13,35.41,20.07,73.78,77.48,50.1,34.82,12.08,2,89.67,31.62,Beginner
S05879,6,60.1,65.39,24.31,31.97,77.02,96.28,77.31,69.54,31.45,0,85.82,45.44,Intermediate
S05880,3,64.16,71.49,74.55,72.26,55.18,96.18,83.44,68.51,70.89,0,88.45,70.62,Advanced
S05881,2,51.31,61.61,46.02,33.73,55.55,95.21,42.75,47.72,21.51,1,69.11,48.17,Intermediate
S05882,11,40.69,23.38,34.69,55.88,79.62,87.07,48.73,45.86,28.19,0,67.66,38.66,Beginner
S05883,2,28.8,53.32,39.7,51.03,55.16,72.72,76.14,47.46,38.56,0,78.85,43.21,Beginner
S05884,9,90.07,96.71,99.16,100.0,42.7,88.73,98.54,90.26,70.81,0,87.11,96.49,Advanced
S05885,4,54.33,53.45,39.66,75.92,56.23,85.98,73.54,65.63,16.71,3,82.63,55.84,Intermediate
S05886,3,58.56,50.77,66.0,58.32,59.12,86.8,53.49,71.31,28.35,1,85.62,58.41,Advanced
S05887,3,71.24,32.97,26.41,38.42,71.36,88.59,64.0,36.46,13.54,0,69.04,42.26,Beginner
S05888,5,56.85,74.78,81.27,91.19,59.71,97.72,98.06,83.96,57.94,0,72.62,76.02,Advanced
S05889,5,71.75,68.32,82.76,76.19,64.66,94.25,86.47,58.83,47.08,1,96.6,74.75,Advanced
S05890,1,42.93,47.49,52.46,48.93,91.62,76.59,64.68,59.51,33.1,0,100.0,47.95,Intermediate
S05891,2,98.14,88.59,96.99,78.54,50.07,91.59,92.62,85.26,54.77,0,79.36,90.57,Advanced
S05892,7,66.29,56.69,58.14,77.78,53.29,99.91,85.77,39.09,48.81,0,66.81,64.72,Intermediate
S05893,2,73.03,54.26,83.53,82.09,44.79,82.23,71.78,75.19,73.12,0,88.81,73.23,Advanced
S05894,8,69.2,65.59,53.3,65.14,66.52,78.7,69.47,42.82,53.77,0,88.36,63.31,Advanced
S05895,6,41.51,47.29,60.48,48.79,81.52,93.36,60.7,44.2,32.74,0,85.74,49.52,Intermediate
S05896,2,95.59,82.4,100.0,100.0,45.22,100,100.0,89.01,66.82,0,97.05,94.5,Advanced
S05897,5,62.16,49.36,52.11,34.96,68.61,88.56,43.49,46.04,48.18,2,71.88,49.65,Intermediate
S05898,4,40.98,49.18,57.44,48.18,57.73,76.75,62.95,48.61,35.86,0,92.74,48.95,Intermediate
S05899,4,58.32,47.4,48.5,45.31,80.15,65.95,56.77,45.24,32.78,3,86.67,49.88,Intermediate
S05900,3,42.42,52.98,34.18,28.41,64.13,82.49,55.97,53.78,26.03,4,100.0,39.5,Intermediate
S05901,5,73.85,56.72,74.57,73.61,47.24,73.79,81.62,72.98,59.28,0,88.91,69.69,Advanced
S05902,5,94.25,63.93,74.06,63.64,64.04,74.39,64.47,62.5,46.43,0,67.49,73.97,Advanced
S05903,5,46.76,31.8,43.78,23.58,84.71,76.23,63.1,50.74,39.41,0,73.39,36.48,Beginner
S05904,1,78.42,66.53,55.26,78.33,82.01,83.54,77.34,67.94,63.96,2,65.34,69.63,Advanced
S05905,7,59.4,78.56,45.34,43.61,61.8,82.36,70.6,49.55,36.11,1,81.52,56.73,Intermediate
S05906,4,34.68,70.08,29.18,66.11,79.39,87.82,56.91,51.78,11.54,0,41.26,50.01,Intermediate
S05907,1,48.59,65.46,47.15,31.99,45.86,87.66,93.77,54.44,27.96,1,81.18,48.29,Intermediate
S05908,6,29.71,30.48,22.27,0.0,72.39,75.51,26.73,8.75,13.98,3,92.84,20.62,Beginner
S05909,5,62.41,55.1,59.92,61.38,69.13,80.34,77.14,65.43,40.45,0,86.44,59.7,Intermediate
S05910,2,68.49,55.71,77.45,63.13,66.38,94.16,63.79,43.49,49.71,0,81.56,66.19,Advanced
S05911,5,48.91,30.72,63.26,43.13,56.16,85.16,50.82,58.75,62.7,1,74.04,46.51,Intermediate
S05912,8,12.88,20.56,23.79,29.31,80.59,86.05,31.31,42.05,0.0,1,85.53,21.64,Beginner
S05913,2,46.0,25.32,38.41,48.5,79.63,77.85,41.44,34.39,19.58,1,72.93,39.56,Beginner
S05914,4,38.57,27.86,39.91,39.19,75.97,82.26,63.18,21.58,30.42,1,93.78,36.38,Beginner
S05915,3,64.35,53.55,52.04,56.27,54.82,74.82,69.39,54.6,62.11,1,84.97,56.55,Intermediate
S05916,3,73.48,73.66,65.4,69.3,67.38,80.13,93.22,59.05,64.37,0,95.43,70.46,Advanced
S05917,3,63.31,50.73,64.97,62.28,32.35,96.82,92.7,85.89,68.07,0,80.97,60.32,Advanced
S05918,7,63.28,56.16,61.58,45.57,59.09,76.87,54.96,41.94,47.27,2,82.23,56.65,Intermediate
S05919,2,37.88,47.63,41.0,66.54,65.05,84.46,52.52,51.68,34.08,2,59.24,48.26,Intermediate
S05920,6,50.27,49.26,68.71,60.81,92.12,96.48,62.05,57.79,17.62,0,96.16,57.26,Intermediate
S05921,3,27.31,44.48,29.11,51.63,76.79,78.52,59.15,51.41,15.98,0,65.86,38.13,Intermediate
S05922,4,46.79,63.16,84.86,47.36,67.28,91.77,73.46,51.61,49.77,0,61.64,60.54,Advanced
S05923,3,84.46,73.18,100.0,84.46,64.97,97.51,100.0,100.0,71.76,0,76.12,85.52,Advanced
S05924,4,82.13,71.74,87.22,76.78,56.82,98.67,100.0,77.61,63.12,0,100.0,79.47,Advanced
S05925,6,57.7,45.07,45.81,59.68,71.34,95.86,86.96,57.26,63.65,2,76.77,52.07,Intermediate
S05926,4,100.0,99.53,68.04,94.75,29.96,77.48,100.0,89.43,73.36,1,70.7,90.58,Advanced
S05927,5,60.17,80.05,82.35,60.7,75.99,82.38,88.13,58.57,54.3,1,64.0,70.82,Advanced
S05928,1,55.51,72.98,50.2,68.32,60.03,73.59,65.29,63.87,46.85,1,58.63,61.75,Intermediate
S05929,10,47.01,79.72,51.98,47.21,54.01,87.4,70.49,45.11,43.54,1,70.35,56.48,Intermediate
S05930,4,49.45,34.8,34.32,51.43,70.02,84.8,45.45,37.07,43.86,0,89.59,42.5,Beginner
S05931,3,58.08,57.89,39.79,34.82,70.65,73.64,74.45,47.67,27.97,1,84.92,47.65,Intermediate
S05932,1,85.65,82.61,82.33,89.93,56.84,91.11,100.0,88.76,64.95,1,96.46,85.13,Advanced
S05933,4,38.01,36.3,61.79,42.59,75.32,86.08,46.59,53.41,12.91,2,84.48,44.67,Intermediate
S05934,4,49.18,56.07,50.71,45.8,72.02,86.9,72.94,50.46,25.76,2,87.94,50.44,Intermediate
S05935,4,34.07,41.68,34.27,33.51,73.51,91.48,29.94,46.4,22.65,2,81.81,35.88,Intermediate
S05936,6,22.26,3.77,10.36,0.0,79.93,65.69,11.47,17.02,0.0,3,75.13,9.1,Beginner
S05937,1,52.41,48.59,70.15,77.29,74.2,87.73,59.61,48.96,44.72,0,86.92,62.11,Intermediate
S05938,5,0.52,0.0,0.0,21.9,87.01,71.55,12.86,10.25,6.93,2,80.97,5.61,Beginner
S05939,5,72.65,68.46,100.0,89.92,46.28,93.59,100.0,71.42,80.95,0,77.91,82.76,Advanced
S05940,2,100.0,100.0,100.0,100.0,33.64,100,100.0,96.48,81.94,0,90.04,100.0,Advanced
S05941,5,34.01,83.38,63.9,46.5,65.28,83.15,69.39,55.02,52.94,0,19.98,56.95,Intermediate
S05942,4,61.73,50.28,61.69,36.08,65.74,89.16,74.95,52.75,43.69,0,79.66,52.44,Intermediate
S05943,1,49.78,39.07,78.67,61.38,36.35,93.73,59.78,54.58,42.61,1,63.17,57.23,Intermediate
S05944,1,34.99,17.37,34.42,42.92,74.04,83.44,64.38,28.5,33.54,1,80.33,32.43,Beginner
S05945,1,72.32,67.62,82.44,59.99,52.87,88.71,73.5,82.75,67.46,0,80.36,70.59,Advanced
S05946,5,76.8,71.99,66.83,91.07,41.72,92.97,76.99,79.1,66.05,0,75.35,76.67,Advanced
S05947,7,66.14,71.76,57.36,62.8,70.22,88.35,85.76,51.79,60.47,0,95.37,64.52,Intermediate
S05948,7,54.43,63.01,47.67,72.66,61.99,90.41,82.05,52.45,42.49,0,90.78,59.44,Intermediate
S05949,5,61.15,69.6,85.15,68.75,52.51,91.79,77.94,73.47,58.43,0,90.05,71.16,Advanced
S05950,11,23.1,28.48,46.27,25.93,77.15,77.81,44.02,69.19,31.8,0,74.89,30.95,Beginner
S05951,3,81.73,64.54,100.0,100.0,43.14,88.21,79.04,100.0,85.2,0,92.91,86.57,Advanced
S05952,1,49.47,27.99,52.21,19.98,64.57,82.12,65.84,45.12,45.49,2,55.31,37.41,Beginner
S05953,7,44.77,61.88,54.33,60.18,68.92,84.28,57.25,54.14,42.91,0,85.65,55.29,Intermediate
S05954,1,45.95,44.7,53.01,47.21,68.54,80.75,68.39,50.38,54.2,0,100.0,47.72,Intermediate
S05955,5,75.81,57.55,52.25,25.05,67.86,86.91,70.33,48.21,28.88,0,65.69,52.67,Beginner
S05956,6,50.14,38.95,75.04,42.07,88.47,80.32,44.69,48.03,29.55,1,78.95,51.55,Intermediate
S05957,3,83.06,76.73,75.87,67.98,31.19,100,88.84,87.4,43.84,1,90.09,75.91,Advanced
S05958,4,56.45,46.96,57.13,28.04,71.12,79.22,52.24,40.92,40.46,1,62.58,47.14,Intermediate
S05959,4,83.21,83.75,100.0,76.22,18,94.85,100.0,93.34,87.87,0,89.77,85.79,Advanced
S05960,8,61.47,61.27,57.46,59.53,75.07,83.61,62.07,53.95,18.51,0,92.99,59.93,Intermediate
S05961,7,48.64,78.43,37.95,41.55,63.11,74.69,79.3,66.47,49.13,0,68.99,51.64,Intermediate
S05962,5,94.86,100.0,87.5,54.26,40.26,90.09,88.02,93.6,70.32,0,81.15,84.15,Advanced
S05963,4,40.78,55.18,65.13,60.82,82.68,85.67,74.0,59.05,64.83,1,77.41,55.48,Intermediate
S05964,5,50.24,63.68,37.55,37.41,53.18,68.34,55.66,43.05,30.53,4,89.3,47.22,Intermediate
S05965,4,28.91,32.17,35.88,16.87,88.51,83.62,49.0,32.08,2.68,1,82.72,28.46,Beginner
S05966,6,22.18,44.91,34.11,32.22,56.35,71.17,58.6,45.52,2.51,2,64.68,33.36,Beginner
S05967,4,40.44,28.89,33.91,30.35,95.92,85.27,55.13,38.74,7.25,2,89.49,33.4,Beginner
S05968,7,54.17,47.65,21.23,64.03,73.66,88.23,54.35,50.51,13.58,0,70.38,46.77,Intermediate
S05969,4,61.94,73.43,59.95,82.41,48.18,79.51,70.99,67.68,52.18,0,72.18,69.43,Advanced
S05970,5,68.65,64.3,60.5,32.7,53.03,85.88,79.21,68.6,53.5,0,71.54,56.54,Intermediate
S05971,7,60.2,45.94,40.38,32.31,71.49,89.12,63.5,36.64,54.61,1,79.92,44.71,Beginner
S05972,2,89.26,95.92,80.12,89.05,74.0,100,100.0,91.01,69.71,0,84.43,88.59,Advanced
S05973,6,45.67,28.9,33.37,51.85,84.87,89.66,47.94,44.27,23.33,1,63.05,39.95,Beginner
S05974,6,53.12,47.67,59.43,67.72,83.77,76.42,65.27,27.53,24.24,2,99.81,56.98,Beginner
S05975,4,58.74,25.74,18.33,34.08,85.42,68.6,42.86,41.0,10.08,1,77.81,34.22,Beginner
S05976,5,98.65,89.23,100.0,84.92,30.16,97.07,100.0,100.0,66.48,0,87.46,93.2,Advanced
S05977,7,65.23,84.89,61.63,44.55,60.59,88.07,70.75,75.6,39.45,0,65.87,64.07,Advanced
S05978,7,44.87,60.55,74.76,84.15,80.8,88.78,76.9,59.86,59.51,0,72.66,66.08,Advanced
S05979,6,17.24,28.11,36.93,28.11,95.08,85.54,41.3,16.75,7.46,1,89.78,27.6,Beginner
S05980,1,46.23,59.58,56.94,34.04,61.58,86.93,81.11,44.26,48.87,2,60.14,49.2,Beginner
S05981,2,56.76,54.07,43.27,50.24,62.79,94.38,70.51,62.4,40.8,1,84.15,51.09,Intermediate
S05982,3,68.13,50.32,57.51,46.75,74.89,75.44,72.84,45.41,33.74,0,78.16,55.68,Intermediate
S05983,5,43.79,47.56,32.18,38.07,76.96,85.85,70.88,50.57,32.0,0,97.6,40.4,Beginner
S05984,3,77.64,71.5,78.39,51.0,50.29,83.67,77.05,62.41,55.0,0,76.13,69.63,Intermediate
S05985,6,62.86,59.49,60.09,42.65,55.95,89.27,73.66,67.36,52.88,0,78.98,56.27,Intermediate
S05986,10,70.59,77.91,65.96,77.11,74.46,91.82,82.19,51.77,35.46,0,84.43,72.89,Advanced
S05987,4,77.82,67.73,100.0,71.9,54.85,83.58,80.52,76.14,57.05,0,83.44,79.36,Advanced
S05988,5,68.33,54.08,73.68,38.47,51.6,82.08,80.11,68.49,32.95,0,56.85,58.64,Intermediate
S05989,6,86.25,98.1,97.64,100.0,40.25,100,100.0,100.0,72.95,1,97.24,95.5,Advanced
S05990,5,75.81,81.85,90.81,75.71,63.23,89.81,74.56,60.3,51.1,0,80.54,81.04,Advanced
S05991,2,88.6,96.44,94.43,81.05,45.87,95.41,100.0,100.0,66.15,0,81.33,90.13,Advanced
S05992,10,59.27,65.2,62.42,71.0,45.98,95.9,90.29,66.8,54.36,1,88.72,64.47,Advanced
S05993,2,51.71,33.31,54.95,60.25,43.68,89.95,68.41,60.06,31.4,1,85.79,50.05,Intermediate
S05994,5,76.12,82.67,65.86,58.4,54.32,87.99,70.51,64.21,23.96,0,98.13,70.76,Advanced
S05995,8,80.83,97.0,70.09,74.7,70.55,96.65,96.79,50.47,54.65,0,90.53,80.66,Advanced
S05996,3,71.6,78.55,58.48,61.84,33.41,78.93,100.0,60.86,61.8,2,93.97,67.62,Advanced
S05997,8,61.7,72.44,90.25,68.74,66.78,82.07,100.0,67.01,47.11,0,87.0,73.28,Advanced
S05998,6,42.62,32.63,35.73,34.07,76.93,83.64,41.36,28.49,18.18,1,77.98,36.26,Intermediate
S05999,5,58.31,76.26,77.17,76.28,26.8,87.4,100.0,73.87,60.23,0,68.1,72.0,Advanced
S06000,6,52.47,97.46,87.87,73.64,28.63,82.39,100.0,74.68,64.97,0,37.3,77.86,Advanced
S06001,2,78.4,70.79,71.2,98.86,72.93,80.8,85.41,80.28,51.98,0,86.44,79.81,Advanced
S06002,7,45.33,34.31,33.69,48.21,75.56,88.64,57.09,41.98,17.35,1,72.33,40.39,Intermediate
S06003,2,35.11,54.84,60.67,49.44,88.73,74.65,63.53,39.74,44.64,0,71.31,50.02,Intermediate
S06004,4,66.56,79.48,52.14,52.11,51.97,81.63,79.22,48.29,55.83,0,82.11,62.57,Advanced
S06005,4,86.92,78.85,76.9,56.24,69.92,100,78.51,65.94,47.16,0,70.38,74.73,Advanced
S06006,1,68.49,58.96,55.57,74.4,46.08,86.36,76.58,76.74,40.76,1,80.62,64.35,Advanced
S06007,2,38.2,42.75,31.51,22.62,88.88,73.37,40.27,22.53,4.25,0,76.95,33.77,Beginner
S06008,4,0.21,11.23,29.15,23.15,94.62,82.29,21.35,8.48,0.0,4,85.42,15.93,Beginner
S06009,1,63.12,50.66,42.28,50.01,68.42,76.64,65.79,45.86,34.91,0,89.67,51.52,Intermediate
S06010,3,49.15,54.67,44.63,64.04,51.39,85.29,70.3,58.18,39.85,0,89.47,53.12,Intermediate
S06011,1,55.88,29.29,53.82,30.39,56.12,84.28,64.76,63.9,39.39,0,60.4,42.35,Intermediate
S06012,2,100.0,66.33,80.06,69.71,30.16,94.46,90.63,68.59,69.95,0,52.38,79.03,Advanced
S06013,9,70.02,54.27,45.73,70.65,42.72,91.45,83.38,62.56,55.6,0,70.79,60.17,Intermediate
S06014,7,52.0,55.17,43.2,27.02,93.11,77.54,56.13,47.1,37.64,0,87.94,44.35,Intermediate
S06015,6,56.06,46.21,36.7,59.38,67.9,84.09,52.06,45.11,38.18,0,79.25,49.59,Intermediate
S06016,4,100.0,100.0,79.69,85.11,39.94,95.89,100.0,79.42,63.81,0,95.11,91.2,Advanced
S06017,7,72.68,75.22,97.72,73.37,72.84,100,85.58,92.35,72.81,1,88.37,79.75,Advanced
S06018,2,73.22,58.83,63.48,64.83,95.95,81.0,75.5,72.32,40.59,0,77.85,65.09,Intermediate
S06019,5,33.13,37.5,54.56,28.98,58.27,75.56,49.88,47.75,6.88,0,92.02,38.54,Intermediate
S06020,8,93.17,84.01,71.43,93.7,48.0,82.02,98.18,98.69,58.29,0,80.17,85.58,Advanced
S06021,1,30.19,53.87,69.7,20.58,93.35,70.7,66.51,22.19,30.31,0,46.48,43.59,Beginner
S06022,1,39.33,23.33,36.03,41.31,73.1,85.62,46.43,36.42,14.56,1,72.26,35.0,Beginner
S06023,5,56.68,57.81,66.09,79.47,67.9,90.76,72.36,62.43,52.45,1,95.23,65.01,Advanced
S06024,8,72.37,66.93,76.81,55.82,57.16,99.48,83.86,61.42,70.95,0,73.89,67.98,Advanced
S06025,1,91.19,100.0,100.0,100.0,46.07,100,100.0,100.0,76.84,0,79.35,97.8,Advanced
S06026,8,33.97,36.66,24.49,65.03,76.65,81.3,53.02,23.84,14.03,1,61.55,40.04,Beginner
S06027,1,48.47,28.16,51.35,45.16,35.68,85.11,53.63,46.5,11.25,3,72.55,43.29,Intermediate
S06028,6,9.29,5.7,31.58,40.06,85.29,66.88,36.85,24.52,0.0,1,99.29,21.65,Beginner
S06029,1,56.7,51.54,67.01,58.8,72.18,94.49,81.09,71.64,55.87,1,88.08,58.51,Intermediate
S06030,4,51.54,41.45,54.54,38.49,67.3,100,65.82,40.47,32.84,0,83.87,46.5,Intermediate
S06031,3,68.45,57.96,61.99,53.75,60.7,95.78,68.63,50.9,33.55,1,82.44,60.54,Intermediate
S06032,1,52.03,61.75,48.25,53.89,51.41,78.19,64.64,60.29,39.26,1,86.27,53.98,Intermediate
S06033,3,50.65,63.06,35.93,43.8,75.3,81.21,53.76,41.21,21.1,0,82.76,48.36,Intermediate
S06034,1,48.58,34.4,40.22,48.49,76.99,74.42,61.94,52.95,41.4,0,80.84,42.92,Intermediate
S06035,4,68.06,79.25,76.51,68.76,53.77,85.53,88.25,84.26,58.68,0,92.59,73.15,Advanced
S06036,1,54.76,37.39,45.98,40.27,86.75,84.76,55.8,38.56,33.95,1,85.43,44.6,Beginner
S06037,5,64.25,74.03,57.33,55.63,60.91,70.7,71.51,72.32,39.51,0,92.72,62.81,Intermediate
S06038,3,72.33,42.78,41.64,58.28,76.74,73.72,42.21,44.21,10.14,1,55.58,53.76,Intermediate
S06039,4,72.98,46.43,54.78,74.68,69.71,85.18,74.59,48.65,41.23,0,67.01,62.22,Intermediate
S06040,6,45.38,52.75,38.2,54.7,55.15,71.56,71.45,64.29,35.22,2,96.86,47.76,Intermediate
S06041,11,56.36,74.2,53.57,54.14,61.61,93.76,64.5,57.97,25.19,1,83.57,59.57,Advanced
S06042,1,94.43,100.0,88.81,98.87,35.65,95.16,96.14,76.56,81.48,0,87.25,95.53,Advanced
S06043,4,45.96,54.72,52.1,56.27,66.86,92.88,57.47,43.2,27.39,2,88.17,52.26,Intermediate
S06044,1,48.83,49.41,34.92,49.58,91.1,88.81,64.62,43.67,10.01,1,75.0,45.68,Beginner
S06045,8,88.38,88.21,100.0,93.04,30.16,99.85,100.0,100.0,85.12,0,100.0,92.41,Advanced
S06046,3,45.32,49.77,61.34,69.77,29.14,81.09,69.7,50.1,48.32,0,87.73,56.55,Advanced
S06047,9,90.41,57.45,67.44,80.39,28.63,94.11,84.61,67.68,43.25,0,68.39,73.92,Advanced
S06048,1,16.19,32.69,27.55,30.63,67.18,79.66,48.14,42.49,19.31,1,83.64,26.76,Beginner
S06049,2,63.72,64.56,63.14,68.27,56.96,87.36,77.77,75.94,38.79,0,99.66,64.92,Advanced
S06050,2,48.78,58.77,47.35,64.43,72.45,88.15,80.67,62.03,58.51,0,82.2,54.83,Advanced
S06051,1,75.94,71.26,85.7,64.59,48.53,93.45,65.35,65.5,37.48,0,84.1,74.37,Advanced
S06052,4,55.11,45.43,52.5,63.44,91.63,81.74,71.69,43.5,20.25,0,86.54,54.12,Intermediate
S06053,5,62.44,85.03,52.15,84.85,61.26,88.8,54.28,61.43,48.12,0,57.73,71.12,Intermediate
S06054,3,64.1,89.37,57.69,65.01,50.89,94.42,68.01,68.88,48.69,0,76.39,69.04,Advanced
S06055,2,72.07,81.55,50.96,54.16,65.26,100,78.51,77.9,37.98,0,100.0,64.68,Advanced
S06056,4,48.6,46.75,66.87,56.85,91.6,77.44,61.69,29.83,34.24,2,82.43,54.77,Intermediate
S06057,10,82.24,51.19,52.17,44.25,57.87,93.77,68.78,31.08,16.83,1,59.79,57.46,Intermediate
S06058,4,40.73,84.13,39.84,52.28,63.32,76.27,83.11,67.9,63.92,0,54.59,54.25,Intermediate
S06059,3,62.17,84.31,65.13,89.43,50.61,95.56,95.02,77.87,55.1,0,57.51,75.26,Advanced
S06060,4,20.85,4.97,20.41,12.14,70.28,79.33,37.74,30.03,7.81,3,68.98,14.59,Beginner
S06061,3,60.54,65.79,40.48,39.49,41.6,80.58,66.44,47.0,46.36,0,97.89,51.58,Intermediate
S06062,6,56.33,97.3,65.07,51.74,60.67,93.52,86.84,79.89,53.98,0,48.03,67.61,Advanced
S06063,4,71.48,67.09,56.95,41.59,67.92,79.66,63.04,83.01,57.73,0,93.09,59.28,Advanced
S06064,3,23.91,31.22,38.02,28.69,80.17,81.34,37.81,28.31,13.05,0,95.53,30.46,Beginner
S06065,3,70.73,59.58,69.33,64.97,58.04,78.88,86.0,77.0,54.16,0,91.65,66.15,Intermediate
S06066,8,54.01,62.06,57.23,69.11,57.6,93.66,63.87,64.0,35.76,0,85.71,60.6,Intermediate
S06067,8,70.69,44.74,56.3,42.73,75.52,78.58,69.81,49.53,6.43,4,65.34,53.61,Intermediate
S06068,3,90.52,56.65,82.84,59.89,55.07,93.72,97.99,86.77,58.91,0,60.47,72.48,Advanced
S06069,5,98.03,88.7,89.38,86.53,55.48,100,81.07,78.02,59.8,0,85.52,90.66,Advanced
S06070,6,81.6,88.25,62.03,89.88,62.24,84.86,87.88,79.01,51.73,0,79.23,80.44,Advanced
S06071,1,46.01,53.27,32.22,36.8,64.95,87.97,51.0,35.71,25.21,1,86.44,42.08,Intermediate
S06072,8,69.31,53.59,66.88,28.27,66.23,86.78,46.16,48.88,30.84,3,62.11,54.51,Intermediate
S06073,5,50.5,59.11,61.36,55.88,92.0,88.22,62.81,39.2,36.91,0,84.36,56.71,Intermediate
S06074,2,29.71,30.12,30.46,59.53,63.28,91.55,47.37,29.75,4.98,1,82.12,37.46,Beginner
S06075,3,44.6,23.95,68.04,53.25,104.93,84.19,56.57,45.36,25.47,0,74.49,47.46,Intermediate
S06076,3,13.01,34.15,21.62,14.68,110.98,70.17,31.89,24.23,0.0,3,84.93,20.87,Beginner
S06077,5,68.89,72.5,49.58,56.0,63.36,85.99,61.05,50.92,37.08,0,94.97,61.74,Intermediate
S06078,5,87.83,83.02,76.9,65.63,46.68,93.34,88.65,77.43,70.02,0,94.82,78.35,Advanced
S06079,4,42.74,49.96,52.8,40.12,59.59,82.25,69.63,41.27,57.1,2,93.18,46.41,Intermediate
S06080,5,87.6,78.91,89.6,100.0,69.06,92.51,85.48,94.0,54.51,0,84.12,89.03,Advanced
S06081,4,30.97,24.86,24.32,63.33,85.81,72.97,56.63,9.4,2.54,3,76.73,35.87,Beginner
S06082,1,19.68,35.79,25.59,40.15,86.21,82.47,28.78,28.75,5.3,3,75.5,30.3,Beginner
S06083,1,40.65,46.29,46.18,60.24,87.24,88.09,68.51,51.81,50.87,2,87.86,48.34,Intermediate
S06084,5,48.98,58.54,39.02,57.73,45.08,86.63,63.04,29.27,42.57,0,69.98,51.07,Intermediate
S06085,2,81.39,88.01,100.0,73.72,19.8,90.25,90.18,71.83,65.63,0,83.47,85.78,Advanced
S06086,5,51.3,59.09,47.26,59.19,75.38,100,74.25,58.83,37.73,0,82.29,54.21,Intermediate
S06087,1,59.07,70.7,65.8,48.04,60.74,82.97,72.94,74.69,36.56,0,79.58,60.9,Intermediate
S06088,2,63.75,31.31,38.73,39.57,70.63,80.83,73.78,56.34,33.09,1,65.62,43.34,Intermediate
S06089,4,80.76,63.26,100.0,61.38,42.91,99.4,89.97,79.38,72.1,0,59.88,76.35,Advanced
S06090,5,49.05,31.86,24.41,59.15,65.69,79.76,47.19,46.28,27.89,1,66.32,41.12,Beginner
S06091,5,100.0,77.34,86.53,100.0,43.38,90.8,98.94,94.05,74.13,0,69.69,90.97,Advanced
S06092,8,56.35,47.03,63.29,60.87,44.24,93.38,91.55,48.74,56.6,1,92.71,56.89,Intermediate
S06093,7,66.23,71.67,83.22,84.95,56.77,96.25,91.34,70.97,78.95,0,94.66,76.52,Advanced
S06094,1,80.5,89.7,84.43,63.61,63.77,78.13,77.41,71.58,70.06,1,66.67,79.56,Advanced
S06095,10,55.52,41.37,41.89,37.98,81.66,82.25,68.73,44.86,30.31,2,92.19,44.19,Intermediate
S06096,4,75.77,79.73,67.44,84.17,50.1,86.17,83.27,67.44,62.51,1,86.48,76.78,Advanced
S06097,8,49.84,62.11,59.48,69.37,58.91,99.17,81.57,55.66,48.1,1,80.67,60.2,Advanced
S06098,4,63.81,36.83,84.07,62.74,54.0,98.34,79.41,66.84,49.67,0,60.08,61.86,Intermediate
S06099,2,51.47,38.59,81.45,71.11,63.75,97.95,79.55,59.93,48.63,0,78.11,60.66,Advanced
S06100,3,63.06,66.03,56.72,58.1,73.5,82.85,58.14,59.45,26.0,2,93.02,60.98,Intermediate
S06101,4,65.24,73.38,82.35,56.7,59.29,100,78.25,75.97,45.98,1,75.21,69.42,Advanced
S06102,1,64.24,57.55,36.95,74.98,78.09,78.32,84.14,58.25,49.68,0,84.16,58.43,Intermediate
S06103,1,41.4,55.4,40.8,57.51,40.04,87.81,54.05,50.11,11.88,0,75.02,48.78,Intermediate
S06104,1,61.78,49.56,70.87,43.05,84.7,80.37,74.02,54.75,51.41,0,75.02,56.32,Intermediate
S06105,7,68.9,78.91,67.03,65.01,73.66,93.73,73.21,80.43,52.82,1,90.28,69.96,Advanced
S06106,6,45.22,53.67,29.43,23.3,65.89,95.77,69.86,58.01,35.4,2,93.95,37.91,Intermediate
S06107,4,81.94,74.73,56.38,47.22,46.3,78.65,85.45,83.21,50.5,0,90.88,65.07,Advanced
S06108,6,73.67,61.14,69.06,47.83,46.14,98.05,69.74,50.96,36.22,1,82.62,62.92,Advanced
S06109,5,75.69,61.36,45.71,69.95,84.99,86.9,88.28,37.08,26.98,0,70.34,63.18,Intermediate
S06110,7,70.12,72.78,88.63,83.9,40.34,79.85,95.76,96.57,65.56,0,87.11,78.86,Advanced
S06111,4,69.89,73.32,79.77,62.0,58.46,97.6,69.06,59.73,65.99,0,82.53,71.24,Advanced
S06112,3,45.57,52.66,50.53,31.59,99.51,88.43,51.41,37.74,19.15,1,75.16,45.09,Beginner
S06113,5,65.36,82.59,55.36,44.25,68.05,93.25,80.99,49.44,36.13,0,82.24,61.89,Advanced
S06114,5,79.58,89.04,81.75,67.32,60.67,80.05,89.96,70.37,48.45,0,76.02,79.42,Advanced
S06115,4,52.26,54.51,40.08,65.45,65.87,86.86,69.92,59.49,39.81,0,90.06,53.07,Intermediate
S06116,5,81.71,65.26,46.17,74.0,49.83,91.97,75.9,62.23,52.51,0,64.05,66.79,Intermediate
S06117,7,63.47,55.19,64.45,56.45,87.11,73.77,69.14,59.06,45.3,0,85.08,59.89,Intermediate
S06118,8,55.0,62.74,54.63,88.46,48.17,85.84,93.56,68.61,61.87,0,76.57,65.21,Intermediate
S06119,3,58.81,27.26,34.18,35.59,47.24,79.69,59.43,52.23,29.67,1,61.85,38.96,Beginner
S06120,4,58.84,71.31,73.84,58.02,52.73,96.27,75.76,61.6,41.67,0,94.35,65.5,Advanced
S06121,4,89.26,83.53,94.77,83.81,35.51,96.31,95.29,97.46,72.53,0,81.87,87.84,Advanced
S06122,2,46.69,49.23,43.15,66.93,51.05,92.76,63.98,42.06,33.29,0,68.04,51.5,Beginner
S06123,6,28.44,22.41,30.26,7.03,83.07,75.1,38.86,43.53,28.24,1,75.33,22.03,Beginner
S06124,3,52.35,55.7,39.76,51.62,77.65,96.49,69.31,70.86,15.81,1,97.98,49.86,Intermediate
S06125,6,63.15,70.97,64.85,32.61,68.84,88.19,79.14,57.63,48.14,0,63.99,57.89,Intermediate
S06126,3,48.24,52.81,72.9,73.49,48.27,83.9,70.92,66.04,29.81,2,90.36,61.86,Advanced
S06127,7,70.24,69.52,98.47,60.5,75.26,86.2,76.27,70.15,53.55,0,79.02,74.68,Advanced
S06128,1,97.65,96.05,79.6,85.24,41.39,100,100.0,100.0,81.53,0,89.33,89.63,Advanced
S06129,4,52.5,58.8,46.09,35.9,67.08,92.6,72.14,53.03,41.3,0,88.43,48.32,Intermediate
S06130,7,73.88,76.68,78.6,48.1,34.37,100,91.64,76.97,57.62,0,81.11,69.32,Advanced
S06131,2,57.21,27.81,81.57,42.16,61.1,86.83,58.16,29.57,22.38,0,51.3,52.19,Intermediate
S06132,5,74.36,84.38,85.43,86.93,34.14,100,82.66,80.71,68.03,1,88.07,82.77,Advanced
S06133,4,84.99,97.42,72.97,100.0,50.4,100,95.79,60.83,55.12,0,60.68,88.84,Advanced
S06134,3,19.97,20.13,34.46,33.15,101.35,85.69,56.79,40.72,6.92,1,100.0,26.93,Beginner
S06135,5,85.36,73.47,82.94,75.03,42.04,82.04,76.25,85.79,50.98,0,85.69,79.2,Advanced
S06136,4,92.46,97.68,100.0,76.66,58.55,100,91.1,89.94,80.54,0,73.69,91.7,Advanced
S06137,4,18.73,26.55,4.01,39.38,91.1,66.53,18.35,7.09,18.85,2,81.13,22.17,Beginner
S06138,4,62.3,67.14,82.6,87.04,63.26,86.56,77.8,60.42,59.98,0,89.55,74.77,Advanced
S06139,1,64.23,82.75,85.13,78.08,45.83,100,99.24,89.67,57.9,0,83.49,77.55,Advanced
S06140,5,32.1,35.42,33.91,46.8,63.87,59.38,38.97,25.14,10.59,0,87.33,37.06,Beginner
S06141,7,60.43,82.18,83.85,65.77,69.54,100,84.94,76.43,52.97,0,68.5,73.06,Advanced
S06142,1,64.3,73.15,60.07,82.86,64.05,85.06,90.34,55.92,27.28,0,72.68,70.1,Intermediate
S06143,4,55.72,81.01,71.95,60.52,52.8,98.22,81.91,62.5,60.51,2,58.62,67.3,Advanced
S06144,5,35.43,28.68,32.36,30.19,71.61,81.23,48.92,30.44,0.0,0,91.32,31.67,Beginner
S06145,6,56.51,50.08,64.54,34.2,56.25,100,59.06,48.93,32.59,2,76.5,51.33,Intermediate
S06146,4,58.4,48.64,77.01,55.27,64.53,78.73,70.2,49.31,37.86,0,92.11,59.83,Intermediate
S06147,9,80.85,77.03,69.39,50.22,56.11,89.77,100.0,59.42,73.64,0,73.05,69.37,Advanced
S06148,3,44.49,29.5,50.48,46.54,84.47,83.13,58.96,49.62,20.61,3,92.58,42.75,Beginner
S06149,7,11.21,22.53,28.63,17.66,74.95,76.86,49.22,25.0,21.89,3,71.66,20.01,Beginner
S06150,5,61.13,88.59,84.45,89.53,45.51,94.29,100.0,71.02,52.81,1,70.75,80.93,Advanced
S06151,10,55.48,67.58,63.32,76.22,76.43,82.14,49.45,25.9,31.61,1,94.02,65.65,Intermediate
S06152,4,79.03,63.69,86.5,58.81,57.59,78.99,93.58,70.77,81.06,0,79.13,72.01,Advanced
S06153,4,75.02,61.79,53.54,57.87,55.83,95.31,87.06,68.47,44.57,0,80.81,62.06,Advanced
S06154,7,43.29,38.72,49.92,47.17,80.21,85.26,80.35,55.4,36.2,0,100.0,44.77,Beginner
S06155,5,68.73,73.15,64.82,46.6,62.87,100,92.61,76.88,65.13,0,96.75,63.32,Advanced
S06156,5,39.46,36.09,71.07,17.66,55.87,87.85,53.41,56.71,26.58,2,62.39,41.07,Intermediate
S06157,10,65.7,85.05,75.04,84.88,41.0,92.07,80.69,82.19,48.04,0,79.69,77.67,Advanced
S06158,3,60.4,59.04,78.36,57.6,41.71,85.85,67.66,64.38,39.47,0,77.09,63.85,Intermediate
S06159,3,28.6,44.33,37.63,25.39,52.55,86.93,46.41,39.56,7.74,0,89.87,33.99,Beginner
S06160,1,100.0,87.34,98.34,62.99,50.46,91.55,87.16,92.13,76.36,0,71.66,87.17,Advanced
S06161,7,80.81,73.07,76.97,100.0,60.38,89.68,93.33,64.73,87.52,0,74.89,82.71,Advanced
S06162,3,46.99,32.74,58.02,42.45,88.11,79.46,60.13,58.26,26.86,2,84.62,45.05,Intermediate
S06163,5,22.52,26.95,21.14,48.73,92.11,68.79,50.09,24.53,25.23,1,77.74,29.84,Beginner
S06164,1,64.45,77.09,54.32,78.81,78.29,95.13,75.22,65.25,27.97,1,72.41,68.67,Advanced
S06165,3,61.59,60.61,60.02,73.6,51.18,96.89,92.05,59.3,25.8,2,100.0,63.95,Advanced
S06166,9,48.64,43.85,51.23,64.85,76.14,74.69,53.46,38.46,26.01,3,89.51,52.14,Intermediate
S06167,3,63.3,69.28,43.0,67.74,58.28,96.75,74.02,66.88,56.42,0,87.44,60.83,Intermediate
S06168,8,43.44,24.11,53.1,52.25,65.03,87.01,72.35,52.54,33.7,0,76.72,43.23,Beginner
S06169,6,77.59,66.1,85.07,66.51,46.76,93.59,96.41,86.04,51.71,0,77.13,73.82,Advanced
S06170,3,48.9,63.05,31.91,28.54,93.7,86.94,53.88,35.09,7.37,2,72.19,43.1,Beginner
S06171,1,38.82,41.84,53.83,28.69,79.65,84.04,43.54,28.42,28.03,2,77.57,40.8,Beginner
S06172,2,87.56,66.22,91.81,98.7,73.4,79.43,100.0,97.67,83.68,0,81.48,86.07,Advanced
S06173,1,64.17,44.35,58.67,70.09,46.12,85.0,84.35,42.91,29.85,0,80.23,59.32,Intermediate
S06174,3,78.68,47.12,68.25,49.31,64.45,88.66,62.4,56.08,47.02,0,52.35,60.84,Intermediate
S06175,6,28.78,30.4,44.17,44.11,77.52,87.51,74.87,48.4,32.85,1,83.48,36.87,Beginner
S06176,4,59.51,58.17,55.43,60.61,66.95,82.78,59.43,52.84,21.1,1,94.34,58.43,Intermediate
S06177,1,11.56,51.5,38.36,27.61,87.38,87.42,44.49,44.01,20.44,2,51.59,32.26,Beginner
S06178,1,53.16,45.67,21.65,49.22,77.24,83.52,49.57,33.98,29.26,4,74.83,42.43,Beginner
S06179,5,56.93,57.74,32.93,49.3,55.93,92.66,61.43,56.42,44.77,0,85.37,49.22,Advanced
S06180,6,45.44,74.38,68.92,60.59,61.82,80.7,54.06,50.9,50.28,1,65.29,62.33,Advanced
S06181,5,60.15,40.13,29.36,47.0,72.55,91.37,63.68,64.15,31.54,1,74.8,44.16,Intermediate
S06182,7,38.25,43.68,20.23,28.26,79.55,73.07,53.6,43.06,11.77,1,92.94,32.61,Beginner
S06183,4,59.02,88.9,59.63,66.97,59.0,94.0,81.54,69.15,20.97,0,54.44,68.63,Advanced
S06184,1,28.53,53.35,47.67,46.21,62.34,90.68,86.04,35.03,35.88,1,72.81,43.94,Beginner
S06185,3,78.43,100.0,94.72,100.0,49.66,93.89,100.0,77.69,45.52,0,70.45,93.29,Advanced
S06186,1,37.07,28.59,40.46,22.1,76.71,92.96,52.34,28.19,25.01,2,79.2,32.06,Beginner
S06187,10,62.5,56.4,57.69,73.0,46.42,96.24,77.25,58.58,42.84,0,81.86,62.4,Advanced
S06188,4,53.76,45.2,68.15,50.46,70.47,86.59,74.3,40.12,24.9,4,83.61,54.39,Intermediate
S06189,5,35.1,39.66,60.63,29.54,72.63,73.2,56.56,32.49,33.05,0,83.18,41.23,Beginner
S06190,4,49.76,51.94,71.42,61.43,77.85,86.24,75.47,71.65,51.79,0,78.19,58.64,Advanced
S06191,1,71.64,89.39,67.38,92.87,47.04,94.55,87.05,71.26,51.55,0,62.46,80.32,Advanced
S06192,1,24.88,21.65,23.21,17.06,74.19,85.8,41.35,28.14,13.76,0,98.54,21.7,Beginner
S06193,7,34.93,61.3,49.2,38.93,76.88,91.62,46.49,58.35,22.72,1,61.04,46.09,Beginner
S06194,4,52.41,50.85,68.84,58.3,65.06,94.67,77.56,46.12,51.05,1,93.98,57.6,Intermediate
S06195,2,66.82,57.93,72.1,70.19,65.01,87.76,69.57,60.62,46.65,0,88.97,66.76,Advanced
S06196,4,55.07,35.37,44.2,61.89,69.05,85.09,80.01,64.86,38.37,0,72.23,49.13,Intermediate
S06197,7,66.08,75.73,72.63,81.07,27.87,99.83,88.59,62.19,66.11,0,80.92,73.88,Advanced
S06198,5,51.98,47.6,26.27,35.73,63.2,77.47,68.23,31.11,24.0,1,95.2,40.4,Intermediate
S06199,4,42.22,33.18,18.94,17.85,72.8,64.65,48.63,35.42,13.09,3,91.41,28.05,Beginner
S06200,1,27.13,21.06,6.96,32.3,83.9,78.64,25.63,23.24,0.0,2,79.88,21.86,Beginner
S06201,2,88.9,84.32,63.83,55.96,42.17,85.15,79.93,73.4,63.37,0,88.0,73.25,Advanced
S06202,8,61.33,57.69,48.08,44.27,48.9,86.72,59.24,74.82,8.3,0,96.92,52.84,Intermediate
S06203,6,44.75,42.38,28.08,59.44,69.58,95.22,60.69,57.52,43.83,1,92.03,43.66,Intermediate
S06204,7,52.43,53.61,61.14,51.79,56.0,100,51.7,57.85,39.09,0,99.03,54.74,Intermediate
S06205,6,52.42,60.47,61.95,55.67,48.2,93.57,80.71,73.06,64.5,0,92.93,57.63,Intermediate
S06206,2,44.16,56.19,39.6,32.56,85.16,82.59,66.58,53.01,29.55,1,79.68,43.13,Beginner
S06207,9,31.24,31.46,50.27,23.9,50.36,86.77,51.02,35.92,18.83,0,82.97,34.22,Beginner
S06208,4,51.35,37.12,47.52,54.02,65.4,65.76,53.95,46.31,42.16,0,74.86,47.5,Intermediate
S06209,3,57.43,82.54,58.14,85.89,53.36,82.7,72.58,58.5,59.86,1,52.96,71.0,Advanced
S06210,5,20.36,32.35,27.71,26.74,80.98,73.73,39.58,38.78,20.02,3,85.08,26.79,Beginner
S06211,6,92.78,83.52,100.0,80.7,41.83,83.88,100.0,100.0,70.42,0,79.11,89.25,Advanced
S06212,6,69.33,43.65,53.38,48.51,53.27,92.58,68.11,68.01,26.48,0,68.99,53.72,Intermediate
S06213,5,40.21,60.4,60.02,19.83,69.6,86.49,65.76,44.3,35.16,0,56.65,45.12,Beginner
S06214,2,86.2,78.19,65.84,76.58,37.35,100,100.0,85.96,83.28,1,76.1,76.7,Advanced
S06215,5,68.77,73.61,83.11,76.54,66.07,79.58,72.35,49.62,40.35,1,97.53,75.51,Advanced
S06216,5,28.08,41.5,59.0,26.38,80.09,94.36,67.29,26.35,34.45,0,50.86,38.74,Beginner
S06217,1,46.8,40.37,47.15,44.92,93.1,91.64,54.97,46.32,17.56,0,89.94,44.81,Beginner
S06218,2,53.94,51.64,45.06,39.61,57.99,98.38,58.22,47.23,38.57,0,92.26,47.56,Intermediate
S06219,3,79.85,66.84,70.89,64.34,66.58,81.43,82.76,50.73,31.75,0,75.02,70.48,Advanced
S06220,10,46.21,26.26,55.85,29.91,72.51,85.37,54.09,40.09,3.2,4,68.12,39.56,Beginner
S06221,2,64.65,73.99,69.53,60.9,49.21,100,87.59,75.63,62.11,1,81.74,67.27,Advanced
S06222,4,44.49,61.15,49.74,55.08,72.1,100,63.61,57.41,29.47,0,71.98,52.62,Intermediate
S06223,4,48.33,60.86,57.74,64.76,54.79,90.15,82.84,56.75,45.44,0,88.23,57.92,Advanced
S06224,5,45.36,82.4,57.49,39.59,58.67,91.99,84.16,62.16,54.9,0,51.44,56.21,Advanced
S06225,5,77.61,41.76,58.38,54.24,51.4,86.64,59.62,53.18,46.59,0,57.26,58.0,Intermediate
S06226,7,47.23,50.51,46.18,40.3,67.88,78.58,65.17,46.96,44.38,2,89.0,46.06,Intermediate
S06227,5,42.49,50.46,41.83,23.35,82.96,88.85,61.84,30.59,16.09,1,77.25,39.53,Beginner
S06228,3,68.5,70.97,67.55,87.73,80.82,100,84.57,64.8,74.72,0,90.09,73.69,Advanced
S06229,5,46.96,42.58,55.28,44.78,54.66,85.45,80.54,54.28,20.81,2,95.63,47.4,Intermediate
S06230,7,51.72,44.37,31.79,37.7,81.46,74.79,70.86,51.33,21.42,1,77.73,41.4,Beginner
S06231,6,46.85,51.85,30.95,33.27,80.87,81.94,50.18,45.34,38.16,2,83.43,40.73,Intermediate
S06232,9,46.71,33.08,59.02,30.37,45.27,100,48.11,27.32,23.24,3,68.63,42.3,Intermediate
S06233,4,88.03,62.57,63.13,68.8,36.27,82.12,86.4,58.64,52.96,0,59.2,70.63,Advanced
S06234,1,38.76,49.49,75.95,51.22,76.73,91.49,76.46,52.23,24.53,0,68.63,53.86,Intermediate
S06235,7,39.86,38.52,43.2,52.32,61.84,72.14,40.72,42.47,17.24,0,90.44,43.47,Beginner
S06236,5,60.05,40.26,30.93,33.16,78.75,80.05,57.05,41.56,35.67,1,83.43,41.1,Beginner
S06237,6,91.77,67.14,67.66,83.78,50.29,90.79,97.32,78.41,73.5,0,64.74,77.59,Advanced
S06238,5,54.73,62.36,81.07,94.75,69.83,96.79,92.18,66.93,66.19,0,93.24,73.23,Advanced
S06239,4,95.15,76.68,71.79,83.23,48.96,88.71,95.77,84.86,81.79,0,62.98,81.71,Advanced
S06240,3,71.13,58.48,47.53,57.14,53.16,89.35,94.66,75.63,75.38,0,80.65,58.57,Intermediate
S06241,1,34.03,37.39,40.29,39.77,60.49,67.71,35.33,8.32,22.74,3,100.0,37.87,Beginner
S06242,6,48.29,40.61,31.51,33.41,78.8,91.03,45.46,30.85,22.92,2,82.21,38.46,Beginner
S06243,4,71.88,60.61,87.26,74.24,69.41,100,78.3,44.18,52.18,0,82.65,73.5,Advanced
S06244,1,71.19,65.91,85.58,54.63,50.05,89.08,100.0,67.52,36.31,0,60.42,69.33,Advanced
S06245,3,51.09,37.31,56.35,22.16,78.52,76.83,67.59,38.24,46.35,1,66.41,41.73,Beginner
S06246,8,100.0,82.98,100.0,91.8,40.64,100,100.0,100.0,81.56,0,83.0,93.69,Advanced
S06247,5,61.66,33.91,57.98,45.88,57.26,91.62,76.31,45.63,27.66,0,54.2,49.86,Intermediate
S06248,5,58.29,53.4,83.5,48.45,81.73,78.28,81.07,45.29,39.9,0,75.21,60.91,Intermediate
S06249,4,81.37,92.3,68.47,64.41,51.6,97.45,80.92,58.08,34.33,0,92.03,76.64,Advanced
S06250,1,58.08,44.21,41.51,58.54,72.74,69.28,57.75,50.42,45.88,0,72.44,50.58,Intermediate
S06251,4,79.58,72.48,59.52,42.47,54.65,81.6,75.22,65.1,33.0,0,96.86,63.51,Advanced
S06252,2,73.85,79.04,68.3,70.49,45.21,89.29,79.45,76.08,72.48,0,98.15,72.92,Advanced
S06253,8,49.17,41.61,40.69,48.8,56.17,73.58,62.13,25.95,39.14,2,90.36,45.07,Beginner
S06254,7,65.74,56.98,63.53,24.89,70.96,77.16,76.7,66.95,39.29,2,80.96,52.79,Intermediate
S06255,6,28.7,19.91,28.83,25.29,78.03,74.28,29.77,9.79,0.0,4,90.63,25.68,Beginner
S06256,2,38.98,57.32,37.74,33.41,63.67,90.22,64.38,47.56,21.45,1,84.78,41.86,Intermediate
S06257,3,83.59,70.79,63.32,63.25,70.64,84.42,72.67,58.62,60.3,0,92.0,70.24,Advanced
S06258,4,62.7,48.57,89.42,73.22,48.99,86.74,100.0,86.48,79.45,0,90.26,68.48,Advanced
S06259,3,80.02,71.23,52.26,82.62,64.54,95.35,70.89,65.12,50.3,0,78.39,71.53,Intermediate
S06260,5,36.18,47.41,23.87,33.77,91.53,69.55,58.27,38.65,29.63,2,89.36,35.31,Beginner
S06261,6,89.42,43.6,59.39,79.86,87.66,88.32,76.58,69.98,49.88,0,39.19,68.06,Advanced
S06262,8,22.46,28.18,18.85,39.21,60.96,85.53,60.19,48.34,8.14,2,91.49,27.18,Beginner
S06263,3,25.65,20.43,40.62,35.4,64.54,75.89,55.93,48.84,18.85,2,91.88,30.52,Beginner
S06264,6,28.74,37.86,6.21,42.77,79.91,87.09,65.24,48.16,48.13,0,66.12,28.89,Beginner
S06265,5,75.95,74.13,40.73,60.99,62.97,93.82,94.39,73.75,65.97,0,85.16,62.95,Advanced
S06266,7,68.37,49.38,60.12,83.19,61.58,87.88,81.04,57.0,45.65,0,61.2,65.27,Intermediate
S06267,2,60.54,59.14,62.78,73.33,42.51,81.63,84.95,55.88,38.37,0,98.35,63.95,Advanced
S06268,4,77.57,55.18,42.33,51.29,54.11,67.72,98.3,56.71,44.02,1,77.81,56.59,Intermediate
S06269,12,43.83,31.3,52.09,47.25,76.42,66.81,65.17,36.23,38.5,1,70.85,43.62,Beginner
S06270,9,56.34,67.15,69.96,49.32,62.93,99.34,52.34,54.28,48.16,0,86.18,60.69,Advanced
S06271,8,41.47,68.62,44.78,42.91,73.13,97.58,78.94,63.49,51.32,0,66.72,49.45,Intermediate
S06272,2,53.61,31.36,50.02,51.41,50.49,71.26,55.54,41.71,27.91,3,75.09,46.6,Intermediate
S06273,1,93.41,81.51,91.3,92.96,55.07,93.34,96.91,95.43,75.68,0,76.01,89.8,Advanced
S06274,7,22.86,0.0,6.16,10.79,91.03,69.24,18.03,5.95,0.0,2,69.21,9.95,Beginner
S06275,5,64.82,57.97,100.0,87.88,40.77,100,97.48,93.08,70.7,0,68.15,77.67,Advanced
S06276,8,22.15,37.72,32.81,34.03,87.87,90.77,46.91,43.06,3.18,1,96.24,31.68,Intermediate
S06277,3,68.89,58.73,34.17,54.05,53.48,90.63,82.48,78.08,58.87,1,75.35,53.96,Advanced
S06278,7,55.55,52.97,65.88,38.04,56.39,85.4,48.35,39.84,24.45,1,88.19,53.11,Intermediate
S06279,2,68.44,59.24,53.41,34.51,57.25,82.16,76.09,87.74,43.14,0,87.94,53.9,Intermediate
S06280,1,34.61,52.19,61.09,78.66,65.9,76.04,73.27,57.72,13.54,2,59.41,56.64,Intermediate
S06281,9,71.81,80.94,68.44,68.52,51.86,89.42,80.51,83.83,64.91,0,79.95,72.43,Advanced
S06282,3,60.13,34.85,50.64,61.59,53.1,91.3,74.58,53.0,45.41,0,57.06,51.8,Intermediate
S06283,7,51.69,46.37,41.92,42.8,65.11,70.71,44.34,38.17,22.81,2,93.33,45.7,Intermediate
S06284,7,63.16,47.38,67.07,48.14,60.52,100,96.3,82.24,58.05,0,83.06,56.44,Advanced
S06285,3,67.36,61.89,59.5,81.7,59.54,100,85.54,67.64,71.95,1,82.74,67.61,Advanced
S06286,3,56.8,60.88,59.91,32.55,66.31,86.52,43.48,77.94,51.59,0,81.07,52.53,Advanced
S06287,1,81.68,71.04,46.19,46.8,65.25,85.32,70.89,48.47,44.75,0,99.62,61.43,Intermediate
S06288,4,46.28,63.87,28.59,64.96,92.5,64.14,48.03,66.28,44.29,1,56.64,50.93,Intermediate
S06289,3,60.79,56.64,61.91,38.13,54.84,89.98,59.25,61.37,49.63,1,81.84,54.37,Intermediate
S06290,4,18.42,30.58,41.78,15.33,80.61,75.64,43.49,21.52,1.97,0,76.64,26.53,Beginner
S06291,2,60.69,77.64,49.86,47.47,80.43,80.82,67.33,63.86,39.67,0,83.64,58.92,Advanced
S06292,7,47.42,68.21,60.5,52.17,53.71,89.56,72.98,63.97,38.07,0,78.97,57.07,Advanced
S06293,7,75.27,78.73,69.46,75.67,46.14,93.47,94.48,62.95,55.25,0,93.27,74.78,Advanced
S06294,12,51.98,62.82,81.92,75.96,61.75,82.57,73.57,65.87,71.6,0,82.59,68.17,Advanced
S06295,9,49.36,32.53,38.34,52.97,69.05,86.86,62.03,52.57,19.44,1,76.42,43.3,Beginner
S06296,2,0.0,5.16,18.18,31.27,87.41,85.09,34.6,9.99,12.46,4,95.07,13.65,Beginner
S06297,3,81.79,82.64,75.76,92.55,54.25,83.01,96.64,65.26,45.28,2,92.55,83.19,Advanced
S06298,7,67.68,42.19,27.76,43.45,78.19,97.85,49.07,35.93,25.21,1,73.94,45.27,Intermediate
S06299,1,73.47,54.09,75.15,77.62,37.75,100,87.71,71.57,39.72,0,70.36,70.08,Advanced
S06300,4,66.3,80.44,65.58,49.4,66.36,72.96,72.07,49.16,61.55,0,86.0,65.43,Intermediate
S06301,3,70.35,40.62,35.08,70.2,55.93,70.66,57.47,41.1,22.19,1,50.33,54.06,Beginner
S06302,3,33.48,23.58,28.46,27.76,88.95,80.91,32.92,19.06,0.0,2,85.02,28.32,Beginner
S06303,5,84.26,74.17,60.98,82.61,43.07,92.86,89.51,71.26,71.44,0,85.76,75.5,Advanced
S06304,4,57.68,51.93,51.25,67.54,65.85,93.4,56.9,54.33,35.15,1,92.09,57.1,Intermediate
S06305,5,33.05,39.06,28.49,46.06,74.83,68.07,60.99,44.21,10.65,1,86.84,36.67,Beginner
S06306,1,87.59,63.53,69.41,70.19,65.85,93.67,98.71,80.5,59.61,0,72.28,72.68,Advanced
S06307,1,38.07,47.53,48.49,65.74,41.58,88.27,81.7,55.72,31.48,0,72.12,49.96,Intermediate
S06308,7,50.22,47.34,56.21,35.48,73.28,85.83,44.69,37.55,32.34,1,91.89,47.31,Beginner
S06309,7,19.1,45.17,33.58,25.01,102.07,76.65,20.26,18.21,10.66,1,65.99,30.72,Beginner
S06310,10,67.01,85.46,80.06,62.51,62.46,100,83.32,65.68,47.76,0,62.38,73.76,Advanced
S06311,7,84.06,71.59,59.01,50.05,50.62,90.61,73.51,64.05,49.28,0,78.53,66.18,Intermediate
S06312,3,24.21,28.49,35.32,34.72,105.14,66.38,54.58,33.65,14.65,3,94.63,30.69,Beginner
S06313,4,34.08,42.78,59.09,44.64,71.85,77.88,53.95,43.58,31.93,2,79.71,45.15,Beginner
S06314,5,88.36,100.0,96.78,65.44,37.06,91.3,100.0,77.79,88.09,0,72.66,87.64,Advanced
S06315,7,71.63,91.99,90.51,81.45,48.39,100,100.0,89.85,64.03,0,74.46,83.89,Advanced
S06316,10,59.52,52.05,49.08,55.46,60.11,79.14,59.72,59.58,44.05,0,89.28,54.03,Intermediate
S06317,5,47.35,54.55,50.86,29.54,78.58,76.76,60.44,55.54,40.14,0,84.78,45.57,Intermediate
S06318,1,38.02,59.41,54.67,52.82,62.74,84.66,73.68,39.58,24.02,0,76.83,51.23,Intermediate
S06319,5,47.44,40.19,50.05,48.63,47.49,75.11,60.31,61.84,32.9,0,86.57,46.58,Intermediate
S06320,5,62.62,83.74,91.43,60.8,58.97,100,96.06,77.54,61.91,0,67.97,74.65,Advanced
S06321,5,49.88,43.37,70.84,41.67,73.56,87.09,69.28,57.3,33.15,1,70.73,51.44,Intermediate
S06322,6,39.74,19.87,66.72,16.42,63.75,91.89,56.31,25.64,17.78,1,59.01,35.69,Beginner
S06323,3,37.0,26.88,43.47,31.8,102.11,90.65,67.9,46.37,22.11,1,74.19,34.79,Beginner
S06324,5,40.47,67.98,60.11,26.12,84.44,78.23,68.92,28.05,40.74,0,66.33,48.67,Beginner
S06325,5,67.13,81.4,70.13,51.88,74.9,92.09,63.5,73.3,50.92,0,70.16,67.63,Advanced
S06326,1,43.96,24.78,43.51,11.75,84.22,65.88,36.57,23.48,1.15,2,69.3,31.0,Beginner
S06327,4,23.68,18.88,30.49,66.41,75.72,81.16,42.34,37.76,4.73,1,70.85,34.86,Beginner
S06328,1,58.27,81.27,80.04,53.91,59.29,78.65,88.97,67.58,46.84,0,61.53,68.37,Advanced
S06329,5,63.87,44.57,61.51,41.31,68.38,87.98,78.07,41.64,21.44,0,77.47,52.81,Intermediate
S06330,4,27.57,16.57,21.17,32.98,46.96,70.13,49.79,24.46,11.66,0,85.15,24.57,Beginner
S06331,2,90.99,76.9,87.6,100.0,47.98,90.38,100.0,82.4,59.92,0,80.01,88.87,Advanced
S06332,8,63.22,86.01,86.66,84.17,45.68,97.17,100.0,71.82,62.54,2,80.0,80.02,Advanced
S06333,5,87.51,98.6,96.08,68.88,60.14,86.08,91.22,85.55,72.58,0,76.87,87.77,Advanced
S06334,2,58.63,51.87,27.6,50.76,81.16,78.66,68.4,60.47,53.56,0,71.27,47.22,Intermediate
S06335,1,77.17,85.15,57.1,79.06,60.48,83.8,78.04,65.35,41.68,0,74.6,74.62,Advanced
S06336,5,22.45,12.15,42.06,19.62,96.05,79.85,51.29,25.23,17.47,2,81.7,24.07,Beginner
S06337,4,90.43,51.72,65.58,60.53,70.01,68.07,66.16,68.22,71.93,0,48.86,67.06,Intermediate
S06338,1,47.66,41.48,41.24,53.57,51.43,89.75,67.77,40.33,41.52,0,96.72,45.99,Intermediate
S06339,4,13.28,27.77,6.04,18.02,92.19,59.44,39.36,14.98,0.0,4,85.92,16.28,Beginner
S06340,8,42.71,49.88,61.94,55.57,75.41,90.39,71.89,56.13,19.03,1,88.14,52.52,Intermediate
S06341,5,41.08,38.08,44.08,46.91,78.95,72.51,50.5,22.72,32.39,2,93.46,42.54,Intermediate
S06342,1,63.34,42.79,61.65,49.22,92.92,91.66,73.27,48.15,40.03,0,71.74,54.25,Intermediate
S06343,2,67.97,73.15,39.06,52.92,42.55,75.04,80.35,65.79,49.13,1,97.65,58.27,Intermediate
S06344,3,53.41,64.7,80.7,49.91,70.87,87.19,81.04,73.72,61.72,0,75.58,62.18,Advanced
S06345,5,50.86,28.79,39.04,42.53,46.88,85.77,55.83,40.87,49.24,2,69.84,40.31,Beginner
S06346,2,67.82,72.49,63.51,49.29,71.16,82.35,66.31,69.27,67.97,0,86.18,63.28,Advanced
S06347,9,41.73,36.65,45.93,44.6,65.85,72.11,52.22,28.61,0.0,3,93.11,42.23,Beginner
S06348,4,45.3,64.74,48.21,63.06,73.03,86.92,77.75,79.5,62.11,0,75.93,55.33,Intermediate
S06349,8,58.75,82.75,40.23,26.53,64.86,84.38,62.15,47.99,52.62,0,65.71,52.07,Intermediate
S06350,5,67.34,65.43,48.39,43.97,51.22,82.33,68.34,39.16,33.18,2,100.0,56.28,Intermediate
S06351,1,99.21,100.0,98.28,95.65,39.8,100,100.0,97.73,57.22,0,93.78,98.29,Advanced
S06352,4,34.48,62.86,67.03,58.99,39.33,99.63,76.86,49.09,59.78,0,70.59,55.84,Intermediate
S06353,1,56.54,43.91,46.31,57.98,64.17,91.18,65.8,51.04,53.57,3,77.79,51.18,Intermediate
S06354,12,89.67,46.42,59.24,65.39,58.49,94.06,86.22,93.4,38.67,0,52.36,65.18,Advanced
S06355,4,48.01,41.2,50.91,63.2,73.21,77.92,57.45,62.81,53.3,1,81.37,50.83,Intermediate
S06356,2,63.81,58.04,51.67,62.4,70.51,83.15,64.95,65.3,71.49,0,80.94,58.98,Advanced
S06357,1,61.92,64.47,81.8,61.39,63.92,80.89,51.86,54.02,57.72,0,90.08,67.39,Advanced
S06358,3,57.58,68.9,63.08,82.63,73.39,85.8,71.84,57.17,62.18,0,78.05,68.05,Advanced
S06359,9,50.66,54.16,38.76,55.67,67.38,77.51,68.7,57.61,55.84,0,77.36,49.81,Intermediate
S06360,1,49.83,35.38,41.71,50.53,76.77,88.15,65.21,40.52,29.43,0,84.21,44.36,Intermediate
S06361,3,70.89,65.92,54.51,83.71,58.53,93.29,84.54,68.79,47.96,2,85.33,68.76,Intermediate
S06362,5,91.73,96.36,84.16,99.1,39.45,100,98.88,77.5,56.1,0,89.92,92.84,Advanced
S06363,4,62.12,41.6,62.41,60.25,81.67,91.13,72.36,71.0,33.12,0,70.71,56.6,Intermediate
S06364,5,52.69,52.47,43.4,39.19,77.63,90.88,84.41,48.83,51.46,0,79.98,46.94,Intermediate
S06365,3,35.1,55.55,66.75,38.61,77.38,74.85,76.02,61.61,38.45,2,51.47,49.0,Intermediate
S06366,2,85.79,99.46,97.86,95.99,36.64,100,100.0,88.34,85.41,0,83.96,94.77,Advanced
S06367,1,94.64,88.54,72.72,93.81,48.46,92.16,92.01,89.22,53.6,0,76.73,87.43,Advanced
S06368,4,54.94,24.06,41.32,30.49,69.68,75.71,37.72,26.65,30.26,1,65.8,37.7,Beginner
S06369,3,57.09,81.38,85.73,59.23,60.72,96.5,94.2,66.06,33.11,0,58.89,70.86,Advanced
S06370,3,45.87,39.37,68.24,57.43,64.83,78.11,63.5,44.92,44.25,2,83.09,52.73,Intermediate
S06371,6,78.95,87.43,82.31,64.94,69.1,95.08,100.0,89.34,50.31,0,64.26,78.41,Advanced
S06372,2,53.27,62.62,67.37,61.21,57.41,91.38,75.74,57.86,42.33,1,90.57,61.11,Advanced
S06373,3,68.8,85.48,57.25,60.46,63.39,85.12,86.24,82.75,65.03,0,74.6,68.0,Advanced
S06374,8,55.4,53.75,37.33,46.37,50.96,80.28,72.78,65.35,32.96,1,95.2,48.21,Intermediate
S06375,8,74.63,51.37,88.76,68.62,70.33,100,84.14,88.02,50.21,0,66.58,70.84,Advanced
S06376,1,80.96,100.0,100.0,95.04,39.67,95.89,100.0,80.11,87.54,0,83.16,94.0,Advanced
S06377,5,80.98,78.02,50.11,92.48,73.59,92.23,78.58,100.0,55.73,0,77.68,75.4,Advanced
S06378,10,47.71,19.55,37.77,50.4,51.86,84.21,59.66,23.73,44.7,0,66.87,38.86,Beginner
S06379,2,52.57,41.15,47.01,59.09,71.42,85.46,71.3,67.36,36.23,2,81.84,49.95,Intermediate
S06380,6,45.71,70.17,69.48,90.01,45.92,84.5,77.39,67.27,41.28,0,56.95,68.84,Intermediate
S06381,4,32.68,42.94,43.45,41.76,66.86,94.11,70.49,48.06,12.21,2,86.16,40.21,Intermediate
S06382,5,80.6,100.0,99.22,82.97,55.3,92.73,91.79,57.68,73.83,0,69.07,90.7,Advanced
S06383,4,83.93,59.88,65.84,66.42,58.53,87.56,81.63,68.35,55.43,2,67.77,69.02,Advanced
S06384,5,46.01,52.8,76.91,64.88,55.51,88.7,84.39,70.35,52.68,1,80.27,60.15,Intermediate
S06385,6,22.62,48.53,44.76,33.5,47.82,74.67,56.94,39.41,11.66,1,54.1,37.35,Beginner
S06386,6,56.03,55.5,29.51,56.38,68.78,67.42,55.06,55.43,52.78,0,76.0,49.36,Intermediate
S06387,3,54.79,49.81,59.74,75.72,58.23,85.5,87.52,77.86,50.94,0,80.39,60.01,Advanced
S06388,4,15.63,15.8,45.06,43.51,92.12,66.45,7.46,28.74,0.0,3,100.0,30.0,Beginner
S06389,6,68.83,67.84,57.17,81.05,55.94,81.01,84.23,60.53,40.27,0,84.4,68.72,Advanced
S06390,2,89.52,56.11,60.86,64.09,39.15,96.44,84.93,82.09,69.99,0,77.73,67.65,Advanced
S06391,4,26.45,26.36,13.1,43.76,83.63,80.31,41.69,46.58,4.16,0,72.69,27.42,Beginner
S06392,3,57.37,53.09,69.07,53.3,59.47,99.73,65.65,74.61,56.35,0,85.98,58.21,Advanced
S06393,3,42.05,74.65,38.51,42.6,54.95,80.91,85.0,53.38,47.17,0,52.07,49.45,Intermediate
S06394,10,27.05,44.52,37.39,32.19,50.48,77.06,56.72,41.13,13.42,0,71.84,35.29,Beginner
S06395,5,61.95,63.54,78.68,91.54,44.86,87.13,98.68,98.41,57.26,0,86.54,73.93,Advanced
S06396,5,87.74,73.8,82.41,69.09,79.99,94.24,92.57,76.1,70.06,0,71.27,78.26,Advanced
S06397,1,75.11,75.85,71.1,71.81,52.26,86.13,70.16,80.28,55.78,0,98.3,73.47,Advanced
S06398,4,36.41,47.31,27.3,48.21,61.98,90.41,59.56,68.52,31.95,1,66.76,39.81,Beginner
S06399,5,88.16,87.2,71.79,69.63,63.83,96.8,93.98,73.31,45.14,0,94.4,79.19,Advanced
S06400,8,70.56,55.47,73.09,54.88,54.06,81.88,79.37,74.23,61.55,1,79.13,63.5,Advanced
S06401,1,98.8,93.87,95.53,100.0,31.74,93.8,100.0,72.75,77.89,0,89.33,97.05,Advanced
S06402,5,37.24,44.22,59.34,50.37,87.37,74.72,53.04,56.08,55.57,0,92.73,47.79,Intermediate
S06403,4,52.42,47.83,61.49,38.53,87.26,79.01,57.72,42.02,32.44,0,97.42,50.07,Intermediate
S06404,2,67.91,50.13,40.11,61.27,75.39,92.78,57.71,43.39,51.01,0,72.27,54.85,Intermediate
S06405,5,57.57,72.68,46.83,84.0,50.39,90.6,90.33,78.42,64.03,1,49.54,65.27,Intermediate
S06406,1,76.87,71.39,87.13,88.74,51.39,96.15,100.0,92.97,63.24,1,81.51,81.03,Advanced
S06407,1,81.16,90.94,69.63,47.53,51.66,90.12,72.89,50.58,38.23,2,79.67,72.31,Intermediate
S06408,3,69.83,93.79,49.09,82.29,54.52,100,82.08,70.38,65.09,0,65.1,73.75,Advanced
S06409,5,52.81,45.6,65.07,49.69,60.75,93.33,78.9,57.77,27.67,1,89.89,53.29,Intermediate
S06410,2,35.56,19.11,35.44,58.53,49.78,76.1,39.03,36.16,19.99,0,69.81,37.16,Beginner
S06411,6,64.43,40.1,66.79,53.49,56.62,78.97,60.22,28.18,40.51,0,67.16,56.2,Intermediate
S06412,4,63.7,66.81,76.08,50.03,56.51,89.76,89.63,78.31,37.92,0,70.99,64.16,Advanced
S06413,5,58.23,46.98,63.91,47.08,87.93,82.58,75.46,51.45,58.75,0,79.62,54.05,Intermediate
S06414,3,50.12,75.46,65.98,74.14,62.13,92.35,91.27,56.29,28.45,0,71.63,66.42,Intermediate
S06415,6,68.32,53.42,93.0,64.49,60.84,81.35,78.86,68.86,39.35,0,63.25,69.81,Advanced
S06416,4,41.82,35.77,39.67,62.1,55.01,81.99,62.97,47.81,51.25,2,88.88,44.84,Intermediate
S06417,5,58.96,57.29,83.01,74.4,56.81,79.64,90.39,58.72,41.33,0,92.81,68.42,Advanced
S06418,2,19.03,13.99,16.02,0.0,97.75,73.9,21.55,3.97,0.0,3,86.62,12.26,Beginner
S06419,3,42.33,63.27,39.35,44.83,66.97,84.97,63.3,59.42,26.31,0,55.72,47.45,Intermediate
S06420,6,76.93,44.95,50.55,55.28,77.38,85.51,80.14,58.07,55.92,0,67.09,56.93,Advanced
S06421,5,57.61,47.32,32.49,43.28,68.17,81.98,76.38,51.19,43.93,0,77.03,45.17,Intermediate
S06422,4,48.21,33.6,60.42,54.71,66.73,85.7,36.92,39.46,0.89,2,83.04,49.23,Beginner
S06423,1,30.73,16.71,28.55,47.28,80.65,87.73,64.88,33.3,12.79,1,70.66,30.82,Beginner
S06424,4,81.57,92.59,75.24,77.98,54.43,96.18,87.85,90.04,82.82,0,82.69,81.85,Advanced
S06425,7,68.01,62.97,59.29,47.09,45.82,88.89,72.28,67.09,29.17,1,88.21,59.34,Advanced
S06426,8,63.55,84.4,76.74,80.48,59.27,97.48,69.48,65.19,58.62,0,84.27,76.29,Advanced
S06427,5,46.08,36.26,25.06,28.83,57.2,69.04,36.77,33.17,20.53,2,93.84,34.06,Beginner
S06428,7,64.16,63.39,51.09,66.22,48.7,82.38,78.46,41.46,46.44,0,100.0,61.21,Advanced
S06429,7,29.64,48.5,51.01,46.63,62.73,83.88,47.84,56.71,45.7,0,80.06,43.94,Intermediate
S06430,4,77.81,80.79,94.5,49.7,64.05,85.17,98.05,78.75,60.16,2,76.33,75.7,Advanced
S06431,6,49.72,29.97,34.54,41.87,83.37,70.67,65.52,41.15,13.07,2,74.59,39.03,Beginner
S06432,1,42.54,56.16,50.66,42.01,69.37,81.3,50.48,32.34,20.13,2,92.27,47.84,Intermediate
S06433,1,63.71,48.16,50.03,51.64,75.96,69.92,38.44,55.5,40.18,1,81.69,53.39,Intermediate
S06434,3,65.61,65.82,63.94,46.08,74.07,82.45,88.14,45.51,63.47,1,100.0,60.36,Advanced
S06435,3,29.42,47.06,30.82,38.59,58.33,84.78,53.34,42.1,33.3,1,75.12,36.47,Beginner
S06436,1,72.92,59.9,46.1,26.35,84.25,89.93,76.7,62.85,16.92,0,81.1,51.32,Intermediate
S06437,1,42.69,44.03,21.94,6.37,68.28,92.23,42.54,39.35,4.81,4,84.99,28.75,Beginner
S06438,1,63.05,68.67,66.94,38.11,61.24,80.53,82.75,65.93,38.48,0,74.36,59.19,Advanced
S06439,4,46.23,42.05,41.6,40.77,98.19,74.59,34.96,27.72,30.9,2,100.0,42.66,Intermediate
S06440,5,40.41,23.49,31.09,33.88,64.78,82.71,39.55,25.98,16.71,1,74.32,32.22,Beginner
S06441,6,55.18,64.61,74.6,71.96,39.64,90.25,81.75,71.76,48.41,0,85.05,66.59,Advanced
S06442,1,36.91,35.1,22.7,45.05,74.25,67.9,51.41,33.38,29.98,1,88.16,34.94,Beginner
S06443,1,71.52,72.44,73.63,80.83,36.88,91.05,77.72,75.83,69.72,0,94.72,74.61,Advanced
S06444,3,39.29,27.79,33.85,35.08,95.6,87.9,16.49,15.23,16.4,1,77.72,34.0,Beginner
S06445,2,19.38,24.39,41.02,33.01,85.86,79.67,63.94,28.73,50.3,0,98.11,29.45,Beginner
S06446,3,58.59,74.65,43.99,61.93,43.53,88.08,73.47,54.29,45.13,0,59.91,59.79,Intermediate
S06447,6,68.87,78.52,73.77,76.73,46.59,82.3,100.0,72.17,60.02,0,90.98,74.47,Advanced
S06448,10,71.4,60.77,91.49,74.72,50.04,90.8,98.39,66.75,62.28,1,74.33,74.59,Advanced
S06449,6,47.92,44.83,42.4,55.51,78.72,81.91,54.41,36.02,32.22,0,89.65,47.66,Intermediate
S06450,5,30.75,28.89,26.5,39.53,64.75,80.68,71.45,52.63,33.24,1,90.16,31.42,Beginner
S06451,8,86.41,92.73,74.92,75.41,49.68,95.3,100.0,92.65,82.41,0,98.67,82.37,Advanced
S06452,5,66.29,82.84,75.06,94.22,59.35,76.85,79.37,57.98,62.32,2,67.66,79.6,Advanced
S06453,1,65.83,53.91,60.67,76.12,75.06,74.23,80.41,52.11,48.62,0,80.29,64.13,Intermediate
S06454,1,36.42,27.22,38.12,50.26,56.96,87.11,60.46,33.15,53.84,0,91.49,38.0,Intermediate
S06455,3,29.21,20.02,2.91,23.45,78.97,90.0,51.2,38.57,30.17,2,84.94,18.9,Beginner
S06456,5,40.14,37.05,31.39,34.5,54.48,88.56,52.35,52.99,49.64,0,98.93,35.77,Beginner
S06457,5,33.26,27.61,41.3,20.14,72.45,85.61,38.35,7.1,3.32,4,84.29,30.58,Beginner
S06458,5,98.65,100.0,85.15,96.06,65.19,100,100.0,96.19,59.95,0,91.72,94.96,Advanced
S06459,1,70.38,73.39,65.97,65.16,45.4,95.21,98.99,79.89,60.12,0,99.57,68.72,Advanced
S06460,6,36.16,56.47,40.79,67.66,43.73,82.3,56.85,35.95,38.89,1,68.82,50.27,Intermediate
S06461,8,88.77,86.07,82.68,48.43,72.49,94.67,75.16,67.16,59.09,0,74.72,76.49,Advanced
S06462,2,62.26,55.5,67.0,27.54,55.03,95.47,75.87,58.65,59.4,1,68.0,53.07,Intermediate
S06463,1,98.96,92.07,97.49,64.1,73.18,100,100.0,100.0,87.06,0,76.18,88.16,Advanced
S06464,4,88.99,78.83,88.66,81.56,46.99,100,100.0,82.31,74.86,1,94.73,84.51,Advanced
S06465,5,72.84,66.05,37.11,70.35,66.07,88.72,80.51,77.68,42.79,1,78.57,61.59,Advanced
S06466,9,42.52,34.57,40.45,33.62,73.37,74.77,64.25,44.12,31.38,1,81.77,37.79,Beginner
S06467,5,50.18,45.59,15.31,55.32,67.19,71.48,51.95,40.5,11.97,1,71.63,41.6,Beginner
S06468,3,60.04,77.07,59.44,75.34,66.88,87.68,82.77,83.98,59.78,0,66.48,67.97,Advanced
S06469,1,18.66,13.61,10.43,1.05,83.95,74.47,35.2,34.81,18.73,4,100.0,10.94,Beginner
S06470,3,78.74,68.54,82.39,100.0,48.97,96.0,100.0,64.4,66.63,0,75.38,82.42,Advanced
S06471,5,35.26,29.56,20.53,25.57,41.24,77.9,48.04,52.31,31.51,0,88.13,27.73,Beginner
S06472,4,81.38,78.25,51.11,62.15,80.2,100,100.0,65.0,33.78,0,88.27,68.22,Intermediate
S06473,6,61.91,75.7,61.53,70.43,49.83,99.24,58.16,54.12,56.37,2,90.62,67.39,Advanced
S06474,7,87.38,78.82,81.11,62.29,61.78,99.55,100.0,86.3,88.46,0,84.62,77.4,Advanced
S06475,4,60.12,43.65,24.94,49.6,68.24,90.99,67.27,42.8,33.66,2,59.17,44.58,Intermediate
S06476,6,70.55,63.95,70.55,71.03,54.67,95.59,84.22,82.58,56.85,0,84.98,69.02,Advanced
S06477,5,99.75,100.0,78.69,76.96,69.48,100,92.6,97.28,66.07,0,100.0,88.85,Advanced
S06478,3,93.9,73.12,100.0,72.03,52.03,90.88,87.89,100.0,72.65,0,69.12,84.76,Advanced
S06479,2,54.73,31.18,39.7,38.96,59.83,81.69,63.31,50.36,37.42,2,79.63,41.14,Intermediate
S06480,11,67.24,36.09,38.53,31.34,50.78,98.72,61.79,65.55,43.0,0,57.65,43.3,Intermediate
S06481,6,29.08,28.63,35.66,27.11,88.97,71.87,38.33,16.28,23.86,2,98.01,30.12,Beginner
S06482,1,34.57,37.39,8.56,41.79,56.79,69.53,49.49,33.24,0.0,2,78.89,30.58,Beginner
S06483,11,23.82,45.0,61.61,43.97,47.57,86.37,57.55,44.97,17.72,2,59.73,43.6,Beginner
S06484,1,33.71,55.3,58.59,9.85,56.17,74.11,52.16,69.07,29.65,0,50.12,39.36,Intermediate
S06485,4,44.94,47.59,61.22,61.49,106.09,77.21,65.02,43.89,34.07,2,81.62,53.81,Intermediate
S06486,1,58.11,56.84,35.59,39.81,69.45,89.89,58.84,53.45,45.38,1,100.0,47.59,Intermediate
S06487,5,100.0,63.31,73.17,85.42,47.59,86.27,87.78,80.25,66.08,0,49.48,80.47,Advanced
S06488,5,80.26,76.99,76.94,72.98,69.5,96.51,84.56,57.71,53.83,0,92.93,76.79,Intermediate
S06489,2,60.93,65.64,76.06,68.01,50.12,90.14,65.35,66.07,48.03,0,83.43,67.66,Advanced
S06490,10,52.2,48.16,47.15,67.21,55.92,92.9,39.73,35.83,47.03,1,87.23,53.68,Intermediate
S06491,5,87.17,69.97,84.35,84.86,54.68,100,100.0,86.94,52.74,1,70.06,81.59,Advanced
S06492,4,73.39,60.3,60.58,92.36,75.63,93.63,78.95,61.45,42.56,0,62.63,71.66,Intermediate
S06493,5,70.27,69.94,60.43,72.49,62.53,85.57,81.21,79.58,46.64,0,97.74,68.28,Advanced
S06494,5,38.89,39.09,53.72,25.2,54.11,92.66,41.19,18.91,0.0,1,78.28,39.22,Beginner
S06495,2,56.53,23.84,38.46,10.36,65.33,70.71,48.97,39.79,21.09,1,48.11,32.3,Beginner
S06496,1,58.76,55.71,91.1,58.15,43.59,96.09,84.92,54.09,55.33,0,74.08,65.93,Advanced
S06497,6,55.83,44.79,41.59,59.37,50.44,72.78,60.05,52.08,45.72,0,95.04,50.39,Intermediate
S06498,7,28.08,48.26,36.9,36.44,65.09,84.44,67.22,54.72,30.69,1,77.05,37.42,Beginner
S06499,5,37.12,73.44,47.18,40.49,72.64,79.55,68.99,53.93,27.04,2,62.83,49.56,Intermediate
S06500,5,62.81,50.02,76.57,40.56,73.78,83.4,76.33,58.97,36.57,1,78.31,57.49,Intermediate
S06501,1,64.96,52.31,46.05,40.3,61.44,80.72,74.01,44.89,37.74,0,84.35,50.91,Intermediate
S06502,5,47.17,53.97,45.43,24.96,73.37,91.98,42.77,32.04,25.17,3,72.32,42.88,Beginner
S06503,5,41.51,72.58,52.89,52.41,73.97,100,64.06,48.66,49.17,0,57.03,54.85,Advanced
S06504,2,69.89,70.39,63.88,52.36,50.73,78.53,77.34,49.15,50.11,0,100.0,64.13,Advanced
S06505,1,41.23,58.71,58.35,83.15,70.77,92.08,81.47,65.63,48.09,2,67.63,60.36,Advanced
S06506,2,100.0,78.82,97.66,100.0,24.29,100,100.0,100.0,80.62,0,79.28,94.12,Advanced
S06507,2,39.05,51.02,53.04,44.19,65.97,96.02,92.66,41.58,45.77,2,68.73,46.82,Intermediate
S06508,2,71.32,62.64,50.7,88.89,75.75,93.6,86.37,84.78,52.69,0,68.62,68.39,Advanced
S06509,6,67.41,73.44,61.9,56.18,55.4,74.68,72.71,61.74,43.17,0,82.73,64.73,Intermediate
S06510,10,71.0,72.91,51.31,81.51,63.92,94.47,68.39,71.24,48.2,0,78.01,69.18,Advanced
S06511,3,34.51,47.92,46.06,28.03,76.7,80.94,71.67,66.03,27.5,2,79.97,39.13,Intermediate
S06512,4,77.69,78.33,80.26,77.96,56.51,100,80.11,76.86,70.02,0,94.27,78.56,Advanced
S06513,1,35.85,32.81,62.87,12.24,53.55,91.38,48.25,43.1,20.44,1,66.07,35.95,Beginner
S06514,6,65.52,46.1,46.82,28.51,57.96,78.48,46.7,50.41,32.39,2,71.92,46.74,Intermediate
S06515,6,61.16,68.34,66.35,70.31,35.64,80.81,98.74,68.9,60.68,0,93.72,66.54,Advanced
S06516,2,66.43,44.36,66.37,55.25,54.41,81.34,67.62,56.19,40.71,0,89.71,58.1,Intermediate
S06517,5,55.07,63.01,43.38,45.83,69.65,89.13,58.05,60.21,30.76,1,82.81,51.82,Intermediate
S06518,5,56.63,67.53,39.46,63.2,43.4,90.5,73.67,25.85,20.31,0,76.64,56.7,Beginner
S06519,1,58.54,22.26,38.05,53.73,67.31,80.6,62.64,27.08,28.78,1,53.89,43.15,Beginner
S06520,5,71.01,42.08,70.23,77.09,92.38,80.97,77.16,76.88,44.16,1,58.71,65.11,Advanced
S06521,7,71.5,75.61,68.9,86.53,47.79,95.25,78.36,75.16,73.7,3,84.27,75.63,Advanced
S06522,6,46.82,58.29,73.78,52.61,95.57,75.17,70.21,58.25,33.81,0,75.61,57.88,Intermediate
S06523,4,46.48,51.16,58.43,65.57,65.54,82.09,63.78,59.32,41.03,1,88.03,55.41,Advanced
S06524,3,82.12,82.18,82.26,70.24,63.62,100,90.89,88.37,64.84,0,87.32,79.2,Advanced
S06525,4,26.57,37.85,36.18,56.12,80.61,71.77,60.6,35.04,33.56,1,81.94,39.18,Intermediate
S06526,5,49.31,52.86,43.91,50.88,78.81,78.91,56.68,52.67,53.44,0,92.27,49.24,Intermediate
S06527,1,81.26,82.18,86.31,84.95,44.34,95.61,98.55,87.12,77.28,0,87.71,83.67,Advanced
S06528,4,58.94,37.89,70.86,42.62,73.72,92.01,71.05,65.25,29.79,0,59.02,52.58,Intermediate
S06529,9,67.31,69.54,60.53,93.28,37.85,90.91,87.08,59.22,52.62,1,78.64,72.66,Advanced
S06530,3,35.52,35.09,55.46,72.73,74.52,100,53.98,48.05,17.3,2,98.49,49.7,Intermediate
S06531,1,57.68,62.47,65.67,58.31,56.28,87.38,72.66,64.98,21.09,1,91.88,61.03,Advanced
S06532,6,38.19,42.07,54.22,23.76,75.61,91.02,66.76,48.58,9.3,1,79.33,39.56,Intermediate
S06533,4,34.62,42.67,22.85,46.68,70.24,81.22,41.99,30.92,26.21,2,68.32,36.71,Beginner
S06534,3,44.38,47.01,29.24,51.84,71.22,71.82,68.34,64.88,9.77,2,90.73,43.12,Beginner
S06535,4,30.96,48.31,44.28,48.43,71.87,86.82,62.98,47.69,39.58,2,80.08,43.0,Intermediate
S06536,4,42.34,41.17,62.1,73.26,59.27,97.73,62.81,64.86,58.35,2,100.0,54.72,Advanced
S06537,5,44.31,36.85,22.51,55.1,88.24,80.83,59.15,46.75,31.27,1,77.36,39.69,Beginner
S06538,2,40.19,48.55,33.34,57.61,60.15,87.64,44.94,29.78,16.82,1,79.2,44.92,Intermediate
S06539,6,39.25,59.65,55.7,57.86,68.99,95.02,59.64,50.96,24.42,0,77.61,53.12,Intermediate
S06540,2,88.75,87.96,78.33,80.71,58.4,79.11,100.0,86.33,82.23,0,90.41,83.94,Advanced
S06541,10,71.62,37.7,62.22,49.83,86.46,87.73,64.91,62.54,65.9,0,77.45,55.34,Advanced
S06542,7,39.43,69.71,47.22,52.28,63.47,100,70.45,48.29,30.2,1,73.02,52.16,Intermediate
S06543,7,53.47,72.5,77.29,72.58,66.38,84.53,85.56,87.2,64.53,1,68.48,68.96,Advanced
S06544,4,58.27,77.3,86.26,75.99,55.17,94.03,86.77,81.66,83.16,1,71.0,74.46,Advanced
S06545,4,50.2,51.98,27.48,60.1,69.63,82.84,69.1,51.98,23.69,0,89.33,47.44,Intermediate
S06546,7,68.53,92.75,87.38,78.61,69.96,86.13,94.42,74.12,57.41,0,68.9,81.82,Advanced
S06547,6,69.51,58.0,27.89,52.58,53.1,100,70.81,44.42,34.22,0,75.1,52.0,Intermediate
S06548,9,61.39,79.14,71.43,44.04,79.14,93.66,88.22,67.47,47.32,1,71.37,64.0,Advanced
S06549,1,55.28,80.55,44.48,58.21,47.01,88.87,65.82,63.88,50.67,0,74.79,59.63,Advanced
S06550,6,61.42,51.97,22.33,38.45,58.11,76.56,76.06,54.28,26.39,0,85.96,43.54,Beginner
S06551,4,86.92,74.65,58.2,100.0,52.33,90.4,91.76,72.98,57.09,0,63.67,79.94,Advanced
S06552,6,56.06,60.35,88.44,60.5,31.2,78.88,78.32,61.69,42.38,0,73.07,66.34,Advanced
S06553,8,43.93,59.6,42.96,66.51,79.62,82.17,64.18,66.81,29.8,0,67.12,53.25,Beginner
S06554,1,52.54,42.29,20.54,58.53,58.93,77.46,47.61,40.76,34.03,0,73.13,43.47,Intermediate
S06555,7,87.42,68.19,100.0,88.59,51.53,100,86.61,84.22,65.13,0,76.75,86.05,Advanced
S06556,1,49.83,37.28,59.26,23.09,69.81,85.22,63.83,41.81,10.88,1,70.2,42.36,Intermediate
S06557,6,64.21,49.54,70.93,50.67,62.67,76.93,60.18,58.09,38.02,0,85.64,58.84,Intermediate
S06558,2,49.45,19.67,33.77,31.49,52.19,84.85,52.02,36.47,16.94,0,72.58,33.59,Beginner
S06559,2,75.01,74.13,83.96,80.53,47.22,89.83,90.36,78.99,52.37,0,98.26,78.41,Advanced
S06560,5,41.9,37.76,24.34,51.5,82.21,96.64,40.89,42.13,9.2,2,76.16,38.88,Beginner
S06561,2,39.15,16.92,46.53,50.41,65.95,85.07,60.76,33.83,26.96,0,83.97,38.25,Beginner
S06562,9,81.89,89.71,64.29,66.52,66.44,84.89,96.29,55.45,38.47,0,94.8,75.6,Advanced
S06563,5,62.23,56.02,63.71,69.73,63.88,80.74,82.03,52.77,44.62,0,88.89,62.92,Intermediate
S06564,6,8.43,0.0,0.0,12.13,93.87,79.79,11.22,9.32,0.0,3,85.75,5.14,Beginner
S06565,5,77.81,81.96,80.32,32.46,61.12,91.19,73.25,73.15,46.88,0,67.63,68.14,Advanced
S06566,3,57.58,38.84,30.2,36.8,57.65,92.34,74.89,46.11,42.4,0,80.95,40.86,Intermediate
S06567,5,67.02,68.61,62.52,67.37,64.54,89.06,86.5,47.82,29.99,0,91.77,66.38,Intermediate
S06568,7,60.29,77.79,62.25,72.53,45.91,87.45,71.95,64.73,30.9,0,64.0,68.22,Advanced
S06569,5,46.44,37.08,49.87,59.37,69.23,84.16,71.09,25.03,29.33,0,82.5,48.19,Intermediate
S06570,1,43.76,59.08,43.02,54.47,41.94,81.76,59.67,44.6,30.16,0,83.67,50.08,Intermediate
S06571,5,68.02,84.5,89.29,85.16,57.6,93.91,94.05,77.29,53.08,1,86.05,81.74,Advanced
S06572,2,41.91,55.0,50.74,62.6,44.25,91.74,63.07,60.0,35.03,0,73.75,52.56,Intermediate
S06573,2,60.1,45.37,41.87,30.65,71.54,85.76,62.71,32.71,19.26,0,77.39,44.5,Intermediate
S06574,10,32.45,40.63,44.82,48.96,69.38,81.58,63.9,60.15,7.41,2,76.41,41.72,Beginner
S06575,3,37.14,34.79,27.49,48.28,77.21,72.99,48.3,45.11,18.32,1,86.68,36.92,Beginner
S06576,6,42.35,68.21,56.37,96.24,64.17,80.77,84.35,78.8,50.76,0,43.71,65.79,Advanced
S06577,7,54.37,52.15,80.74,73.7,42.42,76.81,82.95,89.27,35.44,0,93.9,65.24,Intermediate
S06578,1,69.08,61.47,89.97,51.67,58.67,78.74,73.84,67.84,43.77,0,73.82,68.05,Advanced
S06579,5,37.85,37.93,28.47,17.66,73.58,70.62,37.2,35.74,10.09,1,93.77,30.48,Beginner
S06580,4,47.62,52.83,63.81,52.38,80.13,78.11,63.38,49.77,19.59,0,89.64,54.16,Intermediate
S06581,6,25.89,26.6,46.75,41.11,81.4,89.08,61.72,53.4,50.35,1,100.0,35.09,Intermediate
S06582,2,53.66,81.18,55.25,44.71,52.55,90.63,77.24,56.62,49.26,0,83.93,58.7,Intermediate
S06583,8,35.79,72.36,65.94,35.69,67.74,83.18,39.8,61.87,27.7,0,43.94,52.44,Intermediate
S06584,3,44.31,60.04,64.58,45.96,72.02,85.44,77.31,65.55,41.78,0,79.45,53.72,Intermediate
S06585,4,75.26,61.43,62.85,83.8,55.03,91.64,84.15,48.49,38.78,0,76.41,70.84,Intermediate
S06586,4,65.32,73.98,79.66,74.48,67.06,87.43,64.42,61.32,54.38,0,80.74,73.36,Advanced
S06587,4,81.95,64.99,67.47,74.0,45.86,87.62,63.39,57.13,26.85,0,83.13,72.1,Advanced
S06588,1,45.18,64.91,54.37,65.66,80.65,97.44,77.55,44.85,46.99,0,81.12,57.53,Intermediate
S06589,1,0.0,11.68,15.43,0.0,112.86,57.47,22.34,13.89,5.79,2,82.74,6.78,Beginner
S06590,2,26.34,45.07,19.56,42.3,73.19,72.54,40.93,31.84,45.28,2,75.75,33.32,Beginner
S06591,8,73.59,83.78,66.83,98.74,56.3,84.08,98.51,79.69,75.02,0,71.81,80.73,Advanced
S06592,5,67.0,44.61,38.85,43.98,73.19,89.4,73.44,67.17,36.41,0,90.76,48.61,Intermediate
S06593,8,71.0,56.68,84.02,66.92,54.42,76.37,85.55,56.87,38.88,0,79.89,69.65,Advanced
S06594,5,76.3,81.12,87.36,76.45,52.38,88.17,100.0,68.11,77.92,0,86.2,80.31,Advanced
S06595,5,67.36,40.38,30.59,58.44,74.16,87.7,71.72,43.28,23.8,0,63.97,49.19,Intermediate
S06596,1,54.19,56.04,77.82,39.3,90.53,82.08,62.26,48.5,19.66,0,86.65,56.84,Intermediate
S06597,2,36.79,45.32,55.61,50.96,66.07,97.65,64.46,46.95,47.62,0,84.53,47.17,Intermediate
S06598,3,49.0,22.1,22.67,17.42,71.82,81.35,47.65,34.94,11.95,2,72.18,27.8,Beginner
S06599,7,46.23,51.76,58.88,40.44,73.11,75.32,62.07,44.0,31.26,3,86.92,49.33,Beginner
S06600,2,64.44,39.86,37.68,24.84,63.28,79.96,77.18,53.94,55.88,1,61.01,41.7,Beginner
S06601,2,43.29,43.28,19.57,36.55,78.01,82.78,62.86,35.85,28.6,0,80.37,35.67,Intermediate
S06602,6,72.95,57.83,51.23,53.45,68.87,78.05,54.6,75.97,34.03,2,85.42,58.86,Intermediate
S06603,3,45.05,42.54,73.76,41.74,72.64,90.66,56.88,43.87,18.6,3,94.09,50.77,Intermediate
S06604,2,48.92,23.41,32.71,40.4,73.67,89.66,55.47,25.74,31.97,0,75.73,36.36,Beginner
S06605,6,48.0,61.52,59.64,55.11,53.73,86.23,71.04,57.88,44.46,0,79.61,56.07,Intermediate
S06606,4,69.72,89.36,70.36,62.51,61.32,84.65,81.09,64.26,45.57,0,72.46,72.99,Advanced
S06607,3,53.6,55.45,65.44,63.28,76.24,100,88.89,63.97,43.18,0,98.96,59.45,Advanced
S06608,7,67.82,64.21,50.28,77.31,60.52,88.93,73.49,73.58,61.83,0,65.85,64.9,Intermediate
S06609,3,60.16,51.32,49.42,74.27,36.64,83.9,58.63,39.19,44.47,0,73.69,58.79,Advanced
S06610,1,82.82,80.19,35.64,84.55,36.17,76.62,87.11,86.55,78.73,0,78.57,70.8,Advanced
S06611,3,64.81,37.1,49.21,32.41,82.21,86.19,67.6,43.89,22.8,1,64.58,45.88,Beginner
S06612,1,63.23,56.66,51.51,56.58,59.99,98.42,60.66,48.87,37.4,1,91.83,56.99,Intermediate
S06613,6,63.01,69.53,87.24,93.57,54.91,82.29,72.46,54.95,42.81,1,93.22,78.34,Advanced
S06614,6,60.87,62.11,72.17,50.99,81.75,76.61,66.37,49.98,31.66,1,83.3,61.53,Intermediate
S06615,6,74.53,81.85,88.13,87.37,56.57,93.83,100.0,73.97,71.77,0,97.06,82.97,Advanced
S06616,2,55.71,46.55,28.09,68.66,81.13,78.34,64.5,47.6,45.87,3,62.08,49.75,Intermediate
S06617,7,79.14,81.68,86.34,53.93,42.89,100,83.47,87.96,44.05,0,80.29,75.27,Advanced
S06618,7,100.0,85.66,85.71,88.52,48.42,89.17,100.0,84.78,86.43,1,89.16,89.97,Advanced
S06619,8,76.8,51.55,42.35,57.69,48.73,87.63,61.56,73.03,49.69,0,66.52,57.1,Intermediate
S06620,1,52.14,71.4,68.3,80.17,59.91,88.75,80.68,79.59,30.5,0,72.2,68.0,Intermediate
S06621,1,62.95,69.62,72.39,40.78,58.87,86.34,86.82,71.74,40.6,0,65.79,61.44,Intermediate
S06622,2,14.49,4.75,50.19,46.49,68.44,77.94,52.11,25.43,16.07,2,83.41,28.98,Beginner
S06623,5,56.86,55.47,61.45,22.75,86.06,77.88,83.17,41.32,29.43,0,75.68,49.13,Intermediate
S06624,3,74.74,71.24,75.12,83.07,45.08,82.37,95.39,79.51,59.46,0,87.82,76.04,Advanced
S06625,4,19.67,40.61,23.37,35.75,84.39,73.37,50.42,20.64,26.92,1,74.49,29.85,Beginner
S06626,5,48.06,66.0,41.58,56.19,57.87,71.09,77.46,48.85,58.24,2,65.66,52.96,Beginner
S06627,1,56.78,59.09,37.18,39.22,58.95,69.17,76.19,41.03,25.32,1,89.88,48.07,Intermediate
S06628,4,88.93,69.44,83.63,93.21,39.13,88.81,92.13,72.14,36.91,0,71.09,83.8,Advanced
S06629,4,69.11,61.8,61.24,73.93,57.9,89.85,70.04,67.25,57.1,0,97.22,66.52,Advanced
S06630,10,67.32,82.06,91.19,87.47,30.46,89.15,94.26,83.21,55.85,0,87.69,82.01,Advanced
S06631,6,68.45,46.8,66.12,78.63,81.88,83.24,77.28,55.41,69.21,0,64.26,65.0,Advanced
S06632,1,72.92,78.99,89.62,93.43,52.8,90.89,100.0,81.75,42.96,2,90.33,83.74,Advanced
S06633,7,53.82,56.68,65.17,64.84,66.57,93.93,62.04,56.49,11.87,1,87.0,60.13,Intermediate
S06634,1,56.16,35.12,40.27,41.33,81.38,84.92,60.3,58.16,34.56,0,78.17,43.22,Intermediate
S06635,5,39.98,50.53,46.86,37.64,64.08,86.39,71.74,57.54,11.02,2,90.82,43.75,Beginner
S06636,6,54.84,19.4,42.32,44.35,43.95,91.16,85.65,41.95,48.41,1,59.77,40.23,Beginner
S06637,1,100.0,77.49,77.39,77.4,46.22,80.56,100.0,71.58,83.65,0,56.91,83.07,Advanced
S06638,5,43.69,53.15,68.11,62.67,79.14,86.44,77.16,70.93,33.3,1,90.53,56.91,Intermediate
S06639,8,45.91,44.4,49.46,76.92,100.55,89.69,74.41,48.07,35.84,0,73.36,54.17,Advanced
S06640,5,94.2,80.89,65.26,74.55,47.76,100,76.63,70.95,44.62,0,91.65,78.72,Advanced
S06641,6,46.52,53.12,55.53,78.18,55.25,88.09,65.89,66.8,52.74,0,75.34,58.34,Intermediate
S06642,6,78.47,84.98,80.89,51.91,64.04,88.74,92.96,66.93,71.32,1,75.36,74.06,Advanced
S06643,6,81.52,90.85,100.0,100.0,55.62,100,100.0,87.5,100.0,1,96.68,93.09,Advanced
S06644,3,62.92,51.3,55.76,63.42,55.74,100,70.09,45.27,41.7,0,75.07,58.35,Intermediate
S06645,8,34.8,50.52,27.73,42.75,59.51,80.36,67.31,33.61,18.21,1,73.72,38.95,Beginner
S06646,6,47.63,76.21,64.1,67.29,58.01,95.71,90.86,79.87,62.49,1,67.7,63.81,Advanced
S06647,2,48.27,66.73,70.61,71.76,51.57,87.18,74.62,71.68,51.31,0,71.54,64.34,Intermediate
S06648,2,92.88,56.28,74.76,63.05,51.92,91.73,78.23,64.9,45.36,0,37.08,71.74,Advanced
S06649,4,27.38,41.45,30.08,28.6,93.73,84.32,60.73,40.4,12.87,0,83.83,31.88,Intermediate
S06650,1,27.91,50.39,63.93,29.89,62.63,87.94,46.49,13.97,11.86,1,66.42,43.03,Beginner
S06651,5,82.55,58.84,65.58,67.64,61.87,100,79.12,63.89,52.39,0,76.51,68.65,Advanced
S06652,9,70.77,47.71,80.04,80.4,66.03,88.02,98.25,73.97,70.88,0,73.69,69.73,Advanced
S06653,4,46.56,45.17,55.33,33.79,52.29,96.76,55.16,46.13,38.71,2,93.8,45.21,Intermediate
S06654,1,48.64,32.23,76.69,69.81,49.58,85.78,76.04,40.04,29.66,1,75.18,56.84,Intermediate
S06655,5,69.21,51.92,55.08,67.32,58.8,100,64.77,81.25,33.21,0,73.07,60.88,Intermediate
S06656,1,37.73,35.68,57.43,53.05,80.25,83.87,36.21,65.53,39.32,2,100.0,45.97,Intermediate
S06657,2,36.89,65.9,45.87,47.16,34.0,85.01,60.83,40.02,25.01,0,69.15,48.95,Intermediate
S06658,1,93.46,82.02,82.27,100.0,30.41,91.91,100.0,100.0,66.36,0,74.94,89.44,Advanced
S06659,3,46.69,60.11,46.71,23.9,94.51,77.74,67.51,41.14,16.14,2,63.66,44.35,Intermediate
S06660,4,61.38,71.46,66.77,74.56,49.8,79.51,80.45,69.25,43.85,0,79.83,68.54,Advanced
S06661,4,59.71,50.04,80.25,80.17,51.75,89.03,91.69,65.67,52.48,1,83.38,67.54,Advanced
S06662,2,58.49,62.25,59.5,65.85,76.49,73.12,75.18,58.13,65.88,0,88.41,61.52,Intermediate
S06663,6,50.26,69.57,52.22,80.84,50.09,73.22,90.3,69.83,70.3,0,63.24,63.22,Advanced
S06664,10,37.54,51.65,50.08,24.38,82.14,78.38,42.19,49.03,13.13,0,63.03,40.91,Beginner
S06665,1,78.31,79.9,67.7,100.0,54.84,90.76,90.48,100.0,68.15,0,80.43,81.48,Advanced
S06666,5,55.15,59.31,69.8,78.18,40.63,79.8,73.45,71.73,25.89,0,85.15,65.61,Advanced
S06667,5,49.31,15.66,9.81,23.88,100.91,78.46,43.24,24.07,0.93,1,58.34,24.66,Beginner
S06668,1,69.83,69.66,62.83,75.89,63.17,85.06,79.2,64.34,38.95,1,97.24,69.55,Advanced
S06669,1,93.11,74.94,78.15,88.23,49.17,92.83,77.47,100.0,94.26,1,64.66,83.61,Advanced
S06670,8,50.92,65.41,46.33,63.17,85.07,83.68,74.67,69.05,42.61,1,94.38,56.46,Intermediate
S06671,5,100.0,90.43,100.0,100.0,43.25,88.04,100.0,93.57,85.4,0,86.19,97.61,Advanced
S06672,3,82.33,70.53,85.8,70.35,37.42,93.72,93.44,73.11,74.29,0,84.03,77.25,Advanced
S06673,2,24.33,19.11,43.38,36.83,75.32,87.06,57.84,60.26,18.21,2,92.47,30.91,Intermediate
S06674,6,35.15,38.01,35.26,66.36,55.56,84.75,61.79,40.83,31.21,1,80.43,43.7,Beginner
S06675,4,56.5,76.71,39.46,59.31,54.42,90.42,84.38,48.82,20.71,1,56.49,58.0,Intermediate
S06676,4,53.36,49.95,32.71,37.36,71.38,87.45,64.28,36.06,50.48,0,99.48,43.34,Intermediate
S06677,6,62.56,46.92,73.27,70.06,52.55,77.72,53.85,53.64,45.93,0,67.0,63.2,Intermediate
S06678,6,44.29,48.79,60.07,52.06,89.48,87.23,49.02,29.58,29.12,0,87.96,51.3,Intermediate
S06679,7,41.85,40.63,10.82,10.37,85.17,72.21,57.68,53.75,21.55,2,92.66,25.92,Beginner
S06680,1,58.18,89.08,72.21,89.28,50.78,75.31,83.37,59.52,54.74,0,51.89,77.19,Advanced
S06681,1,59.58,55.48,54.62,45.19,98.19,82.93,79.54,68.9,50.3,0,83.13,53.72,Advanced
S06682,7,27.84,30.36,46.54,44.55,84.8,87.18,40.58,38.31,21.0,2,91.69,37.32,Intermediate
S06683,4,31.5,61.49,64.39,51.08,69.32,76.32,58.22,54.67,34.78,1,52.03,52.11,Intermediate
S06684,6,45.32,39.44,11.45,52.63,67.17,79.83,47.33,37.09,23.42,1,59.05,37.21,Beginner
S06685,5,86.76,71.94,77.37,84.71,59.23,100,94.96,76.6,64.62,0,75.03,80.2,Advanced
S06686,3,85.66,84.9,97.55,78.6,83.54,91.56,87.97,73.97,78.95,0,78.03,86.68,Advanced
S06687,5,100.0,100.0,82.98,100.0,56.5,89.72,100.0,100.0,84.37,0,98.52,95.74,Advanced
S06688,3,66.72,62.35,38.49,67.45,49.44,83.22,66.78,69.47,59.86,0,91.26,58.75,Advanced
S06689,4,58.75,69.92,85.83,83.14,53.26,96.97,73.05,52.26,43.92,0,87.45,74.41,Intermediate
S06690,3,69.99,59.58,60.06,38.08,78.67,91.29,78.08,57.24,35.46,2,76.82,56.93,Intermediate
S06691,6,72.15,39.39,39.92,49.23,71.15,84.82,83.15,57.19,38.57,0,76.8,50.17,Intermediate
S06692,5,49.45,27.26,40.36,46.25,116.62,68.44,76.58,68.66,27.22,0,69.27,40.83,Beginner
S06693,10,53.56,68.33,29.97,46.59,89.61,84.75,61.01,44.63,34.85,0,69.81,49.61,Intermediate
S06694,3,70.13,52.21,59.88,39.75,74.86,79.68,79.09,48.17,42.91,0,70.77,55.49,Intermediate
S06695,2,46.96,64.74,60.38,58.12,55.35,95.92,74.95,67.45,39.41,0,77.2,57.55,Intermediate
S06696,3,17.58,28.13,51.72,29.43,54.45,93.78,56.22,44.88,15.19,0,82.82,31.71,Beginner
S06697,6,50.07,76.86,63.02,63.89,80.88,89.3,66.83,59.9,45.04,1,64.87,63.46,Intermediate
S06698,10,0.0,3.69,10.17,3.05,113.18,67.78,37.31,0.0,0.0,3,91.63,4.23,Beginner
S06699,2,52.1,45.37,41.53,25.13,57.78,81.36,66.69,46.53,27.47,0,80.75,41.03,Intermediate
S06700,6,77.51,70.61,67.43,82.53,45.65,78.87,100.0,63.94,73.57,0,78.6,74.52,Advanced
S06701,5,33.75,46.35,53.23,57.93,63.33,87.65,76.68,49.6,47.25,0,78.53,47.81,Intermediate
S06702,4,49.87,43.51,49.97,52.06,74.42,84.29,53.54,51.92,27.99,0,87.8,48.85,Intermediate
S06703,6,67.71,31.89,59.11,59.11,73.52,90.9,65.16,54.57,43.41,0,78.13,54.46,Intermediate
S06704,1,49.53,62.31,46.02,55.34,82.42,100,80.45,70.78,33.41,0,81.75,53.3,Intermediate
S06705,6,90.69,85.58,100.0,100.0,57.29,100,100.0,71.06,79.91,0,91.9,94.07,Advanced
S06706,3,37.88,55.79,59.41,77.12,58.81,82.45,98.49,76.9,66.61,0,73.44,57.55,Advanced
S06707,5,100.0,88.74,100.0,80.86,52.18,100,100.0,82.12,78.5,0,77.97,92.4,Advanced
S06708,5,55.2,45.49,72.4,51.81,88.83,92.65,68.82,60.54,44.42,0,79.45,56.22,Intermediate
S06709,1,49.28,46.25,33.84,50.73,64.72,90.28,74.75,37.04,40.07,1,80.29,45.02,Intermediate
S06710,6,55.52,43.84,35.28,44.83,47.92,78.17,68.78,41.52,28.24,1,71.89,44.87,Intermediate
S06711,5,72.73,48.95,43.52,64.86,60.83,100,57.89,65.44,56.1,1,65.1,57.51,Advanced
S06712,9,65.93,64.33,78.77,69.49,57.1,86.97,87.31,88.46,51.48,0,91.38,69.63,Advanced
S06713,2,44.3,20.42,3.79,45.82,56.84,76.23,35.85,36.3,7.1,2,49.28,28.58,Beginner
S06714,7,25.87,43.95,19.59,39.68,56.15,75.85,49.4,41.55,23.28,1,64.35,32.27,Beginner
S06715,4,71.43,54.32,70.42,88.04,62.77,87.14,77.27,65.76,39.2,0,71.28,71.05,Advanced
S06716,3,57.29,63.07,59.85,79.33,64.2,87.86,66.3,64.59,50.02,1,85.02,64.89,Advanced
S06717,4,30.48,22.79,33.81,38.66,83.63,90.27,43.25,33.85,11.73,4,87.82,31.43,Beginner
S06718,6,89.0,59.9,40.17,80.74,80.2,85.3,56.16,68.12,36.56,1,63.18,67.45,Advanced
S06719,3,39.57,57.79,76.12,41.29,54.66,86.4,68.93,61.14,43.93,0,57.09,53.69,Intermediate
S06720,1,45.1,50.49,38.11,40.87,44.48,100,57.78,61.64,37.29,0,93.25,43.64,Intermediate
S06721,4,27.86,13.65,11.29,17.72,85.1,85.62,32.3,8.08,9.02,4,97.5,17.63,Beginner
S06722,1,67.87,58.97,55.43,71.06,69.8,76.19,67.5,70.45,47.85,0,82.41,63.33,Advanced
S06723,4,56.42,54.46,37.85,49.56,36.14,99.07,81.38,63.36,35.18,1,93.57,49.57,Intermediate
S06724,1,65.95,55.93,69.91,69.79,54.41,83.9,60.64,91.31,74.26,0,89.67,65.39,Advanced
S06725,2,85.1,48.3,75.54,77.93,38.98,79.55,100.0,77.09,67.11,1,64.99,71.72,Advanced
S06726,7,42.58,48.63,61.43,60.9,60.05,87.01,46.6,61.1,44.76,0,87.22,53.39,Intermediate
S06727,8,62.08,42.58,35.74,42.06,68.66,87.3,67.75,50.56,42.17,1,75.65,45.62,Intermediate
S06728,2,81.89,68.03,95.15,100.0,62.78,100,99.41,100.0,72.19,0,81.95,86.27,Advanced
S06729,6,50.51,67.82,57.43,53.7,47.8,85.72,64.8,64.72,42.91,0,78.15,57.37,Advanced
S06730,7,81.33,75.98,78.65,75.24,51.3,90.93,92.79,70.08,44.19,1,82.39,77.8,Intermediate
S06731,1,47.37,52.12,41.29,52.19,73.75,100,71.78,62.14,24.99,1,80.71,48.24,Intermediate
S06732,9,88.99,100.0,79.25,67.82,40.82,89.37,91.65,82.46,57.84,0,77.47,84.01,Advanced
S06733,3,54.07,71.55,95.35,48.21,75.33,85.6,74.69,55.16,50.09,0,51.05,67.3,Intermediate
S06734,3,60.67,61.5,58.36,51.35,60.7,83.47,72.9,51.34,30.42,0,88.73,57.97,Advanced
S06735,9,81.34,73.6,69.05,68.84,37.68,91.92,69.84,54.28,62.25,0,90.98,73.21,Advanced
S06736,4,56.47,75.0,54.5,37.72,54.18,97.84,84.71,75.87,64.7,0,69.25,55.92,Intermediate
S06737,5,58.49,64.5,50.0,51.88,61.54,85.23,68.65,42.3,41.8,0,88.19,56.22,Advanced
S06738,3,80.8,82.83,77.22,93.46,68.29,87.65,95.12,72.28,54.53,1,88.49,83.58,Advanced
S06739,4,38.53,16.57,19.34,17.68,102.56,83.75,41.56,31.57,20.08,3,75.91,23.03,Beginner
S06740,4,71.76,43.12,49.65,41.06,72.14,93.18,56.67,47.61,7.02,0,70.69,51.4,Intermediate
S06741,4,56.67,66.54,69.31,79.79,45.0,94.57,75.07,76.96,61.47,0,82.12,68.08,Intermediate
S06742,1,41.53,16.95,42.83,26.97,93.89,70.11,43.16,21.55,26.65,0,72.27,32.07,Beginner
S06743,4,59.57,40.36,32.89,40.55,86.77,94.18,52.24,63.27,28.02,2,82.64,43.34,Intermediate
S06744,4,100.0,63.26,67.35,80.55,41.29,83.6,73.24,81.01,52.05,0,46.02,77.79,Advanced
S06745,1,79.12,71.75,75.49,58.82,36.32,83.0,100.0,56.73,70.33,0,87.23,71.29,Intermediate
S06746,4,42.35,37.73,28.84,43.78,109.28,94.06,50.0,52.25,48.65,0,92.46,38.17,Intermediate
S06747,5,40.65,51.13,47.97,63.51,55.79,86.64,61.69,61.06,49.3,0,72.41,50.81,Intermediate
S06748,8,95.72,72.46,71.46,84.74,50.79,88.09,71.7,66.12,49.69,0,64.0,81.1,Advanced
S06749,1,59.76,84.39,61.23,70.71,70.02,78.35,78.85,58.82,41.81,0,77.07,69.02,Advanced
S06750,2,91.45,93.96,96.65,95.73,65.21,96.49,97.25,93.98,49.13,0,100.0,94.45,Advanced
S06751,2,50.67,63.11,42.09,70.0,76.36,90.71,67.57,59.58,50.24,1,65.49,56.47,Intermediate
S06752,4,68.43,50.52,37.09,63.26,53.49,84.08,83.1,76.43,60.13,0,58.69,54.82,Intermediate
S06753,5,68.25,77.87,69.78,74.15,43.07,96.65,72.4,84.58,46.01,0,98.04,72.51,Advanced
S06754,8,100.0,100.0,100.0,98.28,70.51,76.37,100.0,92.65,88.02,0,100.0,99.57,Advanced
S06755,7,44.92,56.8,37.09,54.9,71.17,90.21,69.52,59.95,32.91,1,84.89,48.43,Intermediate
S06756,1,74.91,72.92,66.2,72.45,44.74,87.14,90.64,84.18,65.76,0,98.62,71.62,Advanced
S06757,6,46.82,58.26,64.74,45.77,52.02,86.09,66.85,33.74,39.48,0,70.48,53.9,Intermediate
S06758,3,81.06,71.7,49.73,78.95,82.95,83.28,73.18,69.21,49.43,2,80.45,70.36,Advanced
S06759,1,87.52,78.48,98.86,78.67,46.65,95.48,96.86,100.0,70.72,0,87.68,85.88,Advanced
S06760,2,88.31,84.45,91.31,83.97,37.46,98.51,100.0,83.11,85.46,0,81.91,87.01,Advanced
S06761,10,45.06,49.77,43.86,61.03,52.28,80.47,59.75,62.58,22.66,0,85.04,49.93,Intermediate
S06762,2,63.03,38.57,77.17,46.57,68.18,90.52,94.31,46.48,29.83,1,59.99,56.33,Intermediate
S06763,2,38.53,60.52,24.78,35.54,65.91,83.96,58.0,44.89,39.25,1,76.66,39.84,Beginner
S06764,2,37.68,37.38,12.02,31.96,86.53,67.51,45.34,34.22,22.74,2,77.63,29.76,Beginner
S06765,8,63.03,29.27,35.15,47.49,52.4,94.32,50.56,55.43,35.42,1,53.58,43.73,Beginner
S06766,1,49.08,28.78,57.79,45.09,64.94,87.06,75.77,48.07,40.6,0,61.6,45.18,Beginner
S06767,3,78.71,50.11,53.95,58.22,52.67,98.01,72.47,80.83,57.88,1,53.47,60.24,Advanced
S06768,2,86.91,71.26,58.77,82.73,43.98,97.93,80.11,86.31,45.34,0,70.68,74.92,Advanced
S06769,6,61.16,60.88,44.79,73.62,49.0,75.28,79.76,68.07,44.43,0,81.63,60.11,Advanced
S06770,2,36.18,49.74,36.97,40.0,91.36,89.39,52.76,49.74,24.58,1,85.59,40.73,Intermediate
S06771,2,41.33,41.5,29.1,26.15,66.52,93.42,47.94,51.37,50.73,3,96.26,34.52,Beginner
S06772,2,45.35,69.63,68.95,46.81,51.27,75.14,70.86,69.0,45.81,0,60.36,57.69,Intermediate
S06773,6,64.48,51.91,24.61,79.33,75.29,79.5,66.12,39.91,34.4,0,43.43,55.08,Intermediate
S06774,4,43.34,26.73,10.4,38.45,83.21,81.78,39.37,28.38,15.05,0,63.59,29.73,Beginner
S06775,1,48.55,39.41,57.84,56.12,77.44,95.07,67.3,62.76,30.25,2,83.19,50.48,Advanced
S06776,6,65.71,61.97,59.5,45.41,78.47,91.66,87.28,63.96,63.09,0,100.0,58.15,Beginner
S06777,3,51.25,75.35,51.89,49.71,71.88,88.69,60.89,42.71,27.0,0,81.04,57.05,Intermediate
S06778,5,87.71,82.04,87.3,87.86,43.84,85.59,100.0,83.17,73.86,1,83.68,86.23,Advanced
S06779,2,55.65,52.56,59.82,63.93,59.07,81.58,64.13,55.82,41.05,0,88.89,57.99,Intermediate
S06780,4,65.55,56.76,60.81,84.68,62.96,87.78,71.88,54.91,42.7,0,75.8,66.95,Advanced
S06781,1,55.06,72.76,52.32,81.82,64.13,89.63,80.87,46.81,55.42,0,61.08,65.49,Advanced
S06782,5,50.33,80.69,58.62,61.8,47.57,97.06,69.86,63.25,48.24,1,69.08,62.86,Intermediate
S06783,4,79.7,51.57,88.72,65.75,59.24,87.81,73.67,80.27,41.3,0,51.99,71.44,Intermediate
S06784,3,67.49,51.64,71.23,58.69,75.34,79.25,93.62,79.3,54.75,0,83.43,62.26,Intermediate
S06785,2,73.91,94.55,74.27,77.84,53.69,90.08,97.18,79.15,66.3,0,65.51,80.14,Advanced
S06786,7,68.69,63.65,58.83,64.0,65.93,97.9,94.35,75.17,47.16,0,98.06,63.79,Advanced
S06787,4,42.96,30.07,46.48,35.1,66.66,96.55,47.35,35.57,12.76,0,79.19,38.65,Intermediate
S06788,1,76.04,86.66,86.91,74.22,60.21,92.16,94.6,87.09,55.21,0,79.49,80.96,Advanced
S06789,2,61.44,35.7,32.0,36.46,57.01,75.31,71.88,54.57,30.09,0,71.61,41.4,Intermediate
S06790,3,60.64,100.0,91.97,85.62,30.7,100,92.8,73.74,74.01,0,55.47,84.56,Advanced
S06791,6,41.02,69.21,63.43,58.37,63.52,93.91,71.11,36.53,44.59,0,70.13,58.01,Intermediate
S06792,1,42.98,18.46,23.19,20.88,69.97,77.11,48.95,24.64,3.06,3,78.19,26.38,Beginner
S06793,3,44.64,50.08,83.63,44.84,73.44,86.4,83.12,40.71,50.11,1,83.27,55.8,Intermediate
S06794,8,71.27,100.0,65.0,54.19,70.62,77.66,100.0,84.72,46.06,0,70.87,72.61,Advanced
S06795,2,70.64,73.85,95.02,79.96,75.13,94.21,74.14,62.43,57.59,0,71.05,79.87,Advanced
S06796,2,61.69,45.24,52.88,60.21,61.58,85.61,72.47,61.4,31.96,0,77.06,55.0,Intermediate
S06797,4,60.18,50.14,82.62,71.99,68.06,92.16,100.0,82.81,61.75,0,81.38,66.24,Advanced
S06798,1,38.46,41.14,62.34,35.58,75.63,93.79,59.47,44.45,35.01,3,75.41,44.38,Beginner
S06799,4,79.64,44.31,71.97,43.03,47.42,83.46,72.3,68.06,52.26,0,49.44,59.74,Intermediate
S06800,7,39.98,21.8,37.6,4.78,68.96,87.18,46.06,37.24,23.04,1,62.1,26.04,Beginner
S06801,5,53.96,86.21,67.17,50.42,67.44,99.53,59.06,38.33,41.81,1,61.47,64.44,Intermediate
S06802,1,26.13,24.78,29.67,46.6,81.61,93.31,73.6,55.54,42.2,2,85.07,31.8,Beginner
S06803,4,64.66,62.79,65.62,61.8,73.24,100,79.74,69.66,32.74,0,86.78,63.72,Advanced
S06804,6,31.3,29.05,45.63,46.21,82.45,97.05,39.68,31.3,29.61,1,78.11,38.05,Beginner
S06805,7,90.73,100.0,100.0,100.0,41.68,91.61,100.0,91.75,86.19,0,89.53,97.68,Advanced
S06806,1,51.94,43.26,49.63,29.98,72.79,68.84,62.05,37.01,13.62,1,83.84,43.7,Beginner
S06807,3,26.5,6.2,50.86,8.87,84.35,78.5,40.93,24.68,8.63,0,49.52,23.11,Beginner
S06808,6,58.37,64.04,71.05,59.86,49.51,76.42,71.52,59.7,59.65,0,78.37,63.33,Intermediate
S06809,5,82.44,80.51,74.32,77.97,43.52,95.43,100.0,82.37,55.8,0,94.95,78.81,Advanced
S06810,3,50.49,63.29,80.83,62.1,52.22,99.74,88.2,72.61,76.95,0,83.91,64.18,Advanced
S06811,9,56.31,52.74,56.01,77.31,44.85,88.98,73.15,32.94,47.78,0,90.6,60.59,Intermediate
S06812,1,54.26,38.49,44.52,35.91,76.33,74.26,67.29,61.89,31.28,0,87.1,43.29,Intermediate
S06813,3,55.79,50.62,17.8,49.74,56.39,73.52,62.27,34.45,0.0,0,72.07,43.49,Intermediate
S06814,1,76.42,62.89,50.04,65.12,64.96,75.09,81.66,63.4,34.18,0,68.15,63.62,Intermediate
S06815,3,94.43,85.86,100.0,90.0,46.39,97.81,99.21,100.0,86.1,0,83.74,92.57,Advanced
S06816,2,56.93,28.14,52.76,71.22,73.31,93.46,86.7,52.74,47.65,0,59.17,52.26,Intermediate
S06817,4,95.75,58.12,93.81,53.34,32.84,100,97.37,83.08,66.89,0,41.38,75.25,Advanced
S06818,5,51.79,56.99,52.23,54.16,45.09,78.03,71.32,39.99,34.71,0,89.26,53.79,Intermediate
S06819,6,89.35,67.86,53.39,68.22,48.18,90.31,98.15,87.62,67.03,0,70.51,69.7,Advanced
S06820,1,79.04,53.7,75.1,64.96,57.62,70.05,82.25,81.39,54.83,0,70.72,68.2,Advanced
S06821,2,32.6,42.54,38.64,20.42,74.18,89.45,37.06,43.67,28.87,0,79.49,33.55,Beginner
S06822,7,77.09,81.86,65.77,59.12,61.71,98.68,73.95,78.8,60.99,0,74.27,70.96,Intermediate
S06823,3,57.76,38.01,36.98,64.84,56.43,85.94,69.63,47.21,32.92,1,69.61,49.4,Intermediate
S06824,5,81.42,87.88,85.05,89.92,48.47,83.09,89.44,89.47,64.29,0,88.39,86.07,Advanced
S06825,1,77.24,83.16,64.04,81.13,57.76,97.13,77.08,70.7,58.83,0,92.49,76.39,Advanced
S06826,3,56.23,57.29,35.89,48.28,60.75,90.53,62.01,49.41,29.72,1,84.16,49.42,Intermediate
S06827,6,65.76,51.15,54.75,44.21,49.07,87.1,75.6,55.82,38.4,1,86.82,53.96,Intermediate
S06828,3,9.8,15.18,20.55,38.73,74.03,76.23,32.19,45.01,19.16,2,86.94,21.07,Beginner
S06829,1,46.91,43.59,49.24,67.89,49.32,88.96,51.87,48.57,30.46,0,77.07,51.9,Intermediate
S06830,5,58.87,69.01,67.3,59.44,56.59,82.93,70.94,71.64,50.23,0,87.85,63.66,Advanced
S06831,1,32.13,57.22,49.17,51.54,80.8,82.73,62.25,57.31,6.59,1,77.44,47.51,Intermediate
S06832,6,38.27,21.51,70.04,33.18,69.03,85.76,56.3,50.83,28.65,2,59.38,40.75,Beginner
S06833,1,79.08,69.02,62.32,58.13,60.36,76.66,100.0,66.4,65.79,0,84.02,67.14,Advanced
S06834,4,77.51,92.5,90.91,80.09,53.53,100.0,100.0,85.39,56.56,0,75.27,85.25,Advanced
S06835,7,23.27,32.09,19.74,39.73,81.26,79.67,38.67,34.35,7.67,2,79.21,28.71,Beginner
S06836,10,57.29,51.38,78.42,61.85,80.3,100,71.5,50.09,43.5,0,83.52,62.24,Advanced
S06837,3,66.88,41.39,63.32,66.74,61.05,95.93,52.31,52.76,31.15,0,68.27,59.58,Intermediate
S06838,1,79.31,51.83,57.14,28.61,52.46,82.2,78.45,54.59,45.58,0,57.34,54.22,Intermediate
S06839,6,75.14,67.5,72.56,88.68,53.95,83.28,94.41,73.69,41.53,0,77.34,75.97,Advanced
S06840,1,80.36,82.75,84.59,62.6,51.88,87.91,90.36,69.23,62.71,0,76.16,77.57,Advanced
S06841,10,69.0,72.1,76.88,51.15,57.49,79.41,76.96,81.12,57.44,0,84.0,67.28,Advanced
S06842,7,19.0,10.72,24.12,16.88,69.44,82.13,46.19,12.44,1.73,1,86.43,17.68,Beginner
S06843,7,72.94,62.69,48.85,79.62,64.4,72.42,81.2,68.34,70.38,0,68.85,66.03,Intermediate
S06844,1,95.95,90.45,56.0,81.64,20.95,83.68,100.0,81.63,48.87,0,78.39,81.01,Advanced
S06845,5,81.85,73.66,90.44,73.89,54.01,100,86.63,75.65,58.54,0,65.99,79.96,Advanced
S06846,7,58.5,75.17,47.62,51.93,67.32,79.23,60.81,70.46,34.42,2,87.28,58.3,Advanced
S06847,2,63.51,46.29,59.06,82.04,36.92,81.87,92.76,63.9,44.45,1,66.34,62.72,Intermediate
S06848,1,34.81,56.73,31.66,29.3,71.17,83.51,56.07,35.17,35.37,1,78.17,38.13,Beginner
S06849,4,74.07,96.92,73.15,76.62,33.87,85.33,88.13,89.73,82.29,1,56.08,80.19,Advanced
S06850,4,78.81,54.7,45.76,57.04,66.74,86.57,65.62,42.89,48.83,0,57.24,59.08,Intermediate
S06851,3,71.5,100.0,90.94,78.02,43.21,100,100.0,85.96,68.27,0,64.11,85.11,Advanced
S06852,3,77.83,74.0,59.7,54.59,58.09,88.17,78.37,60.59,47.92,0,97.48,66.53,Advanced
S06853,6,78.89,82.7,65.17,71.65,39.73,93.62,73.35,79.24,46.62,2,95.36,74.6,Advanced
S06854,7,76.67,68.18,48.86,52.97,58.12,88.51,70.14,57.92,60.61,0,95.79,61.67,Intermediate
S06855,2,63.2,52.01,47.44,44.82,66.46,92.38,67.47,63.16,54.59,0,93.37,51.87,Advanced
S06856,7,72.46,51.53,67.44,38.97,55.39,88.13,58.31,45.36,47.34,0,64.7,57.6,Intermediate
S06857,1,47.38,29.32,51.56,33.89,80.96,79.68,58.34,40.99,34.58,2,74.58,40.54,Intermediate
S06858,2,45.29,38.77,54.73,44.71,74.91,80.48,85.73,57.16,12.46,0,83.29,45.88,Intermediate
S06859,3,56.56,35.96,63.08,47.74,74.37,77.29,74.71,59.17,51.04,0,72.11,50.84,Intermediate
S06860,7,72.06,58.1,55.73,67.37,54.65,87.21,58.08,60.86,64.1,0,93.76,63.31,Intermediate
S06861,4,79.5,72.48,93.0,80.51,53.71,83.3,85.72,67.72,55.91,0,88.54,81.37,Advanced
S06862,1,58.35,65.47,80.35,81.11,58.84,92.91,67.44,64.41,52.22,0,88.38,71.32,Advanced
S06863,5,61.16,73.68,61.72,61.39,50.9,87.46,64.86,57.23,47.22,0,88.14,64.49,Intermediate
S06864,1,40.49,31.27,46.51,44.97,73.91,82.23,32.24,31.92,27.0,0,91.01,40.81,Intermediate
S06865,5,72.39,52.62,74.51,74.48,83.08,97.07,74.41,62.42,51.18,0,83.56,68.5,Advanced
S06866,1,38.53,33.68,45.28,76.6,94.54,82.04,76.54,37.33,46.45,0,82.57,48.52,Intermediate
S06867,2,37.0,23.85,34.57,38.36,59.24,69.88,62.2,26.81,18.58,1,81.37,33.45,Beginner
S06868,3,48.9,73.14,57.86,75.66,46.25,94.88,82.96,64.91,39.2,0,61.76,63.89,Advanced
S06869,9,63.63,67.71,74.31,74.04,53.82,92.2,79.18,76.56,69.21,0,88.33,69.92,Advanced
S06870,6,88.36,92.89,100.0,99.03,48.44,100,100.0,83.47,75.97,0,100.0,95.07,Advanced
S06871,2,41.23,38.58,30.86,9.92,54.03,84.47,51.78,42.94,37.78,2,93.41,30.15,Beginner
S06872,2,69.09,100.0,100.0,81.44,32.07,93.48,96.73,78.18,75.64,1,67.11,87.63,Advanced
S06873,10,44.24,59.1,65.51,55.16,52.54,91.66,73.35,50.95,39.96,1,79.69,56.0,Advanced
S06874,6,27.66,71.82,51.88,41.33,91.0,80.18,63.29,46.67,25.62,0,44.67,48.17,Intermediate
S06875,5,50.0,56.38,36.46,37.59,82.53,75.12,56.73,38.57,32.44,0,100.0,45.11,Beginner
S06876,4,99.15,100.0,100.0,100.0,28.97,100,100.0,96.48,100.0,0,100.0,99.79,Advanced
S06877,5,46.25,45.02,21.57,36.8,71.3,87.15,46.53,35.98,14.01,2,95.49,37.41,Intermediate
S06878,2,7.3,8.06,22.0,2.43,96.98,85.9,28.88,8.27,3.55,3,78.11,9.95,Beginner
S06879,5,43.98,36.04,39.57,54.13,65.98,80.0,77.23,49.09,23.86,0,88.89,43.43,Intermediate
S06880,5,21.34,37.62,37.8,47.48,54.16,73.25,51.04,53.05,0.0,0,89.59,36.06,Intermediate
S06881,4,77.11,59.26,54.05,58.22,54.29,88.92,58.67,60.2,59.06,1,77.73,62.16,Advanced
S06882,4,55.56,75.76,49.26,55.6,71.9,66.86,85.42,56.31,47.69,0,72.05,59.04,Intermediate
S06883,1,17.51,15.09,19.08,35.23,75.39,89.63,36.34,14.55,0.0,2,82.78,21.73,Beginner
S06884,4,59.66,45.79,54.61,64.89,40.11,93.79,88.91,61.93,64.63,0,83.1,56.24,Intermediate
S06885,5,56.12,67.89,53.06,54.79,68.53,91.02,84.13,57.31,55.05,1,92.6,57.96,Intermediate
S06886,6,43.43,46.0,45.11,41.54,66.64,79.99,65.01,64.71,41.26,0,89.98,44.02,Intermediate
S06887,4,31.23,29.5,34.7,29.51,85.97,72.37,48.26,29.88,19.35,3,97.66,31.23,Beginner
S06888,2,61.43,58.13,32.18,32.19,78.02,89.84,74.73,31.57,12.12,1,100.0,45.98,Beginner
S06889,6,55.72,48.94,28.01,54.71,76.94,82.59,86.54,64.77,51.28,1,84.39,46.84,Intermediate
S06890,2,62.31,40.56,46.38,61.54,62.03,87.22,52.5,56.44,32.45,0,60.23,52.7,Intermediate
S06891,5,31.12,28.93,18.75,49.19,73.97,82.94,63.22,24.91,17.31,2,95.95,32.0,Beginner
S06892,2,72.36,71.56,73.71,61.8,63.05,90.93,99.26,65.21,81.71,1,86.44,69.86,Advanced
S06893,4,71.71,100.0,68.36,87.49,62.77,97.8,100.0,80.75,86.8,0,56.52,81.89,Advanced
S06894,4,70.48,66.76,77.0,61.2,54.71,90.86,88.26,67.25,67.02,0,75.72,68.86,Advanced
S06895,8,59.08,53.82,55.16,55.59,71.37,86.85,74.86,60.16,49.26,1,91.38,55.91,Intermediate
S06896,5,69.4,67.12,70.15,80.86,56.65,92.13,94.99,79.36,56.97,1,81.74,71.88,Advanced
S06897,7,52.78,54.42,75.68,33.46,48.34,100,85.65,49.6,35.51,2,78.31,54.08,Intermediate
S06898,1,55.01,58.82,45.21,64.74,80.75,81.71,65.3,38.26,10.86,1,83.4,55.94,Intermediate
S06899,4,67.64,65.86,53.49,53.93,55.13,91.1,83.1,54.91,38.43,0,92.49,60.23,Advanced
S06900,6,90.65,51.24,67.13,61.58,58.01,90.57,72.75,65.49,30.46,0,50.03,67.65,Intermediate
S06901,8,42.4,62.44,78.85,61.61,63.27,94.6,81.2,48.61,55.19,0,62.07,61.32,Intermediate
S06902,1,50.04,47.37,43.98,66.76,74.48,88.02,63.65,31.47,38.35,0,76.84,52.04,Intermediate
S06903,11,55.71,60.92,21.54,20.46,65.96,71.49,58.84,62.22,22.12,0,88.68,39.66,Intermediate
S06904,1,63.89,61.69,53.98,57.06,54.92,81.0,72.54,54.78,44.67,0,99.97,59.16,Advanced
S06905,5,52.25,56.9,47.12,40.48,57.9,75.23,65.3,39.19,21.94,1,86.71,49.19,Intermediate
S06906,6,81.56,76.35,86.56,100.0,46.35,98.1,85.67,71.61,61.51,1,77.78,86.12,Advanced
S06907,3,49.08,43.39,50.86,47.98,79.41,81.59,50.66,35.73,19.86,1,95.5,47.83,Intermediate
S06908,5,31.07,43.26,58.01,55.2,66.97,79.41,63.09,64.73,28.76,1,90.49,46.89,Intermediate
S06909,2,72.55,38.74,41.52,70.27,81.3,61.6,52.92,67.91,51.28,2,60.37,55.77,Intermediate
S06910,7,73.79,61.61,96.64,76.48,56.67,100,83.94,73.16,64.2,0,79.76,77.13,Advanced
S06911,3,85.65,55.01,56.74,52.12,47.92,79.3,67.88,58.89,33.05,0,64.53,62.38,Intermediate
S06912,3,54.43,67.47,68.89,70.39,59.99,84.16,67.49,51.67,89.61,0,73.37,65.3,Advanced
S06913,5,52.15,31.5,22.34,43.22,73.18,85.77,51.81,47.17,7.11,1,57.72,37.3,Beginner
S06914,3,90.64,49.97,62.97,61.77,58.97,81.74,82.15,60.86,57.9,0,55.43,66.34,Intermediate
S06915,2,88.32,88.7,100.0,57.69,47.63,100,79.51,71.11,66.42,0,94.56,83.68,Advanced
S06916,4,74.61,63.05,56.6,70.94,66.77,77.62,82.4,54.97,54.1,1,84.78,66.3,Intermediate
S06917,3,59.41,50.64,65.31,57.79,80.25,90.73,77.57,55.99,32.83,0,80.71,58.29,Beginner
S06918,5,83.72,75.62,79.53,82.6,56.99,90.35,81.4,70.35,86.97,2,85.87,80.37,Advanced
S06919,6,36.89,59.05,54.43,46.28,49.56,81.77,89.57,74.41,44.69,0,75.37,49.16,Advanced
S06920,4,69.73,72.77,69.97,61.49,53.63,95.9,76.18,78.95,66.05,0,91.8,68.49,Advanced
S06921,4,73.64,76.12,70.87,82.56,58.73,83.82,77.85,83.02,55.73,0,94.24,75.8,Advanced
S06922,4,66.18,48.46,32.33,53.82,51.18,80.61,71.02,52.32,46.11,0,60.22,50.2,Intermediate
S06923,2,62.11,73.57,52.6,47.65,41.44,92.1,73.98,58.22,34.85,1,94.37,58.98,Intermediate
S06924,3,13.49,38.13,52.71,43.55,72.71,65.3,44.94,23.21,0.0,2,58.41,36.97,Beginner
S06925,1,14.99,4.62,4.4,16.4,91.77,75.86,19.93,6.68,0.0,2,76.14,10.1,Beginner
S06926,6,44.62,62.57,60.66,69.27,58.92,88.9,89.5,94.21,60.07,0,66.61,59.28,Advanced
S06927,2,19.07,17.11,19.81,17.87,83.44,68.55,29.34,23.06,17.62,1,89.93,18.47,Beginner
S06928,5,54.95,56.95,67.38,80.53,70.89,95.64,63.43,65.73,50.14,2,92.24,64.95,Advanced
S06929,4,0.0,0.0,13.49,18.26,98.53,80.68,34.03,14.06,0.0,3,94.81,7.94,Beginner
S06930,1,42.51,62.06,36.69,56.15,67.84,75.52,55.02,60.79,21.78,1,66.94,49.35,Intermediate
S06931,5,79.62,61.94,73.34,69.9,72.21,91.4,85.22,62.96,73.08,0,81.21,71.2,Advanced
S06932,5,73.7,100.0,71.83,62.59,45.97,95.43,81.6,80.13,68.85,0,64.33,77.03,Advanced
S06933,4,29.63,39.53,17.88,59.62,76.92,76.95,49.31,29.49,0.52,1,67.96,36.66,Beginner
S06934,7,66.17,72.04,38.2,60.91,45.82,100,83.89,62.89,65.03,0,81.56,59.33,Intermediate
S06935,3,54.22,76.3,69.23,78.79,69.63,88.3,73.6,81.03,48.48,2,72.34,69.64,Advanced
S06936,10,59.59,31.14,25.65,23.92,74.72,81.55,53.62,60.07,27.54,0,73.41,35.07,Intermediate
S06937,5,76.63,57.54,42.78,39.85,49.15,91.55,53.72,60.66,21.14,1,86.58,54.2,Intermediate
S06938,2,51.3,44.05,57.66,50.9,48.75,83.69,70.97,55.79,40.42,1,94.15,50.98,Intermediate
S06939,5,70.37,71.09,42.57,62.63,55.7,91.24,84.56,73.67,53.22,0,96.21,61.67,Advanced
S06940,1,37.33,32.19,44.86,40.57,66.47,78.94,79.85,49.19,22.48,0,100.0,38.74,Beginner
S06941,6,38.35,44.76,27.13,54.29,45.83,68.03,83.56,52.41,30.45,0,69.82,41.13,Beginner
S06942,5,46.26,67.7,45.83,37.39,67.46,74.74,54.57,37.73,35.64,0,79.73,49.3,Beginner
S06943,8,36.26,29.41,48.46,51.03,45.71,85.28,52.81,62.43,24.97,1,86.02,41.29,Beginner
S06944,6,70.77,73.97,77.22,62.09,56.42,87.05,80.79,78.71,67.26,0,90.86,71.01,Advanced
S06945,1,40.3,82.55,73.98,49.89,31.52,76.47,87.07,82.47,70.42,0,40.56,61.68,Advanced
S06946,8,58.38,77.96,72.85,60.82,40.04,99.21,100.0,63.13,66.27,1,68.22,67.5,Advanced
S06947,3,55.12,55.83,72.61,80.23,52.98,87.22,70.76,65.43,62.91,0,86.14,65.95,Advanced
S06948,9,58.75,39.16,60.07,59.23,56.07,96.23,59.34,50.43,52.42,0,66.76,54.3,Advanced
S06949,2,40.1,51.87,47.8,59.98,56.46,89.05,43.27,44.44,51.45,1,82.74,49.94,Intermediate
S06950,7,15.51,63.49,54.66,31.06,71.22,92.71,56.33,18.9,26.43,3,33.96,41.18,Beginner
S06951,2,62.26,71.67,71.0,59.11,51.05,88.01,88.84,61.45,61.62,0,79.61,66.01,Advanced
S06952,9,84.6,54.9,53.56,60.78,64.42,87.62,90.37,66.05,43.61,0,60.8,63.46,Intermediate
S06953,3,46.34,62.97,35.73,63.03,88.91,78.62,56.57,31.83,17.0,0,50.13,52.02,Intermediate
S06954,6,70.04,67.71,66.14,85.67,51.36,96.08,95.63,77.86,60.22,0,83.29,72.39,Intermediate
S06955,1,68.75,73.81,85.23,63.78,55.02,95.22,91.79,79.54,62.26,0,86.32,72.89,Advanced
S06956,6,97.57,84.32,84.42,100.0,32.88,100,100.0,89.37,88.98,0,77.35,91.58,Advanced
S06957,4,32.17,35.61,25.53,39.38,70.64,66.39,58.12,36.27,25.68,0,82.31,33.17,Beginner
S06958,7,57.1,51.55,40.97,65.86,56.01,93.65,82.27,50.03,30.2,0,79.64,53.87,Intermediate
S06959,5,55.21,26.79,55.2,49.86,68.39,80.09,54.58,43.76,28.89,2,55.68,46.77,Beginner
S06960,1,64.61,62.26,77.69,63.82,36.3,92.31,85.49,52.67,76.82,0,91.86,67.09,Advanced
S06961,7,72.81,71.81,62.07,89.86,62.51,96.37,70.77,44.36,60.88,0,73.5,74.14,Advanced
S06962,10,46.03,53.24,64.78,44.62,51.2,90.35,63.12,48.0,33.0,0,76.79,52.16,Intermediate
S06963,7,78.53,62.9,100.0,69.11,48.88,97.28,80.02,64.53,44.14,1,70.17,77.63,Advanced
S06964,6,64.39,51.4,46.81,61.73,62.04,94.51,91.78,74.81,42.69,0,91.18,56.08,Advanced
S06965,5,73.33,62.09,53.85,44.82,40.68,89.45,49.8,57.41,36.03,0,77.85,58.52,Intermediate
S06966,4,61.13,54.78,47.84,52.19,59.59,91.27,65.27,55.03,43.95,2,94.54,53.99,Intermediate
S06967,4,48.64,60.47,47.31,47.48,74.43,83.69,57.09,64.19,43.62,1,79.26,50.98,Intermediate
S06968,3,52.25,43.6,41.36,70.49,70.88,87.86,43.13,41.44,17.62,1,75.22,51.93,Intermediate
S06969,6,79.76,50.43,84.14,76.21,52.75,83.53,79.3,59.72,37.17,0,64.32,72.63,Advanced
S06970,6,74.75,68.16,74.29,82.08,20.04,86.36,92.86,74.55,62.62,0,84.14,74.82,Advanced
S06971,3,93.05,75.47,94.85,89.51,36.29,98.17,100.0,80.12,68.63,0,80.59,88.22,Advanced
S06972,3,64.85,78.6,64.03,43.38,48.58,69.08,84.98,46.39,28.29,0,83.35,62.72,Intermediate
S06973,4,37.55,13.11,39.62,51.0,92.57,70.59,57.29,33.57,0.0,0,60.81,35.32,Beginner
S06974,2,60.18,56.16,60.5,51.1,68.27,69.54,64.93,52.34,18.08,3,98.68,56.98,Intermediate
S06975,1,55.64,55.57,64.72,54.08,57.86,92.95,76.29,59.15,42.72,0,85.55,57.5,Intermediate
S06976,10,67.01,62.58,63.44,77.95,61.71,91.1,96.91,60.22,46.28,0,100.0,67.75,Advanced
S06977,2,70.91,31.48,59.27,60.03,61.75,86.9,71.0,43.73,25.55,2,48.95,55.42,Intermediate
S06978,1,55.52,59.56,49.78,56.94,75.64,92.22,72.39,63.86,67.38,1,84.48,55.45,Advanced
S06979,1,52.93,82.87,78.43,61.47,51.43,87.14,76.92,56.01,40.06,1,44.6,68.92,Advanced
S06980,3,46.03,61.8,39.65,16.34,74.35,96.16,67.84,51.46,38.54,0,69.67,40.95,Intermediate
S06981,4,50.71,56.0,93.75,52.12,60.73,79.7,59.53,60.59,23.06,0,73.37,63.15,Intermediate
S06982,1,58.82,63.18,66.76,62.15,64.42,74.43,84.78,70.4,71.07,1,91.97,62.73,Intermediate
S06983,3,26.35,16.04,33.0,13.14,87.99,66.63,54.92,35.5,31.23,1,71.01,22.13,Beginner
S06984,3,69.11,56.62,56.3,71.78,56.79,90.45,76.82,61.5,36.96,0,79.95,63.45,Advanced
S06985,7,25.54,33.26,47.66,43.22,76.91,79.27,50.71,13.8,31.38,2,85.62,37.42,Intermediate
S06986,4,78.33,63.15,88.05,71.3,64.36,83.79,79.53,100.0,59.23,0,77.58,75.21,Advanced
S06987,5,72.23,55.02,87.71,67.19,74.58,90.6,100.0,100.0,82.79,0,56.07,70.54,Advanced
S06988,5,62.92,63.62,67.93,69.55,58.76,84.6,75.47,35.26,37.05,2,100.0,66.01,Intermediate
S06989,5,46.31,74.81,63.62,65.45,42.95,89.46,68.17,82.16,52.43,0,63.52,62.55,Advanced
S06990,4,69.71,65.22,89.23,82.67,39.93,98.37,81.96,81.78,88.07,0,92.42,76.71,Advanced
S06991,3,58.26,74.77,44.69,48.8,36.06,100,69.59,51.14,36.48,1,80.74,56.63,Intermediate
S06992,4,99.21,84.17,100.0,93.11,54.32,95.3,100.0,85.97,94.58,0,81.61,94.12,Advanced
S06993,8,73.02,53.79,66.01,67.36,61.82,93.49,75.14,52.82,44.23,0,87.12,65.04,Advanced
S06994,1,47.7,44.04,46.16,29.25,71.79,81.33,59.34,43.96,35.68,1,77.65,41.79,Beginner
S06995,4,49.21,55.6,49.64,32.66,66.11,92.17,63.19,45.57,35.04,1,78.53,46.78,Beginner
S06996,9,62.52,68.04,57.51,68.47,49.58,100,60.51,67.22,51.33,0,100.0,64.14,Advanced
S06997,5,55.62,85.29,89.48,67.56,44.61,71.3,66.3,54.92,38.63,0,51.52,74.49,Intermediate
S06998,4,20.31,41.8,39.77,32.35,81.31,81.34,35.82,47.03,29.08,2,64.62,33.56,Beginner
S06999,6,51.62,60.28,68.77,75.97,40.26,86.25,88.68,73.03,51.67,0,85.58,64.16,Advanced
S07000,1,30.36,39.04,31.43,29.9,92.46,94.4,49.66,43.27,16.97,3,70.7,32.68,Beginner
S07001,5,89.44,94.93,100.0,80.03,58.97,85.77,100.0,100.0,73.89,0,76.85,91.1,Advanced
S07002,4,64.06,35.01,52.11,64.92,48.96,82.46,68.56,48.98,34.02,0,63.74,54.03,Intermediate
S07003,2,56.64,70.68,57.67,89.59,57.06,92.01,75.04,58.01,56.79,0,73.79,68.65,Intermediate
S07004,4,53.9,61.68,63.59,25.76,66.6,94.39,77.31,31.45,30.34,1,72.3,51.23,Intermediate
S07005,4,68.2,47.97,40.27,66.48,65.0,92.71,69.24,60.67,35.2,0,56.65,55.73,Intermediate
S07006,11,30.08,17.81,0.0,0.0,85.89,77.57,35.04,26.55,0.0,2,92.21,11.97,Beginner
S07007,3,25.13,43.0,43.97,0.0,80.5,78.84,39.32,34.53,15.09,2,54.7,28.03,Beginner
S07008,9,34.8,39.42,25.95,43.88,54.19,66.16,53.95,42.75,28.98,0,92.62,36.01,Intermediate
S07009,4,46.81,56.94,91.5,57.18,62.76,95.65,86.84,74.47,41.85,0,73.25,63.11,Advanced
S07010,4,88.43,84.61,71.03,97.26,49.37,93.77,100.0,72.47,85.94,0,79.6,85.33,Advanced
S07011,5,76.92,66.1,61.08,64.69,51.69,94.72,75.46,58.42,61.68,0,80.36,67.2,Advanced
S07012,11,28.71,27.85,32.2,28.02,72.48,100,75.47,44.22,27.19,0,96.18,29.2,Beginner
S07013,4,30.65,65.99,36.19,52.34,68.39,94.65,51.85,52.79,7.21,0,51.43,46.29,Beginner
S07014,3,47.23,58.8,71.1,81.32,56.6,79.56,75.63,64.02,35.5,0,77.64,64.61,Advanced
S07015,5,46.77,45.09,53.52,30.4,68.62,74.36,48.5,45.49,28.12,2,85.4,43.95,Beginner
S07016,2,63.34,62.33,71.15,60.39,67.15,92.54,70.47,73.39,62.0,0,91.92,64.31,Advanced
S07017,5,82.66,76.7,63.49,97.89,43.09,75.95,85.88,58.55,59.89,1,66.43,80.18,Advanced
S07018,6,34.08,68.38,55.74,27.56,68.94,92.27,76.64,46.7,13.03,0,50.35,46.44,Intermediate
S07019,2,64.3,62.89,61.1,63.42,57.61,98.48,73.4,41.08,30.74,1,100.0,62.93,Intermediate
S07020,7,71.46,57.74,80.17,75.77,64.35,82.1,97.29,69.59,57.06,0,89.8,71.29,Advanced
S07021,1,72.19,58.85,99.69,84.73,41.35,98.81,86.39,56.29,45.94,0,77.28,78.86,Advanced
S07022,4,71.71,78.28,55.77,53.11,72.88,80.06,91.49,57.37,29.68,0,86.39,64.72,Advanced
S07023,2,86.14,100.0,73.06,69.29,53.98,81.25,81.52,65.56,60.22,0,75.62,82.12,Advanced
S07024,6,82.33,52.29,48.73,38.89,47.46,78.08,54.43,71.74,36.02,1,67.25,55.56,Intermediate
S07025,1,69.7,60.21,49.46,64.8,50.02,93.62,81.68,59.99,58.6,0,81.82,61.04,Advanced
S07026,5,63.34,29.85,72.03,36.9,51.26,98.02,75.48,71.96,27.57,2,46.22,50.53,Intermediate
S07027,2,71.85,72.53,73.65,56.13,48.07,84.35,83.07,33.89,38.2,1,90.76,68.54,Advanced
S07028,1,56.51,65.65,74.24,63.83,68.19,94.07,75.14,66.57,44.32,0,76.02,65.06,Advanced
S07029,2,56.08,45.62,47.8,28.57,64.92,98.52,65.43,24.47,26.15,1,78.44,44.52,Beginner
S07030,6,37.16,65.19,62.18,50.28,75.83,77.57,65.31,32.81,37.11,0,68.4,53.7,Intermediate
S07031,1,53.75,39.63,52.21,33.01,62.66,79.5,61.53,56.12,24.9,3,76.54,44.65,Beginner
S07032,8,91.95,100.0,55.22,77.14,59.76,88.27,100.0,72.85,67.07,0,64.37,81.08,Advanced
S07033,4,71.57,66.12,71.47,95.8,52.37,88.65,90.01,88.49,53.95,0,80.94,76.24,Advanced
S07034,3,27.2,26.66,31.27,28.21,81.51,74.04,50.72,25.97,23.7,1,100.0,28.33,Beginner
S07035,6,3.95,26.1,11.12,24.37,80.37,80.53,51.92,15.94,3.0,0,72.12,16.39,Beginner
S07036,3,36.1,23.81,40.84,40.51,75.25,91.56,70.64,33.43,44.7,1,88.05,35.31,Intermediate
S07037,7,57.61,74.11,37.68,37.65,53.93,83.86,77.45,61.8,34.95,0,84.45,51.76,Intermediate
S07038,8,66.87,71.18,64.95,75.73,78.45,78.49,95.27,84.87,40.12,0,99.86,69.68,Advanced
S07039,3,56.64,51.14,71.98,56.63,56.67,88.52,50.81,57.65,49.95,1,80.68,59.1,Advanced
S07040,2,67.27,75.16,53.2,57.53,56.41,96.85,81.78,64.15,74.84,0,94.7,63.29,Advanced
S07041,6,59.01,55.49,33.31,60.32,66.38,91.77,72.49,52.87,62.62,4,91.23,52.03,Advanced
S07042,9,50.82,38.27,50.27,60.07,80.28,99.29,79.48,46.35,56.03,1,79.94,49.86,Intermediate
S07043,3,51.92,35.64,63.82,54.55,78.76,81.56,48.61,49.32,15.92,0,73.74,51.48,Intermediate
S07044,3,41.51,64.43,53.67,48.08,72.87,86.44,66.51,86.04,47.56,2,60.26,51.92,Intermediate
S07045,4,42.04,71.26,71.74,80.39,56.24,99.07,84.64,82.6,37.69,0,68.6,66.36,Intermediate
S07046,1,64.39,56.63,47.21,64.12,64.1,88.99,87.12,75.8,51.92,0,72.09,58.09,Advanced
S07047,4,51.12,41.89,42.53,29.77,74.76,81.49,69.5,46.1,12.0,1,85.56,41.33,Intermediate
S07048,2,55.33,46.01,55.29,40.93,91.17,82.86,52.49,38.64,34.9,1,75.6,49.39,Intermediate
S07049,5,27.43,44.98,24.83,28.1,57.75,83.13,48.94,36.38,15.19,2,80.61,31.33,Beginner
S07050,1,59.82,62.17,62.99,59.64,63.59,94.22,67.52,44.59,39.4,1,100.0,61.16,Advanced
S07051,5,56.29,68.12,55.66,64.54,48.28,89.81,74.58,56.11,73.65,1,79.11,61.15,Advanced
S07052,5,50.38,41.96,22.95,45.1,62.19,91.39,51.11,48.67,37.88,1,74.57,40.1,Beginner
S07053,10,62.63,77.01,52.31,67.32,49.74,87.51,74.47,67.39,44.7,0,77.42,64.82,Advanced
S07054,4,77.47,77.35,87.27,66.3,51.44,98.9,73.73,74.47,70.58,1,84.23,77.1,Advanced
S07055,1,57.49,47.47,64.92,54.05,70.42,81.74,64.79,48.05,36.81,0,85.9,55.98,Intermediate
S07056,2,74.5,65.81,61.4,74.88,60.32,87.54,73.06,73.0,51.65,0,99.61,69.15,Advanced
S07057,6,45.23,41.45,39.0,39.32,68.51,64.54,51.47,47.9,17.71,0,91.47,41.25,Beginner
S07058,5,47.64,31.23,28.94,59.14,65.12,95.81,57.31,51.1,28.16,1,68.89,41.74,Intermediate
S07059,3,34.06,34.06,26.84,22.0,98.6,84.53,44.9,17.83,0.0,3,92.6,29.24,Beginner
S07060,4,35.58,36.95,17.23,30.49,88.12,79.83,39.17,26.87,1.63,3,82.97,30.06,Beginner
S07061,1,26.6,33.75,29.95,40.61,57.78,67.15,57.16,24.8,9.92,1,90.67,32.73,Beginner
S07062,6,43.2,34.64,30.52,65.47,72.62,83.04,58.81,43.64,28.55,2,61.68,43.46,Intermediate
S07063,1,32.39,35.73,39.57,32.32,81.0,79.66,30.8,27.31,33.86,2,90.23,35.0,Beginner
S07064,2,21.19,29.55,52.03,3.44,67.27,74.3,36.26,26.43,36.94,1,55.9,26.55,Beginner
S07065,5,86.57,64.98,96.24,81.14,46.85,93.12,99.41,78.61,58.86,0,82.81,82.23,Advanced
S07066,1,30.22,47.56,50.4,46.13,89.25,86.35,75.65,60.82,26.57,2,73.5,43.58,Intermediate
S07067,10,34.33,39.56,43.12,42.48,65.38,86.59,50.67,44.29,34.48,1,85.38,39.87,Intermediate
S07068,3,75.58,72.46,65.8,64.35,42.27,77.6,80.73,74.23,69.08,0,98.27,69.55,Advanced
S07069,3,80.99,74.85,57.43,80.7,54.56,98.11,82.07,78.5,56.79,1,71.81,73.49,Advanced
S07070,1,60.11,59.85,55.36,51.36,79.41,88.65,51.65,46.46,45.15,1,81.17,56.67,Intermediate
S07071,5,21.29,21.48,23.9,51.58,70.84,85.02,45.11,30.52,33.95,1,74.24,29.56,Beginner
S07072,4,58.83,38.37,39.55,31.74,66.13,78.12,61.97,54.32,32.75,1,82.03,42.12,Intermediate
S07073,7,37.6,46.63,38.22,42.5,74.9,93.37,53.56,39.1,11.56,1,87.85,41.24,Intermediate
S07074,1,52.3,50.23,45.23,51.49,63.89,84.68,71.32,49.79,52.69,1,86.33,49.81,Intermediate
S07075,4,21.42,44.65,33.76,62.45,97.71,91.5,61.3,43.97,34.98,3,71.62,40.57,Beginner
S07076,3,26.38,49.67,56.33,19.83,71.44,88.13,62.28,31.14,26.65,2,38.67,38.05,Beginner
S07077,1,78.67,38.65,52.0,57.72,59.6,83.29,69.2,70.61,50.7,0,56.34,56.76,Intermediate
S07078,7,77.54,77.06,51.73,69.99,61.41,89.55,84.24,92.11,61.65,0,100.0,69.08,Advanced
S07079,5,66.52,34.48,43.28,48.85,59.77,88.48,54.57,44.24,36.09,0,61.97,48.28,Intermediate
S07080,1,73.38,91.07,60.04,47.03,47.1,79.19,73.35,38.29,53.63,0,79.37,67.88,Intermediate
S07081,1,89.06,67.17,60.58,88.33,61.91,88.09,68.92,69.23,51.51,0,64.1,76.28,Advanced
S07082,1,40.84,28.11,25.13,22.28,89.41,76.77,30.77,37.2,28.92,0,91.7,29.09,Beginner
S07083,6,74.74,71.87,71.67,71.22,61.97,86.99,71.48,64.58,26.14,0,100.0,72.37,Advanced
S07084,3,71.2,52.02,49.67,56.89,81.83,86.32,65.78,52.52,52.75,0,78.35,57.45,Intermediate
S07085,2,40.02,29.64,17.24,35.26,83.76,95.4,74.83,36.83,32.82,3,85.98,30.54,Beginner
S07086,8,70.53,61.96,63.53,60.57,37.35,82.87,77.75,54.33,39.75,1,94.22,64.15,Intermediate
S07087,7,64.96,45.36,69.34,64.2,82.89,81.75,72.67,55.9,47.86,0,72.57,60.97,Intermediate
S07088,6,40.47,43.25,29.35,28.71,80.07,99.49,48.85,47.45,22.19,1,100.0,35.45,Beginner
S07089,1,48.95,60.64,59.41,42.4,66.28,72.03,66.07,52.5,2.09,0,80.39,52.85,Intermediate
S07090,1,11.31,27.69,2.98,8.68,79.44,72.07,30.33,14.99,0.28,3,87.13,12.67,Beginner
S07091,4,64.42,74.19,62.9,65.35,50.54,92.83,66.8,58.41,55.95,0,93.0,66.72,Advanced
S07092,3,36.09,48.62,70.49,49.02,56.57,89.04,78.16,35.29,37.75,4,73.67,51.06,Intermediate
S07093,6,53.99,53.91,44.55,43.09,74.95,78.15,75.18,48.74,34.57,0,100.0,48.89,Intermediate
S07094,2,51.51,61.12,60.96,74.79,72.3,76.7,66.19,69.68,53.66,1,86.91,62.09,Advanced
S07095,7,37.22,49.43,53.65,48.88,73.94,86.92,74.09,40.19,17.76,0,100.0,47.3,Intermediate
S07096,5,52.94,42.34,30.78,55.55,56.66,76.16,69.27,30.79,0.0,1,72.29,45.4,Beginner
S07097,7,78.23,71.21,64.26,70.07,58.42,89.31,87.81,49.63,52.64,0,92.01,70.94,Advanced
S07098,6,57.48,65.83,43.14,48.88,70.68,72.09,69.79,63.36,36.1,0,80.73,53.83,Intermediate
S07099,4,70.14,48.83,60.22,41.41,61.37,92.9,68.0,83.82,50.38,0,57.4,55.15,Intermediate
S07100,6,57.03,56.01,69.05,35.04,51.05,77.6,58.29,63.29,43.5,0,82.41,54.28,Intermediate
S07101,4,99.1,67.6,74.57,79.26,49.02,95.7,100.0,100.0,73.26,1,72.83,80.13,Advanced
S07102,1,89.75,70.39,63.97,68.31,63.46,95.07,99.38,92.21,74.7,0,80.44,73.1,Advanced
S07103,4,69.59,79.53,66.2,66.64,45.4,89.27,75.62,67.94,40.62,0,92.17,70.49,Advanced
S07104,1,4.79,9.79,28.12,19.07,66.91,86.55,44.4,35.76,11.51,0,86.23,15.44,Beginner
S07105,4,63.0,72.13,68.58,60.7,55.68,79.13,77.54,70.79,41.19,0,81.84,66.1,Advanced
S07106,1,68.53,49.73,50.81,70.45,58.01,87.31,80.56,56.06,37.88,0,66.12,59.88,Intermediate
S07107,8,82.65,81.02,67.85,52.53,44.63,77.96,93.85,75.35,79.62,0,87.7,71.01,Advanced
S07108,2,27.03,53.45,40.2,62.15,72.41,89.94,59.82,48.62,47.83,0,59.44,45.71,Intermediate
S07109,11,33.55,33.98,3.62,2.26,91.46,87.3,35.6,42.76,22.81,1,96.3,18.36,Beginner
S07110,7,25.26,45.48,37.59,45.08,69.0,75.97,47.26,42.96,19.53,1,73.91,38.35,Beginner
S07111,1,73.45,80.5,53.74,83.09,46.91,89.4,94.7,82.6,45.87,0,80.21,72.69,Advanced
S07112,7,18.05,0.0,14.2,39.18,94.91,81.74,37.17,27.45,7.56,1,56.84,17.86,Beginner
S07113,5,56.8,49.87,44.03,64.26,68.97,100,73.78,77.39,43.39,0,71.71,53.74,Intermediate
S07114,7,28.18,28.5,49.09,27.18,48.72,82.24,63.01,43.88,47.76,1,84.9,33.24,Beginner
S07115,3,77.51,67.5,67.87,73.2,54.17,98.55,90.18,75.49,58.77,0,88.67,71.52,Advanced
S07116,5,80.28,63.6,75.37,84.32,55.45,100,98.47,96.75,69.85,0,83.13,75.89,Advanced
S07117,5,78.6,98.6,97.94,100.0,22.27,90.95,100.0,90.64,54.63,0,74.86,93.78,Advanced
S07118,2,39.6,52.97,56.5,56.41,88.48,82.85,58.62,54.73,43.85,0,94.12,51.37,Intermediate
S07119,2,69.24,65.21,36.32,32.43,49.86,88.79,79.13,59.04,59.6,0,80.26,50.8,Intermediate
S07120,5,56.47,90.15,56.16,67.74,35.42,83.4,77.45,74.76,39.6,0,50.2,67.63,Intermediate
S07121,2,57.59,78.88,62.64,51.09,70.01,83.54,57.85,46.95,31.61,1,77.51,62.55,Intermediate
S07122,7,72.62,82.8,66.5,99.78,36.08,92.45,90.32,75.02,47.79,1,78.95,80.42,Advanced
S07123,5,64.09,73.12,48.54,84.02,44.12,97.22,72.82,64.43,59.31,0,75.58,67.44,Advanced
S07124,4,49.45,69.38,89.44,73.08,42.61,87.38,73.76,51.45,35.09,0,61.5,70.34,Advanced
S07125,7,80.72,86.51,66.51,82.28,58.55,88.14,100.0,72.98,49.12,0,86.88,79.01,Advanced
S07126,7,24.15,16.63,20.27,32.43,83.22,71.24,27.59,19.32,1.62,1,85.99,23.37,Beginner
S07127,5,0.0,25.49,23.9,15.9,75.62,76.01,33.72,4.58,13.69,4,75.2,16.32,Beginner
S07128,3,61.37,70.21,55.96,65.55,62.84,96.43,87.0,90.07,41.38,0,76.89,63.27,Advanced
S07129,1,70.13,100.0,79.26,74.9,51.47,80.43,99.39,79.36,72.74,0,79.39,81.07,Advanced
S07130,6,81.47,80.55,88.58,83.21,56.82,94.65,94.43,85.36,71.04,0,80.34,83.45,Advanced
S07131,2,3.9,14.68,8.28,11.21,107.7,79.76,19.08,16.16,0.0,3,86.49,9.52,Beginner
S07132,1,50.37,27.51,52.47,35.02,71.22,77.15,68.18,47.32,12.77,1,58.32,41.34,Beginner
S07133,2,52.92,60.44,40.21,63.67,81.91,89.72,57.9,54.82,45.49,3,66.07,54.31,Intermediate
S07134,3,27.25,31.98,18.06,38.78,77.63,78.69,42.7,37.19,5.57,1,77.88,29.02,Beginner
S07135,5,64.37,55.34,67.72,92.27,62.88,93.47,89.12,59.89,53.93,0,83.58,69.92,Intermediate
S07136,2,51.3,67.86,32.5,51.07,63.55,92.43,89.34,56.09,65.75,0,74.89,50.68,Intermediate
S07137,8,50.96,76.1,66.74,78.85,45.64,95.68,70.45,69.61,69.66,1,67.4,68.16,Advanced
S07138,2,52.58,31.64,46.42,54.73,59.76,93.84,63.88,48.68,32.04,0,74.22,46.34,Intermediate
S07139,6,72.23,57.32,90.58,75.37,35.39,95.32,85.21,90.07,61.05,0,67.48,73.88,Advanced
S07140,4,73.52,57.31,61.63,62.76,48.76,86.99,76.01,70.3,53.12,0,84.09,63.81,Intermediate
S07141,4,53.38,48.31,72.37,68.31,84.26,77.28,78.08,88.43,53.05,0,94.8,60.59,Advanced
S07142,7,96.29,92.24,100.0,74.58,54.02,98.51,100.0,76.33,74.83,0,76.28,90.78,Advanced
S07143,2,77.02,75.54,90.5,65.67,43.59,95.88,100.0,85.88,52.72,0,80.92,77.18,Advanced
S07144,2,92.24,96.52,96.82,100.0,33.33,100,99.73,100.0,73.3,1,100.0,96.4,Advanced
S07145,6,93.24,93.48,86.63,79.63,57.63,88.33,100.0,88.68,59.57,0,84.91,88.25,Advanced
S07146,6,66.07,68.87,75.61,59.22,72.73,98.01,77.77,68.83,40.87,1,93.98,67.44,Intermediate
S07147,2,41.42,21.31,53.59,31.17,75.42,68.43,48.09,47.79,10.5,1,76.13,36.87,Beginner
S07148,1,81.05,56.86,58.44,57.17,75.24,89.51,76.61,66.03,68.32,0,75.02,63.38,Intermediate
S07149,5,39.82,50.99,47.86,24.76,74.22,91.91,62.68,32.3,23.38,2,72.14,40.86,Beginner
S07150,1,96.53,100.0,98.24,98.87,44.67,86.33,100.0,85.23,71.9,1,93.04,98.41,Advanced
S07151,1,39.74,34.94,45.06,31.63,74.52,87.16,43.98,15.77,14.3,1,94.79,37.84,Beginner
S07152,2,69.69,74.26,77.71,82.84,44.48,90.71,75.61,59.53,37.21,0,100.0,76.13,Advanced
S07153,2,65.34,42.03,68.48,85.1,60.04,94.63,83.0,88.1,43.26,0,47.53,65.24,Intermediate
S07154,5,45.19,52.24,26.27,48.04,88.34,72.82,55.58,34.0,25.35,0,82.0,42.94,Beginner
S07155,2,59.32,56.34,86.65,74.74,60.81,82.14,99.63,65.93,56.33,0,89.8,69.26,Advanced
S07156,6,50.84,47.87,59.68,39.49,77.8,92.23,56.46,45.38,39.77,3,84.65,49.47,Intermediate
S07157,4,48.29,41.24,51.56,25.44,65.75,75.88,40.92,42.79,56.51,0,83.49,41.63,Intermediate
S07158,7,9.91,29.85,32.19,21.02,75.26,79.66,40.44,24.39,12.8,0,72.3,23.24,Beginner
S07159,2,43.68,21.66,38.68,32.06,67.41,87.69,53.49,47.59,33.33,2,77.26,34.02,Beginner
S07160,1,62.46,52.22,58.86,71.39,56.48,88.23,70.39,72.89,55.64,0,71.33,61.23,Intermediate
S07161,3,61.49,60.59,68.59,64.61,45.07,93.51,78.36,52.03,49.54,0,100.0,63.82,Advanced
S07162,6,94.96,80.14,79.32,90.85,53.05,98.58,92.22,90.82,71.84,0,77.1,86.32,Advanced
S07163,6,72.41,54.3,77.1,59.66,71.89,87.06,66.82,63.51,59.88,0,72.88,65.87,Advanced
S07164,1,36.38,58.65,46.95,52.4,67.04,84.7,73.82,55.12,45.88,1,91.37,48.6,Intermediate
S07165,4,71.68,56.03,72.86,63.82,33.36,97.05,86.36,73.74,44.96,0,74.32,66.1,Advanced
S07166,4,49.74,62.31,73.41,61.99,73.54,96.81,60.15,40.16,44.06,1,64.29,61.86,Intermediate
S07167,1,45.71,49.06,56.3,73.19,63.65,86.77,70.58,43.16,49.89,0,94.28,56.07,Intermediate
S07168,1,68.58,54.93,63.44,80.62,49.77,77.81,95.05,71.81,45.36,0,81.16,66.89,Intermediate
S07169,7,71.21,78.83,45.5,69.49,81.83,78.28,70.98,64.08,49.94,0,66.49,66.26,Intermediate
S07170,1,26.56,27.65,35.99,33.85,59.93,86.15,60.4,48.3,34.3,1,83.63,31.01,Intermediate
S07171,2,67.76,76.58,67.18,52.16,65.04,96.39,90.27,71.85,48.29,1,91.98,65.92,Intermediate
S07172,5,36.45,43.11,43.07,53.62,65.26,89.93,75.25,40.77,43.05,0,85.72,44.06,Intermediate
S07173,4,34.68,36.0,43.94,83.91,81.58,80.04,30.99,35.28,9.32,2,72.99,49.63,Intermediate
S07174,4,47.89,75.14,69.44,45.83,77.4,85.99,64.15,56.54,44.86,0,76.69,59.58,Intermediate
S07175,6,45.78,58.39,47.87,62.34,77.93,88.23,51.91,48.69,25.61,0,67.49,53.6,Intermediate
S07176,6,76.07,69.33,50.98,60.16,60.77,83.73,80.86,53.48,33.18,0,83.61,64.14,Intermediate
S07177,3,68.05,39.74,21.84,18.4,64.62,80.18,42.1,46.36,22.36,1,63.17,37.01,Beginner
S07178,4,67.01,57.55,72.08,58.97,64.95,81.44,73.63,60.39,35.75,1,72.5,63.9,Intermediate
S07179,6,86.58,84.34,95.48,95.5,64.39,97.97,84.27,73.8,69.03,0,86.52,90.47,Advanced
S07180,7,61.53,67.23,56.81,58.78,80.41,87.32,46.07,51.86,43.95,0,99.88,61.09,Intermediate
S07181,7,75.01,100.0,69.58,76.87,59.99,85.8,96.56,60.49,49.61,0,64.97,80.36,Advanced
S07182,5,63.1,53.72,47.45,34.34,68.32,90.44,79.5,54.11,35.08,1,88.63,49.65,Intermediate
S07183,4,84.77,95.58,80.65,75.1,49.77,100,89.97,94.46,43.0,0,94.74,84.02,Advanced
S07184,3,59.15,58.28,51.9,81.4,65.17,89.64,79.71,56.48,37.57,1,84.5,62.68,Advanced
S07185,8,47.35,33.71,43.98,44.29,54.76,93.33,68.6,51.25,38.45,0,86.82,42.33,Beginner
S07186,5,88.79,60.5,58.91,60.61,53.49,91.97,85.09,51.95,54.69,0,67.32,67.2,Intermediate
S07187,10,43.63,78.12,40.93,57.93,90.52,77.74,84.26,59.81,32.18,1,52.62,55.15,Intermediate
S07188,1,13.21,50.59,36.04,16.93,80.28,86.48,50.73,13.05,29.3,0,54.46,29.19,Beginner
S07189,5,76.19,76.05,75.18,79.56,57.0,87.49,91.89,89.15,82.27,1,100.0,76.75,Advanced
S07190,6,60.96,30.34,57.88,82.74,42.89,87.55,76.42,61.83,39.42,0,60.02,57.98,Intermediate
S07191,8,25.51,23.7,16.86,33.61,63.13,87.8,36.17,39.85,4.88,0,97.03,24.92,Beginner
S07192,5,41.6,40.02,71.35,42.92,67.27,78.64,41.28,29.65,47.02,0,69.86,48.97,Intermediate
S07193,1,57.76,61.05,49.12,37.95,63.37,90.69,65.13,47.47,22.76,2,95.96,51.47,Intermediate
S07194,6,56.73,68.97,90.08,63.67,46.88,90.09,89.71,85.52,72.67,0,79.16,69.86,Advanced
S07195,8,54.41,19.65,30.57,23.43,98.19,68.98,45.48,39.68,36.02,4,62.98,32.02,Beginner
S07196,5,40.36,51.5,20.52,40.59,65.56,75.86,70.49,44.55,35.56,1,84.23,38.24,Beginner
S07197,8,28.1,44.38,51.13,29.48,90.18,69.26,60.61,53.85,48.52,0,77.89,38.27,Beginner
S07198,6,82.62,74.83,61.83,58.5,81.51,100,81.16,74.65,66.3,0,84.38,69.44,Advanced
S07199,4,47.9,41.22,47.33,52.61,77.19,69.27,47.19,26.07,25.14,2,92.28,47.27,Intermediate
S07200,3,69.0,53.23,62.26,54.89,70.36,83.9,72.15,77.5,40.73,1,67.37,59.84,Intermediate
S07201,5,30.53,12.63,13.66,0.0,99.1,78.05,40.62,33.55,0.0,1,77.57,14.21,Beginner
S07202,7,50.09,42.88,63.37,36.87,67.05,74.34,53.21,55.15,30.96,2,77.18,48.3,Intermediate
S07203,4,56.0,50.65,35.62,49.82,42.65,94.69,73.05,54.93,26.71,1,90.46,48.02,Intermediate
S07204,7,51.17,71.25,67.46,77.37,76.56,89.97,64.85,66.26,42.9,1,60.75,66.81,Advanced
S07205,2,78.43,70.49,86.59,74.63,73.33,94.34,93.26,55.28,78.87,2,78.81,77.54,Advanced
S07206,1,65.95,61.74,40.54,35.29,56.3,88.43,81.56,67.74,35.43,0,100.0,50.88,Intermediate
S07207,8,70.01,50.65,79.3,43.11,68.39,100,91.89,50.18,53.58,0,57.06,60.77,Advanced
S07208,3,25.35,47.37,19.46,35.96,64.05,73.48,57.2,35.17,11.79,0,60.46,32.04,Beginner
S07209,8,47.19,56.33,63.39,69.7,66.81,95.56,63.5,55.91,48.69,0,100.0,59.15,Advanced
S07210,1,64.9,52.75,39.33,31.49,52.73,66.36,45.58,43.77,38.15,0,97.56,47.12,Beginner
S07211,8,71.81,56.48,61.17,59.07,57.49,93.96,94.14,61.49,44.38,0,84.55,62.13,Intermediate
S07212,4,80.21,84.06,66.54,55.49,63.26,100,94.59,90.85,63.54,1,91.51,71.58,Advanced
S07213,3,56.69,71.47,45.01,67.73,62.45,93.68,77.68,64.97,59.82,0,71.84,60.22,Intermediate
S07214,1,84.48,99.54,87.4,100.0,54.92,91.39,100.0,94.56,82.0,0,69.42,92.86,Advanced
S07215,3,57.43,27.28,45.8,41.74,59.91,72.87,80.99,37.71,24.21,0,53.74,43.06,Beginner
S07216,6,57.63,71.88,50.57,32.18,51.89,83.23,58.37,50.88,49.06,1,73.26,53.07,Intermediate
S07217,8,69.84,82.83,94.93,92.39,44.12,100,100.0,85.09,50.76,0,79.1,85.0,Advanced
S07218,1,96.48,99.13,75.6,88.88,48.54,88.44,85.93,59.79,53.84,1,89.82,90.02,Advanced
S07219,8,24.32,46.85,37.42,21.44,78.76,84.44,40.17,34.04,9.05,2,52.05,32.51,Beginner
S07220,4,59.69,96.57,35.64,44.12,80.4,79.63,73.28,62.88,62.72,0,59.32,59.0,Intermediate
S07221,3,26.78,62.79,14.67,62.19,77.7,70.4,50.13,42.62,23.15,1,28.15,41.61,Beginner
S07222,1,56.85,56.41,67.06,34.35,50.39,83.38,72.88,52.28,32.74,1,79.88,53.67,Intermediate
S07223,2,69.9,69.7,99.2,56.81,33.8,74.3,71.87,85.47,60.31,0,69.42,73.9,Advanced
S07224,5,65.8,60.42,91.86,59.6,37.15,92.98,75.13,63.46,64.41,0,84.11,69.42,Intermediate
S07225,2,79.34,49.23,86.93,81.63,57.45,83.76,79.63,58.55,44.56,0,78.8,74.28,Intermediate
S07226,1,64.89,29.39,42.34,44.68,58.31,100,67.01,63.98,22.03,0,67.82,45.32,Intermediate
S07227,6,84.62,71.91,58.99,80.94,27.16,95.23,97.47,100.0,49.1,0,73.05,74.11,Advanced
S07228,6,56.16,69.51,72.56,65.63,54.25,86.93,76.22,57.59,40.15,0,81.54,65.97,Advanced
S07229,2,44.64,24.2,25.86,45.46,69.69,80.09,52.08,34.06,24.32,1,81.41,35.04,Beginner
S07230,4,61.76,73.34,87.16,59.48,66.1,72.05,72.44,61.27,47.99,1,75.05,70.43,Advanced
S07231,3,35.92,23.96,44.63,22.36,75.8,89.42,51.11,45.47,22.44,0,72.86,31.72,Beginner
S07232,5,79.11,65.06,67.4,77.7,41.71,100,80.44,81.75,52.4,1,83.28,72.32,Advanced
S07233,1,62.29,62.1,68.16,69.61,69.31,82.19,77.73,62.54,27.51,0,100.0,65.54,Intermediate
S07234,5,48.28,27.9,46.95,51.3,73.07,100,41.04,42.86,33.56,0,77.19,43.61,Intermediate
S07235,7,79.95,88.05,81.0,84.71,43.22,84.23,97.06,100.0,72.5,1,86.78,83.43,Advanced
S07236,4,69.89,87.06,81.72,57.28,57.67,97.49,81.22,74.51,53.19,0,70.53,73.99,Advanced
S07237,6,85.55,84.67,81.66,100.0,46.67,91.12,100.0,91.63,78.81,0,86.37,87.97,Advanced
S07238,12,49.29,49.75,45.96,62.45,68.56,85.36,69.12,63.14,46.04,0,100.0,51.86,Advanced
S07239,4,94.89,86.02,95.79,69.56,56.07,89.51,100.0,63.71,82.76,0,79.51,86.57,Advanced
S07240,8,35.1,42.7,44.5,46.75,81.34,93.39,53.09,49.24,8.09,1,86.01,42.26,Beginner
S07241,1,80.03,73.97,55.27,58.4,56.78,86.95,79.64,72.1,81.54,0,86.56,66.92,Intermediate
S07242,1,64.52,83.94,60.96,72.25,62.41,82.52,56.41,65.98,65.16,1,83.45,70.42,Advanced
S07243,5,43.65,42.78,55.77,52.36,61.56,96.14,68.19,44.36,15.41,1,97.53,48.64,Intermediate
S07244,1,64.24,69.21,72.46,42.7,49.8,89.59,72.14,66.01,44.2,1,88.63,62.15,Intermediate
S07245,3,27.7,47.92,41.46,38.0,82.0,75.5,60.88,59.6,24.96,1,83.19,38.77,Intermediate
S07246,1,76.58,77.43,96.52,88.12,51.94,85.64,99.91,74.88,89.92,0,95.59,84.66,Advanced
S07247,7,37.47,49.99,42.61,58.63,58.89,76.31,60.35,71.25,59.89,4,96.31,47.18,Advanced
S07248,1,72.53,83.71,78.15,72.98,44.75,82.58,86.81,71.28,52.23,0,74.87,76.84,Advanced
S07249,1,94.17,87.4,88.89,85.39,46.48,99.04,100.0,70.9,69.19,0,97.2,88.96,Advanced
S07250,5,59.58,29.44,65.32,37.57,83.48,97.66,63.8,56.07,30.88,1,52.46,47.98,Beginner
S07251,2,60.3,45.19,54.59,61.27,82.8,92.17,62.9,65.43,34.52,0,90.86,55.34,Intermediate
S07252,1,67.32,69.92,73.0,61.0,54.12,66.11,79.08,49.5,53.51,1,87.32,67.81,Advanced
S07253,3,58.73,33.93,59.52,61.47,48.73,96.34,87.49,59.33,44.21,0,75.76,53.41,Advanced
S07254,7,39.41,63.24,35.81,82.94,75.42,97.57,59.92,49.0,46.18,0,53.11,55.35,Intermediate
S07255,2,52.07,69.35,59.31,58.85,73.16,85.97,75.75,72.88,44.6,0,72.19,59.89,Advanced
S07256,1,61.66,97.64,86.64,83.84,57.79,98.63,97.22,56.89,60.55,0,71.34,82.44,Advanced
S07257,4,65.29,41.82,55.8,48.89,78.12,84.31,65.37,47.26,26.98,0,73.33,52.95,Intermediate
S07258,4,76.98,92.34,100.0,83.22,53.95,95.76,91.63,86.34,55.35,0,79.71,88.13,Advanced
S07259,7,100.0,97.3,99.07,93.42,42.68,97.62,100.0,99.42,69.66,0,94.05,97.45,Advanced
S07260,5,40.46,31.12,61.16,59.55,78.84,78.86,58.75,52.8,42.13,1,83.85,48.07,Intermediate
S07261,5,79.21,78.14,67.99,84.96,34.18,100,94.05,91.49,67.43,1,94.92,77.57,Advanced
S07262,3,68.64,68.82,49.55,59.47,81.98,94.47,73.04,77.88,64.78,0,92.52,61.62,Advanced
S07263,1,65.68,84.63,47.25,75.72,77.45,94.94,78.04,71.93,46.63,0,59.11,68.32,Advanced
S07264,5,60.53,26.96,61.63,52.43,76.73,81.75,71.62,45.06,42.77,0,74.88,50.39,Intermediate
S07265,2,36.0,39.71,62.62,63.96,74.84,84.19,48.01,51.64,14.05,2,88.7,50.57,Intermediate
S07266,1,58.44,44.66,86.91,66.46,72.36,87.48,79.58,49.54,59.38,0,70.84,64.11,Intermediate
S07267,6,38.87,23.35,50.18,43.97,96.8,91.29,42.49,28.56,29.59,1,100.0,39.09,Intermediate
S07268,1,83.15,60.4,72.53,71.03,26.77,98.91,94.54,85.99,58.68,0,74.36,71.78,Advanced
S07269,5,63.15,63.39,60.13,69.68,65.01,100,85.63,50.92,64.87,0,94.37,64.09,Advanced
S07270,5,29.21,27.06,25.13,53.06,86.36,83.35,44.45,30.5,9.87,0,79.5,33.62,Beginner
S07271,9,91.6,67.76,100.0,100.0,50.33,96.79,100.0,100.0,87.41,0,72.31,89.84,Advanced
S07272,3,44.71,73.03,66.58,54.33,61.79,93.46,78.76,52.84,63.92,0,65.47,59.66,Intermediate
S07273,6,48.99,54.64,50.87,44.38,61.7,79.52,63.0,27.78,39.92,1,100.0,49.72,Beginner
S07274,9,58.69,99.24,59.41,87.85,49.59,100,80.31,69.71,60.81,0,29.82,76.3,Advanced
S07275,6,22.1,32.66,25.2,26.49,77.85,80.58,48.83,35.61,21.37,2,87.32,26.61,Beginner
S07276,4,48.65,38.79,61.45,72.38,29.34,93.27,66.38,75.33,62.55,1,85.18,55.32,Advanced
S07277,9,56.89,45.48,54.01,49.81,61.44,95.51,85.91,47.03,32.07,0,75.9,51.55,Intermediate
S07278,9,58.01,53.64,34.43,43.82,70.49,57.38,56.18,38.53,11.62,1,100.0,47.48,Beginner
S07279,10,44.87,79.04,73.36,51.26,63.99,96.41,92.81,67.19,53.13,0,48.79,62.13,Advanced
S07280,2,46.92,40.94,42.31,47.42,66.51,88.97,74.21,45.67,40.68,2,88.23,44.4,Intermediate
S07281,5,35.47,31.03,67.77,64.03,65.28,96.91,65.8,45.9,16.82,3,97.42,49.57,Intermediate
S07282,6,82.42,71.75,77.99,97.05,49.5,96.39,79.15,72.87,66.18,0,82.72,82.3,Advanced
S07283,1,12.22,14.06,9.52,0.0,87.21,76.58,28.47,22.44,17.42,1,81.77,8.95,Beginner
S07284,1,28.73,47.43,26.06,60.8,75.26,83.13,62.93,35.09,32.39,3,58.32,40.75,Beginner
S07285,5,51.26,63.54,47.39,78.74,50.21,85.81,79.15,43.83,38.48,1,65.05,60.23,Intermediate
S07286,5,62.51,58.78,70.54,48.75,65.47,89.15,84.55,54.5,51.36,0,88.41,60.14,Intermediate
S07287,5,39.77,80.67,45.89,60.75,74.85,90.83,50.06,66.5,58.35,0,40.14,56.77,Intermediate
S07288,7,31.14,32.79,13.61,38.83,93.33,86.98,36.64,16.08,16.08,0,80.58,29.09,Beginner
S07289,3,60.06,81.08,61.26,62.4,57.84,100,69.23,61.56,34.29,1,79.7,66.2,Advanced
S07290,6,96.75,93.39,71.53,58.85,49.13,94.78,79.07,82.79,76.33,0,100.0,80.13,Advanced
S07291,2,7.99,27.85,26.56,21.32,72.18,74.6,51.14,8.49,7.52,2,71.02,20.93,Beginner
S07292,2,34.21,70.22,48.31,51.94,109.95,85.66,81.21,55.92,42.01,0,55.66,51.17,Beginner
S07293,6,39.44,65.37,77.0,75.48,60.8,91.73,63.65,35.51,17.43,2,80.3,64.32,Intermediate
S07294,5,57.7,81.74,88.43,76.66,58.13,84.65,87.54,81.72,48.73,1,72.02,76.13,Advanced
S07295,10,91.08,90.42,95.9,86.11,55.02,94.04,99.3,86.09,87.86,0,97.51,90.88,Advanced
S07296,1,52.56,81.51,76.66,82.79,69.17,91.24,65.58,74.85,74.88,0,63.0,73.38,Advanced
S07297,3,60.84,45.32,60.6,28.84,73.66,91.35,61.99,57.25,46.04,1,57.79,48.9,Intermediate
S07298,4,85.9,62.22,67.02,72.21,51.27,87.23,94.38,94.26,70.7,0,70.07,71.84,Advanced
S07299,3,100.0,74.11,88.77,60.08,64.47,84.58,100.0,73.1,55.85,0,55.79,80.74,Advanced
S07300,3,57.91,84.12,62.67,56.91,57.09,84.84,84.86,79.99,74.55,1,67.63,65.4,Intermediate
S07301,8,38.38,40.01,36.7,56.9,82.42,95.67,63.13,33.79,26.24,0,76.21,43.0,Beginner
S07302,5,57.49,66.53,40.91,71.5,57.82,89.67,93.98,50.48,47.91,1,67.1,59.11,Intermediate
S07303,4,33.88,29.72,19.91,20.25,65.27,83.2,36.96,15.17,0.0,2,100.0,25.94,Beginner
S07304,4,60.93,58.22,37.15,72.9,67.29,91.26,78.93,54.75,50.8,0,70.77,57.3,Advanced
S07305,2,47.65,36.92,33.57,33.49,81.76,85.71,62.89,42.48,27.72,0,90.42,37.91,Beginner
S07306,2,56.37,45.57,67.26,68.6,66.19,77.99,63.55,46.19,27.14,0,75.39,59.45,Intermediate
S07307,2,55.01,66.23,70.44,49.79,79.9,79.94,100.0,66.12,79.9,0,67.23,60.37,Intermediate
S07308,2,77.41,78.63,91.15,82.04,44.58,100,85.13,67.12,54.69,0,95.22,82.31,Advanced
S07309,4,66.82,51.0,61.78,39.75,87.17,72.6,55.08,53.12,29.69,1,69.43,54.84,Beginner
S07310,4,67.35,29.31,24.47,24.98,75.61,90.39,37.6,62.72,37.67,0,76.39,36.53,Intermediate
S07311,2,50.8,48.76,26.39,65.4,74.01,100,62.65,51.9,32.92,0,76.08,47.84,Intermediate
S07312,6,40.53,63.67,41.6,37.04,72.25,89.34,74.88,51.29,28.26,2,55.17,45.71,Intermediate
S07313,2,51.16,77.08,64.71,56.8,57.25,89.61,54.96,50.5,20.24,1,73.6,62.44,Intermediate
S07314,7,42.06,31.49,33.41,48.4,72.08,87.81,51.27,39.48,28.61,1,91.89,38.84,Intermediate
S07315,6,85.67,72.67,68.61,71.38,49.06,100,81.87,68.1,43.12,0,83.84,74.58,Advanced
S07316,8,74.17,54.0,74.22,65.94,62.96,92.95,77.39,58.63,29.67,1,73.5,67.08,Advanced
S07317,1,50.36,45.77,72.24,84.05,63.1,90.16,88.17,58.47,44.97,0,91.34,63.11,Advanced
S07318,3,23.7,50.21,21.4,33.3,78.34,55.98,64.82,38.38,20.94,1,68.23,32.15,Beginner
S07319,1,31.52,38.63,15.68,25.14,79.86,82.68,53.99,55.27,16.83,0,98.26,27.74,Intermediate
S07320,2,91.15,82.38,61.32,80.92,51.01,87.81,100.0,95.59,80.9,0,81.51,78.94,Advanced
S07321,5,25.97,46.99,39.48,9.59,85.18,76.64,37.33,38.44,14.94,2,53.49,30.51,Beginner
S07322,1,49.66,13.52,57.65,30.82,47.06,88.59,56.52,49.39,31.84,2,44.62,37.91,Beginner
S07323,4,76.54,92.26,97.95,83.37,50.08,100,100.0,72.54,68.64,0,64.54,87.53,Advanced
S07324,2,43.19,41.37,66.86,47.21,64.83,81.25,89.19,45.86,43.89,1,82.47,49.66,Intermediate
S07325,6,41.13,65.05,44.58,40.82,88.96,91.94,43.43,44.0,9.47,2,90.67,47.89,Intermediate
S07326,6,100.0,100.0,100.0,91.89,52.8,97.23,97.73,100.0,100.0,0,99.4,97.97,Advanced
S07327,4,53.67,60.69,55.42,60.7,65.37,100,65.34,57.92,37.96,0,87.55,57.62,Intermediate
S07328,5,54.58,40.14,35.45,45.74,61.57,89.34,76.54,52.87,37.22,0,83.58,43.98,Intermediate
S07329,5,45.63,58.84,69.63,37.96,74.01,77.13,66.56,47.82,50.59,0,60.27,53.01,Intermediate
S07330,3,100.0,91.14,100.0,99.41,33.9,100,100.0,95.36,76.59,0,94.35,97.64,Advanced
S07331,3,74.54,73.44,86.11,73.18,60.01,100,92.07,80.7,48.5,0,95.65,76.82,Advanced
S07332,4,82.13,100.0,84.1,98.35,54.31,94.39,100.0,86.72,84.84,0,60.23,91.14,Advanced
S07333,1,33.94,35.06,51.98,33.56,70.75,75.59,61.73,57.45,34.77,2,93.66,38.63,Intermediate
S07334,2,50.17,46.07,53.27,37.89,85.34,81.59,54.4,58.6,26.71,1,96.65,46.85,Intermediate
S07335,2,72.31,81.67,65.14,63.47,59.54,84.6,85.92,69.15,37.89,2,86.22,70.65,Advanced
S07336,6,74.93,79.38,72.23,84.76,83.21,100,82.4,65.11,42.44,0,93.03,77.83,Advanced
S07337,4,53.98,72.65,72.28,81.17,50.3,97.8,91.53,69.4,55.97,0,80.62,70.02,Advanced
S07338,3,47.1,59.3,46.35,68.17,71.53,82.03,84.29,54.71,49.45,1,73.6,55.23,Intermediate
S07339,4,91.38,93.51,100.0,75.14,43.51,100,100.0,90.42,63.85,0,81.99,90.01,Advanced
S07340,3,73.51,47.61,54.66,83.18,49.65,88.57,91.14,61.78,51.93,0,61.72,64.74,Intermediate
S07341,4,81.88,96.61,87.62,100.0,43.75,100,100.0,98.91,93.12,0,81.68,91.53,Advanced
S07342,8,66.28,88.5,72.42,46.02,63.24,99.24,96.63,65.49,66.6,0,64.56,68.31,Intermediate
S07343,4,70.07,55.07,63.4,65.62,63.51,64.79,71.05,43.85,32.76,2,78.82,63.54,Intermediate
S07344,4,99.52,93.5,90.07,92.04,49.1,80.11,98.41,70.08,56.99,0,98.86,93.78,Advanced
S07345,6,90.95,83.5,73.48,83.01,49.62,100,74.7,80.29,68.92,0,88.13,82.74,Advanced
S07346,3,58.49,58.15,48.6,49.6,59.36,97.94,67.24,53.1,26.77,1,100.0,53.71,Intermediate
S07347,1,38.87,43.54,43.58,44.66,94.8,87.76,68.74,27.94,38.32,0,98.56,42.66,Beginner
S07348,5,64.07,82.65,85.76,84.17,79.29,92.51,89.47,75.6,65.62,1,89.59,79.16,Advanced
S07349,3,88.82,91.03,84.55,95.77,48.78,85.23,82.67,100.0,91.63,0,100.0,90.04,Advanced
S07350,8,23.6,47.71,41.89,43.3,99.66,79.13,43.44,25.87,11.81,2,72.7,39.12,Beginner
S07351,3,76.91,60.05,30.34,56.28,47.91,83.93,77.14,54.56,45.94,0,63.57,55.89,Intermediate
S07352,6,88.91,62.97,42.77,68.84,43.58,90.6,84.55,54.21,45.44,2,64.46,65.87,Advanced
S07353,7,74.78,100.0,80.26,74.53,64.41,100,99.43,92.67,65.92,0,76.71,82.39,Advanced
S07354,5,62.88,70.34,100.0,73.53,50.71,89.33,88.9,59.81,54.79,0,75.67,76.69,Advanced
S07355,5,87.13,98.91,100.0,100.0,51.24,98.21,100.0,97.88,68.13,0,86.21,96.51,Advanced
S07356,8,35.37,27.18,36.1,22.48,82.78,65.68,42.73,20.71,3.09,1,88.69,30.28,Beginner
S07357,2,42.61,24.94,53.72,41.27,67.82,76.35,56.01,31.64,16.38,1,63.8,40.63,Beginner
S07358,4,53.86,26.51,51.4,29.33,80.91,91.25,44.44,45.17,31.94,0,55.22,40.27,Beginner
S07359,6,38.4,26.25,40.08,46.85,80.73,89.69,46.87,41.48,32.98,2,77.36,37.89,Intermediate
S07360,2,51.59,43.66,65.0,48.1,57.31,88.03,62.35,36.67,25.47,0,70.67,52.09,Beginner
S07361,7,38.91,62.82,25.53,40.46,68.77,90.89,73.42,64.43,35.36,2,57.32,41.93,Intermediate
S07362,5,66.49,60.98,100.0,97.99,54.61,99.66,85.05,70.74,65.98,0,97.09,81.37,Advanced
S07363,6,69.91,60.71,45.39,45.44,68.64,98.29,81.01,49.06,69.87,0,92.75,55.36,Advanced
S07364,2,60.84,66.34,62.63,56.58,76.78,88.34,62.56,63.12,35.15,0,82.14,61.6,Intermediate
S07365,1,83.51,94.49,74.56,71.75,47.61,95.16,80.82,70.36,54.81,0,86.81,81.08,Advanced
S07366,4,93.05,81.31,100.0,83.94,40.65,100,100.0,100.0,67.76,0,80.71,89.58,Advanced
S07367,1,60.45,59.9,47.61,60.51,45.02,93.61,78.49,59.97,48.76,0,90.16,57.12,Intermediate
S07368,9,44.14,39.33,53.89,64.92,67.89,82.39,57.48,42.61,34.76,1,75.0,50.57,Intermediate
S07369,6,59.22,68.65,81.02,68.44,65.22,92.74,81.62,54.83,48.65,0,97.13,69.33,Intermediate
S07370,1,41.39,22.23,48.72,54.2,55.23,91.39,60.39,60.02,37.34,0,84.34,41.63,Intermediate
S07371,8,59.51,77.99,68.79,79.06,53.99,85.03,76.21,89.6,54.77,0,58.98,71.34,Advanced
S07372,3,73.8,89.57,78.42,45.4,67.76,89.33,77.63,67.96,48.84,0,53.05,71.8,Advanced
S07373,4,47.15,51.69,49.84,64.16,67.04,95.88,80.4,53.53,34.64,0,90.64,53.21,Intermediate
S07374,1,61.07,74.92,55.87,64.53,48.64,93.75,78.23,81.42,56.89,1,75.29,64.1,Advanced
S07375,4,34.93,59.41,43.69,39.37,59.5,78.11,48.09,38.9,27.74,2,85.29,44.35,Intermediate
S07376,1,69.73,53.75,53.78,56.04,63.94,90.51,85.92,67.91,46.04,0,76.93,58.33,Intermediate
S07377,6,78.71,56.79,61.46,69.11,55.85,85.07,100.0,73.95,53.09,0,87.52,66.52,Advanced
S07378,2,55.87,37.79,48.58,30.98,63.5,81.96,79.61,43.32,19.4,0,76.66,43.31,Beginner
S07379,10,54.13,55.22,51.17,36.54,63.68,97.46,51.62,38.81,33.98,1,89.23,49.26,Intermediate
S07380,4,83.12,100.0,75.1,75.02,60.33,100,88.53,79.56,84.71,0,88.47,83.31,Advanced
S07381,4,71.46,71.7,66.79,78.07,52.32,98.72,79.39,62.25,54.11,0,96.35,72.0,Advanced
S07382,5,81.86,72.99,61.09,78.72,46.59,84.32,95.61,71.14,78.1,1,77.23,73.66,Advanced
S07383,3,55.11,57.53,54.31,65.17,63.46,78.12,80.33,55.57,54.95,0,91.01,58.03,Intermediate
S07384,2,70.47,99.83,91.09,75.76,48.04,90.39,92.14,80.52,66.05,0,61.36,84.29,Advanced
S07385,6,36.4,57.5,57.05,38.33,62.88,86.33,63.51,42.68,36.92,2,66.84,47.32,Beginner
S07386,3,56.84,53.9,69.9,68.0,62.32,92.6,67.3,68.97,29.17,0,97.31,62.16,Intermediate
S07387,3,80.37,65.87,96.47,93.72,41.68,99.07,94.51,77.57,84.39,0,91.4,84.11,Advanced
S07388,7,28.64,30.11,37.4,33.51,81.45,73.72,48.77,29.58,6.19,0,100.0,32.42,Beginner
S07389,4,87.16,60.54,66.01,64.16,47.75,96.11,86.54,71.91,46.05,0,67.77,69.47,Advanced
S07390,1,21.81,35.91,8.68,53.01,75.21,74.94,63.6,37.54,21.56,0,61.44,29.85,Beginner
S07391,6,48.74,63.77,43.64,52.69,70.94,86.72,67.03,63.57,37.48,0,73.57,52.21,Intermediate
S07392,1,100.0,93.04,83.05,100.0,37.48,100,97.74,99.6,81.06,1,85.28,94.02,Advanced
S07393,2,90.93,100.0,85.39,91.61,45.1,99.26,99.8,100.0,97.14,0,93.49,91.98,Advanced
S07394,4,99.77,100.0,100.0,67.42,33.78,91.48,100.0,89.19,68.98,0,89.81,91.8,Advanced
S07395,5,88.54,89.38,76.45,76.82,38.19,97.56,99.63,85.28,60.02,0,97.82,82.8,Advanced
S07396,1,75.21,79.13,71.04,71.96,48.81,75.37,87.1,72.59,83.88,0,80.7,74.33,Advanced
S07397,4,48.69,69.96,69.85,48.84,87.17,89.31,59.19,55.13,31.69,1,68.27,59.33,Intermediate
S07398,5,63.32,47.19,50.48,27.63,62.34,100,70.5,59.29,30.31,0,75.44,47.16,Intermediate
S07399,1,47.39,49.58,62.62,64.31,64.13,93.66,79.27,54.65,63.52,0,92.54,55.97,Intermediate
S07400,5,50.22,60.72,36.21,47.08,42.96,76.13,62.95,58.45,33.15,0,91.36,48.56,Intermediate
S07401,4,60.95,61.34,83.19,65.5,69.42,89.74,69.87,48.64,48.47,1,84.18,67.74,Advanced
S07402,3,48.14,61.18,26.46,43.96,54.69,81.32,61.35,55.14,52.93,1,76.47,44.93,Intermediate
S07403,1,62.86,41.82,21.06,40.28,93.66,83.6,48.16,46.31,20.22,0,75.0,41.5,Beginner
S07404,2,66.09,35.37,26.41,52.35,52.21,83.67,58.89,33.68,23.99,1,47.48,45.06,Intermediate
S07405,2,49.89,48.41,71.24,49.16,68.62,89.64,72.05,71.24,60.36,0,81.03,54.67,Intermediate
S07406,1,66.23,59.9,63.84,83.77,40.31,100,76.71,53.4,39.78,0,83.71,68.44,Advanced
S07407,6,69.94,100.0,68.02,57.14,63.51,81.04,71.33,80.17,55.14,0,69.78,73.78,Advanced
S07408,6,68.19,54.53,60.99,56.96,58.93,87.51,100.0,75.62,54.69,1,88.66,60.17,Intermediate
S07409,4,37.09,47.49,34.91,46.48,77.15,74.84,57.85,47.4,30.49,1,86.58,41.49,Intermediate
S07410,3,40.4,25.13,42.63,48.53,53.41,64.44,48.75,35.24,17.11,1,66.84,39.17,Beginner
S07411,1,51.01,50.61,46.04,62.28,74.09,88.51,61.55,36.91,34.16,1,93.38,52.48,Intermediate
S07412,6,66.06,41.52,63.32,54.57,35.01,87.68,88.61,78.93,29.48,2,73.15,56.37,Advanced
S07413,3,77.81,80.4,57.63,59.5,54.31,94.64,88.74,53.23,62.38,0,100.0,68.84,Advanced
S07414,3,78.85,83.47,72.31,57.98,73.04,85.93,89.76,78.46,61.23,1,94.83,73.15,Advanced
S07415,4,79.9,89.77,100.0,92.34,50.28,100,100.0,80.17,86.58,1,72.98,90.5,Advanced
S07416,5,81.38,76.21,69.55,78.65,62.31,96.59,100.0,61.76,81.31,0,84.76,76.45,Advanced
S07417,4,42.91,55.95,41.16,29.77,57.13,86.86,49.74,44.99,21.63,0,66.08,42.45,Intermediate
S07418,8,50.6,52.81,47.91,49.16,64.3,90.69,62.65,37.9,43.79,2,98.38,50.12,Intermediate
S07419,4,35.47,46.17,43.72,34.48,56.64,88.69,64.84,53.9,21.05,1,83.02,39.96,Beginner
S07420,6,60.03,29.04,27.18,24.93,80.88,79.31,39.06,27.78,8.9,2,69.99,35.29,Beginner
S07421,1,31.36,36.81,49.36,33.27,62.84,78.56,47.8,54.51,11.02,2,79.69,37.7,Beginner
S07422,4,73.02,63.88,46.88,66.37,58.18,96.3,77.51,37.97,31.6,0,84.48,62.54,Intermediate
S07423,9,49.43,60.21,61.63,44.16,70.71,74.22,58.12,41.14,17.18,1,69.14,53.86,Intermediate
S07424,6,70.42,76.7,81.83,50.43,45.48,96.75,82.98,67.29,56.09,0,74.48,69.85,Advanced
S07425,3,68.23,54.07,70.43,62.24,75.42,99.2,75.72,36.03,23.46,0,76.61,63.74,Intermediate
S07426,1,58.63,69.17,70.01,60.44,70.52,100,78.83,81.92,76.44,0,91.43,64.56,Advanced
S07427,1,62.14,81.82,68.23,58.6,51.88,81.76,100.0,77.46,59.22,0,72.13,67.7,Advanced
S07428,5,14.12,8.16,0.0,28.31,73.61,78.7,36.16,5.89,0.0,3,79.93,12.65,Beginner
S07429,9,45.58,78.67,78.49,49.5,85.32,88.07,80.42,60.18,56.32,0,53.42,63.06,Intermediate
S07430,1,1.9,30.12,9.54,22.32,101.4,72.79,16.51,17.8,0.0,3,72.3,15.97,Beginner
S07431,2,39.88,19.43,37.12,35.68,67.25,76.23,32.13,42.87,17.33,2,75.59,33.03,Beginner
S07432,4,54.41,47.81,86.58,36.67,49.96,86.49,52.46,42.15,24.21,3,48.41,56.37,Beginner
S07433,2,87.07,63.52,73.82,49.63,74.45,85.84,95.94,77.15,47.06,0,59.47,68.51,Intermediate
S07434,8,73.66,63.71,58.36,77.48,47.34,87.38,90.34,64.01,56.69,0,86.02,68.3,Advanced
S07435,6,21.4,46.78,54.54,15.64,89.63,68.01,57.12,33.07,21.65,2,60.33,34.59,Beginner
S07436,10,73.62,60.69,82.46,78.98,56.5,80.1,79.85,80.75,55.72,0,80.62,73.94,Advanced
S07437,3,78.03,76.88,63.13,62.28,51.34,90.49,69.82,67.59,38.8,0,97.53,70.08,Advanced
S07438,8,100.0,84.28,100.0,100.0,56.51,100,100.0,91.05,100.0,1,82.06,96.07,Advanced
S07439,4,78.22,53.51,68.0,76.22,66.06,79.19,81.77,78.12,33.83,0,77.72,68.99,Advanced
S07440,4,20.64,26.4,0.0,23.85,85.03,67.71,29.49,40.35,5.98,2,87.54,17.72,Beginner
S07441,6,64.15,83.04,82.03,85.62,39.46,79.01,92.23,77.62,66.6,0,69.28,78.71,Advanced
S07442,7,41.96,45.65,30.75,65.87,79.15,83.26,56.32,41.49,43.5,0,68.56,46.06,Beginner
S07443,1,25.08,30.18,44.04,8.41,97.75,73.81,53.1,19.79,23.4,1,71.2,26.93,Beginner
S07444,3,26.5,30.37,50.05,50.05,65.88,81.15,58.26,53.34,33.41,0,86.34,39.24,Intermediate
S07445,9,100.0,78.83,100.0,70.6,26.84,100,100.0,78.29,83.66,1,68.17,87.36,Advanced
S07446,6,46.9,46.79,29.49,75.83,79.58,76.04,40.28,60.67,55.68,1,61.58,49.75,Intermediate
S07447,4,40.04,51.46,32.16,81.08,61.56,82.95,79.24,44.14,27.59,1,74.96,51.19,Intermediate
S07448,3,30.9,29.71,51.65,45.29,88.72,94.67,51.19,31.72,26.52,2,91.91,39.39,Beginner
S07449,1,76.43,68.52,74.15,67.21,60.98,93.74,96.83,72.13,48.85,0,92.97,71.58,Advanced
S07450,4,84.82,65.24,89.62,72.58,64.41,91.39,87.53,69.92,67.48,0,63.68,78.06,Advanced
S07451,2,77.12,55.88,62.85,66.74,40.91,78.43,86.46,63.91,59.59,0,77.53,65.65,Advanced
S07452,3,55.67,68.68,67.57,59.25,52.79,98.87,77.95,64.21,35.09,0,85.68,62.79,Advanced
S07453,3,99.86,68.66,89.24,79.17,72.49,80.38,94.71,67.52,47.89,2,61.19,84.23,Advanced
S07454,2,40.24,40.1,28.17,48.46,80.41,88.03,71.51,26.08,37.86,0,88.28,39.24,Intermediate
S07455,4,49.27,60.04,67.68,49.83,55.68,81.09,55.59,47.62,27.88,2,85.85,56.7,Intermediate
S07456,7,49.42,51.62,57.24,34.94,54.35,82.69,71.53,70.34,48.89,2,95.35,48.31,Advanced
S07457,4,53.72,47.81,31.9,26.7,51.35,87.2,42.67,38.02,37.54,0,95.78,40.03,Beginner
S07458,1,49.26,36.82,45.28,38.95,90.55,90.66,46.72,47.84,23.35,2,92.24,42.58,Intermediate
S07459,3,30.17,36.43,60.83,56.4,67.61,93.44,60.13,28.18,29.38,0,94.3,45.96,Intermediate
S07460,2,60.89,65.54,80.97,49.34,58.1,85.81,69.99,54.7,49.38,0,72.04,64.19,Intermediate
S07461,6,72.14,81.74,93.28,84.14,58.51,95.52,92.78,64.85,78.03,1,79.61,82.83,Advanced
S07462,4,34.3,53.55,78.16,46.28,57.63,83.14,62.55,65.0,41.88,3,64.04,53.07,Intermediate
S07463,5,100.0,68.25,100.0,91.55,64.01,95.76,100.0,87.55,74.46,0,72.92,89.95,Advanced
S07464,7,23.57,38.41,41.03,32.6,94.86,98.67,47.76,46.6,13.92,1,69.6,33.9,Beginner
S07465,9,59.87,49.46,85.49,66.24,50.33,78.94,85.86,72.5,32.46,0,85.91,65.26,Intermediate
S07466,6,47.59,60.87,39.79,44.06,88.04,79.57,55.34,46.58,28.97,1,67.52,48.08,Intermediate
S07467,7,87.16,79.2,85.39,83.09,35.83,90.58,78.13,84.52,71.06,0,82.51,83.71,Advanced
S07468,1,39.09,35.36,37.69,55.52,69.48,78.75,64.34,44.92,14.5,1,83.79,41.92,Beginner
S07469,2,68.65,32.17,42.64,55.99,71.08,80.54,65.23,63.71,28.36,0,52.43,49.86,Intermediate
S07470,10,57.93,40.74,58.52,53.6,78.8,77.85,53.31,48.33,30.45,0,88.97,52.7,Intermediate
S07471,6,67.9,65.95,49.93,65.47,80.19,86.89,56.76,52.02,12.68,2,96.1,62.31,Intermediate
S07472,1,51.76,44.74,40.83,38.47,79.61,70.32,59.95,32.27,28.28,3,87.63,43.95,Beginner
S07473,4,49.31,66.98,66.17,59.48,61.86,81.31,81.28,59.74,54.87,0,83.56,60.48,Intermediate
S07474,3,74.28,64.72,74.62,86.19,42.86,95.37,86.61,83.11,69.46,0,80.74,74.95,Advanced
S07475,2,56.95,64.95,31.24,29.46,48.27,83.36,59.06,46.04,45.78,0,82.42,45.65,Intermediate
S07476,8,30.19,57.09,40.01,46.08,57.63,81.53,53.25,53.72,38.16,2,63.48,43.34,Beginner
S07477,5,48.81,63.35,68.98,48.96,75.51,97.11,94.7,67.02,35.86,0,58.12,57.52,Intermediate
S07478,5,5.39,0.0,3.28,17.86,99.52,78.7,34.2,0.0,0.0,4,91.82,6.63,Beginner
S07479,5,74.06,77.42,100.0,100.0,40.79,93.23,88.72,80.34,46.63,1,85.4,87.87,Advanced
S07480,4,60.07,53.23,55.0,45.94,93.75,90.53,75.23,53.34,38.4,2,88.59,53.56,Intermediate
S07481,8,100.0,100.0,100.0,94.06,44.55,89.52,100.0,100.0,97.6,0,99.61,98.52,Advanced
S07482,4,7.72,16.12,14.67,21.7,75.19,81.22,24.84,42.58,0.0,1,99.81,15.05,Beginner
S07483,5,42.42,34.85,39.55,53.47,105.15,70.17,50.23,36.26,22.77,1,88.41,42.57,Beginner
S07484,2,55.56,40.13,40.17,39.71,66.02,76.25,68.03,56.81,33.43,0,98.97,43.89,Intermediate
S07485,6,68.63,80.51,100.0,92.77,40.2,90.02,87.59,79.41,57.69,0,77.28,85.48,Advanced
S07486,6,65.9,69.12,87.2,57.13,67.93,91.92,86.6,83.99,49.5,1,91.56,69.84,Advanced
S07487,1,21.32,55.2,55.68,83.27,53.82,64.27,76.84,56.76,25.95,0,39.41,53.87,Beginner
S07488,5,55.9,87.2,41.48,69.52,62.25,85.72,61.08,45.73,37.43,1,45.1,63.52,Advanced
S07489,4,24.34,14.0,29.95,39.27,71.21,72.28,59.92,35.26,7.02,1,82.18,26.89,Beginner
S07490,3,22.73,51.62,55.16,55.57,73.96,83.1,50.25,46.82,10.09,1,63.53,46.27,Beginner
S07491,7,67.6,35.08,63.4,56.89,73.71,89.12,78.61,46.88,32.0,1,68.57,55.74,Intermediate
S07492,3,48.49,57.53,40.37,62.27,85.29,94.08,54.1,47.21,34.34,0,78.41,52.17,Intermediate
S07493,2,62.71,77.0,44.39,66.14,64.95,84.77,77.59,55.8,44.01,0,75.53,62.56,Advanced
S07494,6,80.18,68.54,87.44,91.93,64.61,84.17,96.74,89.07,85.07,0,83.11,82.02,Advanced
S07495,8,38.91,90.9,62.16,73.36,59.4,86.06,84.29,78.64,51.29,0,48.21,66.33,Advanced
S07496,3,77.4,89.92,81.99,69.97,44.87,87.15,77.27,60.64,51.66,0,81.7,79.82,Advanced
S07497,8,55.47,66.79,53.76,79.19,65.92,81.54,94.38,70.14,47.18,0,67.94,63.8,Advanced
S07498,10,59.22,69.96,44.34,59.2,78.16,98.49,66.8,43.8,46.17,0,73.86,58.18,Intermediate
S07499,5,52.69,34.02,42.88,50.85,82.51,73.37,75.32,51.12,20.5,1,72.95,45.11,Intermediate
S07500,4,38.29,13.48,59.35,15.81,76.2,89.59,59.12,25.63,7.01,3,45.37,31.73,Beginner
S07501,2,91.56,89.41,69.57,79.93,31.62,88.54,100.0,71.98,59.46,0,90.34,82.62,Advanced
S07502,7,19.83,41.47,41.1,43.64,79.32,74.92,48.6,41.51,31.58,0,74.4,36.51,Beginner
S07503,4,88.03,89.47,96.01,53.1,41.62,97.64,94.0,67.46,79.57,0,72.22,81.65,Advanced
S07504,2,38.8,51.27,40.81,54.17,64.39,83.96,62.24,49.05,25.93,2,81.99,46.26,Intermediate
S07505,7,48.76,44.88,42.67,64.33,75.73,82.11,62.01,52.09,18.64,3,73.96,50.16,Intermediate
S07506,6,40.55,62.99,55.65,34.91,76.4,81.57,77.87,56.17,26.85,0,71.87,48.53,Intermediate
S07507,8,79.05,77.79,56.03,100.0,43.29,98.09,94.39,68.18,57.67,0,57.66,78.22,Advanced
S07508,4,4.09,47.9,41.98,44.83,86.87,81.99,51.08,20.41,21.34,1,65.88,34.7,Beginner
S07509,3,37.83,57.34,63.57,51.98,52.18,94.51,82.39,60.32,36.63,2,68.52,52.68,Intermediate
S07510,4,58.72,30.7,40.36,51.61,57.14,79.26,54.63,33.88,37.07,2,64.27,45.35,Intermediate
S07511,6,73.92,81.15,84.62,96.56,62.72,92.73,81.93,72.98,68.49,0,88.4,84.06,Advanced
S07512,2,38.6,16.58,29.57,27.86,81.07,82.9,43.07,22.85,19.39,1,67.43,28.15,Beginner
S07513,4,35.25,22.83,62.91,70.26,71.79,99.0,40.56,22.4,24.19,2,95.74,47.81,Intermediate
S07514,1,27.57,0.0,0.0,1.91,83.35,84.82,18.49,4.31,0.0,4,72.48,7.37,Beginner
S07515,5,80.75,96.81,71.74,99.22,32.99,100,100.0,64.04,80.21,0,61.24,87.13,Advanced
S07516,7,58.98,40.87,20.19,28.93,84.87,69.89,38.97,12.09,29.77,2,91.99,37.24,Beginner
S07517,1,87.75,100.0,79.0,100.0,35.54,95.55,100.0,79.18,70.39,0,77.26,91.69,Advanced
S07518,9,54.24,57.7,68.15,72.43,89.6,86.19,87.91,69.48,61.68,0,87.83,63.13,Advanced
S07519,2,84.72,95.7,97.2,69.33,22.54,92.4,95.68,83.36,69.66,0,84.47,86.74,Advanced
S07520,8,53.58,94.55,73.02,49.58,84.69,92.99,84.18,71.5,57.09,0,39.67,67.69,Intermediate
S07521,4,48.23,91.06,46.69,73.31,50.01,77.99,83.94,61.66,29.11,0,48.95,64.82,Intermediate
S07522,3,77.3,60.31,73.68,83.49,34.95,74.15,90.72,73.88,40.99,0,69.24,73.7,Advanced
S07523,3,84.74,69.52,94.12,86.34,63.0,85.61,88.47,86.38,64.8,0,78.25,83.68,Advanced
S07524,9,94.28,79.21,96.41,96.4,39.18,100,100.0,81.53,94.41,0,94.29,91.57,Advanced
S07525,3,69.97,100.0,62.03,60.12,71.18,90.67,82.0,63.88,62.74,0,73.37,73.03,Advanced
S07526,3,63.99,58.03,50.85,72.45,74.8,87.79,79.26,76.41,46.56,0,82.65,61.33,Intermediate
S07527,8,45.32,50.06,32.84,35.48,81.16,76.77,40.73,39.42,28.02,1,86.73,40.92,Intermediate
S07528,6,70.8,91.05,87.21,90.64,41.45,86.56,100.0,98.83,71.99,0,83.58,84.93,Advanced
S07529,1,76.26,63.81,98.69,61.34,54.87,96.4,68.49,60.93,31.91,1,76.33,75.02,Advanced
S07530,1,68.61,52.79,57.05,78.19,49.7,86.92,84.96,65.65,55.36,0,59.83,64.16,Advanced
S07531,5,69.38,74.41,77.61,70.54,62.07,87.92,81.09,63.75,46.16,0,96.99,72.98,Advanced
S07532,4,85.32,66.97,75.61,79.57,52.39,92.05,76.46,69.03,55.0,1,74.86,76.86,Advanced
S07533,4,100.0,100.0,87.99,83.07,36.7,100,100.0,83.71,90.53,0,85.36,92.77,Advanced
S07534,3,61.68,59.53,51.72,53.39,77.69,87.03,71.88,48.73,31.76,1,92.96,56.58,Intermediate
S07535,7,60.57,79.76,70.83,76.23,59.52,74.28,75.95,50.71,52.17,0,76.8,71.85,Intermediate
S07536,5,44.6,57.19,42.73,42.27,61.69,94.94,62.15,47.49,18.98,1,92.99,46.7,Intermediate
S07537,6,73.24,69.71,68.84,77.73,56.4,97.36,100.0,77.16,42.77,0,98.89,72.38,Intermediate
S07538,5,39.93,73.01,71.16,63.15,80.92,89.2,81.24,51.14,45.62,0,51.27,61.82,Intermediate
S07539,3,51.96,43.35,42.78,40.39,72.15,81.53,69.23,41.17,37.05,0,91.98,44.62,Beginner
S07540,4,34.83,45.55,19.42,44.73,81.86,80.99,32.85,42.01,1.9,0,64.76,36.13,Beginner
S07541,1,54.95,56.07,45.26,56.33,51.31,95.41,68.38,61.53,42.1,1,89.08,53.15,Intermediate
S07542,1,35.3,19.27,39.46,26.11,77.45,87.74,44.67,22.17,6.98,2,79.31,30.03,Beginner
S07543,6,76.37,61.6,53.0,41.78,41.09,90.06,83.88,57.35,53.02,0,92.67,58.19,Advanced
S07544,1,58.91,74.33,64.22,42.64,50.82,90.49,75.79,71.58,41.94,0,69.74,60.03,Advanced
S07545,5,71.94,80.64,79.2,87.7,42.04,100,85.91,71.79,67.75,0,76.88,79.87,Advanced
S07546,8,61.16,67.87,68.08,69.17,59.36,97.84,74.0,50.98,41.35,0,100.0,66.57,Intermediate
S07547,3,79.88,70.1,48.24,51.51,62.05,90.22,78.93,74.0,68.61,1,90.13,62.43,Intermediate
S07548,3,80.54,83.59,72.46,84.81,61.35,90.78,84.33,52.81,42.68,0,95.2,80.35,Advanced
S07549,8,44.36,23.86,62.2,11.84,78.22,80.08,64.01,31.02,17.29,0,50.24,35.56,Beginner
S07550,2,50.72,68.27,88.15,63.26,68.2,82.32,77.8,55.69,68.43,0,66.14,67.6,Advanced
S07551,6,52.02,55.17,39.52,57.98,72.34,78.48,73.5,57.29,71.14,0,85.45,51.17,Intermediate
S07552,1,27.6,45.8,33.9,45.7,70.7,80.34,39.14,5.09,1.06,2,75.77,38.25,Beginner
S07553,3,58.72,55.34,59.1,39.65,84.47,78.78,63.08,51.09,44.82,1,88.33,53.2,Intermediate
S07554,2,77.21,36.9,67.84,63.28,90.94,96.25,73.77,57.19,48.61,0,49.96,61.31,Intermediate
S07555,3,60.22,55.11,70.93,51.44,42.91,94.68,96.32,78.15,47.36,0,75.65,59.42,Advanced
S07556,7,9.76,17.24,25.7,26.45,85.22,89.46,43.85,33.01,15.92,2,96.56,19.79,Beginner
S07557,1,24.51,19.17,0.0,11.48,79.41,81.15,42.52,15.24,21.75,2,88.36,13.79,Beginner
S07558,7,61.68,55.91,27.98,37.55,54.78,92.94,71.26,54.5,47.02,2,85.91,45.78,Intermediate
S07559,4,53.9,80.41,58.1,62.44,49.9,86.32,69.56,46.16,50.75,1,64.6,63.71,Advanced
S07560,5,62.4,80.92,53.66,33.61,68.56,84.08,73.06,67.7,51.07,0,62.7,57.65,Intermediate
S07561,5,68.81,71.02,68.75,54.41,50.69,96.85,78.12,93.51,77.97,0,93.45,65.75,Advanced
S07562,7,35.51,27.67,46.04,36.25,64.12,85.09,63.31,42.83,19.45,1,73.57,36.37,Beginner
S07563,7,75.05,49.9,70.2,64.87,72.05,96.04,56.47,50.51,16.09,3,68.95,65.0,Advanced
S07564,3,65.24,46.8,63.03,47.26,65.74,73.13,71.61,58.72,37.08,1,54.98,55.58,Intermediate
S07565,8,57.86,63.59,63.67,73.42,62.08,88.84,75.18,66.5,32.65,0,98.87,64.63,Intermediate
S07566,6,59.96,59.09,39.37,89.48,49.61,90.26,84.11,63.53,40.86,0,80.17,61.97,Intermediate
S07567,1,100.0,100.0,85.35,100.0,46.68,95.47,100.0,100.0,72.49,0,84.83,96.34,Advanced
S07568,4,45.55,36.59,32.1,44.46,66.78,86.93,52.4,50.37,36.89,2,90.93,39.68,Beginner
S07569,3,66.92,74.75,65.58,83.08,78.52,98.48,83.17,77.61,45.36,0,81.79,72.58,Advanced
S07570,4,84.77,86.86,69.16,68.63,43.72,83.92,100.0,68.61,58.78,0,99.27,77.35,Advanced
S07571,7,94.08,71.95,100.0,100.0,50.1,99.61,100.0,79.51,83.83,0,82.87,91.51,Advanced
S07572,1,46.04,37.65,48.16,41.22,99.27,77.32,61.36,33.45,19.02,3,86.99,43.27,Intermediate
S07573,5,56.12,49.53,28.27,71.43,56.86,85.45,68.1,55.3,22.09,0,70.31,51.34,Intermediate
S07574,11,32.17,41.41,31.89,62.44,80.78,76.88,67.82,53.81,31.02,0,73.84,41.98,Beginner
S07575,7,61.91,45.86,46.85,64.4,70.88,78.78,72.93,60.48,37.33,0,76.77,54.76,Intermediate
S07576,2,62.83,32.84,58.72,33.73,76.7,79.31,57.12,37.82,30.24,2,55.65,47.03,Intermediate
S07577,4,65.34,58.46,53.21,63.42,53.71,86.4,76.94,62.13,28.78,1,87.08,60.11,Intermediate
S07578,3,80.26,91.87,83.08,81.94,33.41,100,94.88,72.17,68.88,0,76.09,84.29,Advanced
S07579,10,78.24,84.73,59.45,66.71,56.75,90.79,94.08,62.97,58.27,0,85.72,72.28,Advanced
S07580,3,45.94,34.75,52.9,50.73,59.48,82.75,62.02,62.28,27.06,1,78.0,46.08,Intermediate
S07581,4,94.53,100.0,88.86,80.18,72.22,89.35,100.0,93.82,77.51,1,82.78,90.89,Advanced
S07582,1,62.58,74.11,92.99,71.99,68.71,82.61,98.56,62.01,36.32,1,71.35,75.42,Advanced
S07583,1,51.51,35.68,50.07,80.12,57.08,90.17,65.99,65.23,20.35,0,59.42,54.34,Intermediate
S07584,1,96.39,100.0,100.0,84.68,45.95,100,100.0,100.0,90.03,0,69.03,95.27,Advanced
S07585,1,48.31,49.82,53.35,48.48,71.92,83.13,77.78,70.09,33.41,0,93.35,49.99,Intermediate
S07586,7,58.46,48.77,92.36,65.96,75.74,97.75,79.25,50.25,77.33,0,78.2,66.39,Advanced
S07587,4,72.04,54.16,59.11,70.07,51.25,100,68.81,58.71,53.66,0,71.76,63.84,Advanced
S07588,1,66.14,61.88,67.46,58.81,72.04,74.64,88.19,65.62,50.92,0,93.14,63.57,Advanced
S07589,7,48.87,67.6,41.83,77.3,67.14,81.19,84.48,53.84,72.39,0,61.57,58.9,Advanced
S07590,5,25.58,5.78,6.36,16.15,80.78,74.42,29.1,2.38,6.54,1,84.6,13.47,Beginner
S07591,5,53.83,67.44,51.08,48.81,61.79,79.33,62.52,50.56,29.55,0,94.33,55.29,Intermediate
S07592,6,38.22,36.01,34.73,19.53,72.97,81.19,54.95,38.45,44.39,0,87.36,32.12,Beginner
S07593,1,31.12,33.72,32.6,28.83,68.18,85.6,50.95,45.62,24.33,0,94.46,31.57,Beginner
S07594,4,47.55,23.71,48.78,28.17,79.58,88.14,55.31,50.02,27.63,0,68.93,37.05,Beginner
S07595,7,47.41,65.25,90.36,65.77,72.64,92.64,58.68,71.03,42.78,1,64.26,67.2,Intermediate
S07596,7,100.0,90.53,79.66,94.6,44.72,100,100.0,92.56,63.26,0,69.85,91.2,Advanced
S07597,8,56.95,57.36,95.63,64.7,48.28,95.62,85.34,56.71,52.68,1,86.72,68.66,Intermediate
S07598,1,78.75,70.52,79.21,62.98,52.38,100,95.17,89.14,84.16,0,79.2,72.86,Advanced
S07599,5,22.61,29.97,33.15,42.59,86.65,94.96,53.87,47.25,32.08,2,86.98,32.08,Beginner
S07600,1,76.55,66.46,69.47,73.69,33.32,97.0,85.44,70.27,76.83,1,86.83,71.54,Advanced
S07601,5,49.96,41.56,72.57,31.79,79.28,81.57,79.4,46.24,32.38,0,65.59,48.97,Intermediate
S07602,6,80.79,74.7,80.76,72.95,44.94,95.61,91.76,72.92,61.21,0,77.35,77.3,Advanced
S07603,5,76.65,73.51,81.57,98.46,50.59,95.03,100.0,78.32,84.37,0,90.08,82.55,Advanced
S07604,2,30.26,46.02,45.23,45.98,81.1,85.9,42.65,52.87,40.57,0,82.5,41.87,Intermediate
S07605,6,52.02,39.42,25.47,35.24,59.9,74.16,45.99,34.4,21.12,3,78.78,38.04,Beginner
S07606,7,87.03,91.14,97.5,67.51,54.5,100,100.0,71.78,82.45,1,65.48,85.79,Advanced
S07607,1,58.19,56.69,61.48,65.93,70.77,90.06,69.31,71.98,41.13,0,89.45,60.57,Intermediate
S07608,6,57.91,49.05,47.95,59.81,65.05,100,51.77,35.92,53.79,1,80.12,53.68,Intermediate
S07609,6,61.46,40.95,23.0,51.36,75.83,76.97,66.47,50.12,34.07,0,56.64,44.19,Beginner
S07610,6,88.06,77.99,87.37,100.0,47.62,84.53,79.57,52.02,37.13,0,89.15,88.36,Advanced
S07611,1,26.28,17.86,56.98,20.67,76.81,95.77,69.69,41.88,30.69,1,78.64,30.45,Beginner
S07612,7,60.67,39.7,45.62,66.78,47.53,80.6,63.62,67.11,40.8,0,74.0,53.19,Intermediate
S07613,4,29.25,47.96,32.91,39.4,96.4,79.93,63.07,44.3,33.23,0,86.25,37.38,Beginner
S07614,1,55.1,57.21,62.18,64.4,34.23,92.46,70.06,65.55,65.47,1,100.0,59.72,Advanced
S07615,8,23.8,12.69,21.82,15.63,90.1,84.59,45.47,23.07,5.84,2,89.45,18.49,Beginner
S07616,7,71.07,88.43,81.16,71.06,61.41,98.59,90.01,85.59,41.32,0,76.72,77.93,Advanced
S07617,3,63.64,47.03,27.17,83.22,56.06,90.24,92.92,62.26,43.06,2,62.31,55.26,Intermediate
S07618,1,57.99,42.14,39.01,38.52,65.02,75.48,43.02,29.05,5.83,1,86.09,44.42,Beginner
S07619,4,12.85,32.36,23.59,14.01,82.17,91.7,57.48,37.26,0.0,1,64.86,20.7,Beginner
S07620,1,87.42,93.71,86.47,85.02,69.41,94.95,100.0,78.97,63.16,0,81.59,88.16,Advanced
S07621,10,49.82,69.73,46.13,34.14,83.63,78.02,54.8,41.54,17.99,0,53.1,49.95,Intermediate
S07622,5,61.83,66.08,56.16,47.99,42.91,82.91,67.95,57.88,35.04,0,97.73,58.01,Advanced
S07623,3,68.0,61.56,76.3,35.22,57.81,86.68,87.33,68.77,46.76,0,81.98,60.27,Intermediate
S07624,7,85.82,87.07,80.34,85.75,38.7,88.24,100.0,88.89,65.82,0,98.84,84.75,Advanced
S07625,4,52.5,40.11,27.25,67.87,88.68,75.66,53.01,56.97,26.7,1,66.94,46.93,Intermediate
S07626,2,97.84,88.57,76.42,73.01,50.86,98.34,94.09,96.78,70.09,0,81.36,83.96,Advanced
S07627,3,69.5,28.78,31.06,19.43,69.2,97.53,60.63,52.32,28.79,1,67.68,37.19,Intermediate
S07628,1,26.06,44.36,15.09,30.27,86.55,94.69,47.55,25.99,10.93,2,72.47,28.95,Beginner
S07629,3,62.57,52.31,60.43,65.23,40.09,87.49,71.4,68.36,44.68,1,93.47,60.14,Advanced
S07630,3,15.84,37.72,28.03,22.0,87.79,84.79,41.12,24.05,15.25,2,61.69,25.9,Beginner
S07631,4,51.38,66.8,66.01,53.64,57.42,85.38,73.0,62.44,45.29,2,75.52,59.46,Intermediate
S07632,2,91.97,85.97,62.11,79.05,60.29,100,100.0,89.72,74.95,0,86.86,79.77,Advanced
S07633,6,69.37,57.88,81.12,84.18,41.49,92.29,69.83,56.13,40.15,0,79.07,73.14,Advanced
S07634,1,61.63,71.97,68.43,67.92,69.99,100,87.32,73.12,49.31,0,88.13,67.49,Advanced
S07635,2,44.99,51.03,20.38,29.48,73.29,79.73,53.59,56.62,36.36,0,86.69,36.47,Beginner
S07636,4,56.57,49.56,49.55,60.19,53.88,95.4,55.29,46.25,27.45,2,82.01,53.97,Intermediate
S07637,1,50.06,38.02,53.21,37.0,47.24,71.37,58.57,34.76,39.07,2,72.41,44.57,Intermediate
S07638,1,100.0,87.59,100.0,96.56,28.31,96.63,100.0,77.98,81.3,0,94.78,96.04,Advanced
S07639,8,55.33,59.56,38.61,41.87,62.75,83.17,69.97,64.51,41.74,3,76.75,48.84,Intermediate
S07640,4,62.17,67.83,60.73,82.74,73.08,93.92,84.28,63.21,60.36,0,81.04,68.37,Advanced
S07641,3,60.27,62.25,49.74,67.15,54.62,87.06,68.24,58.27,42.22,1,93.01,59.85,Advanced
S07642,6,53.38,70.09,57.8,69.02,56.18,97.51,41.82,68.06,34.21,0,81.06,62.57,Advanced
S07643,8,17.65,31.35,27.19,43.71,73.99,78.75,38.97,14.25,7.22,3,84.44,29.97,Beginner
S07644,2,33.97,26.6,21.08,36.35,90.59,86.77,50.0,35.98,17.76,1,91.58,29.5,Beginner
S07645,3,85.71,76.9,90.66,100.0,43.48,91.71,82.41,77.8,77.32,0,96.24,88.32,Advanced
S07646,7,68.23,77.85,58.61,40.04,51.86,90.35,81.72,68.76,32.29,0,83.23,61.18,Advanced
S07647,6,90.09,80.43,75.51,100.0,65.42,88.86,100.0,90.09,92.4,0,74.17,86.51,Advanced
S07648,4,100.0,67.69,100.0,67.59,18,97.66,100.0,73.44,67.82,1,64.04,83.82,Advanced
S07649,1,46.93,55.81,55.5,54.49,59.14,100,80.52,47.18,45.77,0,94.45,53.18,Intermediate
S07650,4,91.18,74.18,72.22,73.53,49.84,88.61,99.7,69.92,56.1,0,87.61,77.77,Advanced
S07651,5,51.61,47.67,63.6,32.91,67.29,90.46,70.27,29.43,47.65,2,83.84,48.95,Intermediate
S07652,5,60.47,70.34,42.95,59.05,46.53,90.1,62.24,63.65,45.76,0,75.0,58.2,Intermediate
S07653,4,82.45,76.13,68.22,81.75,65.32,98.7,100.0,81.34,56.82,0,96.59,77.14,Advanced
S07654,2,65.45,47.96,67.92,39.79,51.69,87.12,68.41,58.46,47.06,0,54.76,55.28,Intermediate
S07655,5,61.57,75.52,62.52,81.46,85.46,91.88,79.58,57.45,43.89,1,71.78,70.27,Intermediate
S07656,4,28.6,26.69,28.52,54.82,66.54,99.53,71.87,44.53,26.77,1,83.68,34.66,Beginner
S07657,1,59.89,74.95,70.88,66.02,56.81,97.8,89.22,75.79,65.84,0,71.68,67.94,Advanced
S07658,1,56.68,50.25,69.85,43.97,64.19,89.17,68.6,41.04,43.01,0,74.31,55.19,Intermediate
S07659,6,82.31,44.05,50.64,65.85,65.58,85.77,65.83,71.17,27.68,0,57.69,60.71,Advanced
S07660,11,69.58,80.59,72.1,82.93,51.57,91.18,82.06,63.26,50.36,0,76.34,76.3,Intermediate
S07661,3,78.06,100.0,95.59,87.02,34.99,100,100.0,84.01,82.54,1,70.03,90.17,Advanced
S07662,4,70.43,63.76,81.15,88.75,51.66,90.37,97.79,84.47,63.62,0,88.17,76.02,Advanced
S07663,2,63.92,70.33,75.65,78.72,58.94,92.16,96.06,55.6,42.47,0,82.72,72.16,Advanced
S07664,5,28.98,53.58,50.98,51.08,75.32,86.75,60.77,37.65,17.13,0,80.75,46.15,Beginner
S07665,6,100.0,100.0,90.3,86.45,28.1,87.44,100.0,80.64,79.29,0,100.0,94.19,Advanced
S07666,1,69.14,44.44,51.13,44.65,78.0,94.14,56.16,30.55,38.48,2,65.86,52.34,Intermediate
S07667,7,76.03,35.12,55.67,50.67,69.92,96.83,77.85,47.49,37.07,0,49.8,54.37,Intermediate
S07668,1,28.59,40.87,58.48,29.98,81.41,81.82,55.61,37.24,21.42,0,72.56,39.48,Beginner
S07669,3,85.19,75.38,81.07,88.85,71.1,80.1,82.51,85.11,73.99,0,80.41,82.62,Advanced
S07670,6,92.37,100.0,100.0,97.71,58.65,100,97.33,77.45,77.65,0,99.93,97.52,Advanced
S07671,3,42.56,37.55,34.28,22.38,57.93,75.24,42.78,30.58,40.35,1,80.72,34.19,Beginner
S07672,2,0.0,1.51,0.0,7.45,77.29,83.76,27.32,4.7,0.0,5,96.14,2.24,Beginner
S07673,5,44.59,56.7,42.27,58.19,68.13,91.35,49.17,46.11,28.37,0,72.44,50.44,Beginner
S07674,2,71.32,89.5,76.61,63.08,50.44,76.97,98.91,74.78,67.84,0,70.69,75.12,Advanced
S07675,2,63.29,58.08,70.75,75.62,71.24,94.71,59.03,69.76,62.65,0,100.0,66.94,Advanced
S07676,4,86.17,70.77,64.12,80.63,57.2,96.7,75.19,70.62,49.52,0,77.33,75.43,Advanced
S07677,7,72.47,52.97,37.06,56.54,79.81,100,72.37,69.25,24.87,1,67.02,54.76,Intermediate
S07678,2,76.41,61.28,79.85,71.19,70.98,86.8,76.91,74.87,50.33,0,74.81,72.19,Advanced
S07679,6,39.88,36.15,56.91,51.27,56.71,87.08,56.1,47.33,36.28,1,77.97,46.05,Intermediate
S07680,2,42.68,41.06,61.9,53.46,42.35,79.01,71.82,62.73,55.03,1,100.0,49.77,Intermediate
S07681,1,88.18,100.0,68.16,92.64,31.93,98.42,99.99,89.13,61.69,0,75.58,87.25,Advanced
S07682,5,62.67,68.89,68.22,80.22,61.23,88.07,82.24,73.61,64.19,0,95.35,70.0,Advanced
S07683,3,36.99,30.0,23.67,67.6,77.31,85.88,49.98,50.32,53.69,1,59.32,39.56,Beginner
S07684,1,73.22,69.81,85.45,42.4,69.61,100,71.4,56.74,51.75,0,60.2,67.72,Advanced
S07685,5,52.6,65.34,71.85,55.38,57.97,91.72,68.55,62.62,62.07,0,79.5,61.29,Intermediate
S07686,3,48.06,58.56,43.59,51.8,78.19,91.8,78.32,78.39,23.52,0,81.36,50.5,Intermediate
S07687,1,60.45,71.51,62.17,69.15,57.42,99.78,80.98,84.54,56.15,0,83.42,65.82,Advanced
S07688,5,38.51,34.18,56.55,51.84,77.19,88.74,49.73,54.47,44.05,0,100.0,45.27,Beginner
S07689,3,73.62,70.35,70.3,47.24,67.1,92.73,63.52,73.35,46.96,0,94.56,65.38,Advanced
S07690,4,25.6,0.0,44.17,13.89,99.32,91.45,46.45,20.47,3.04,4,48.41,20.91,Beginner
S07691,3,39.57,54.68,37.24,29.29,79.84,89.55,55.96,50.6,21.56,0,78.57,40.19,Intermediate
S07692,6,57.75,54.96,52.52,71.99,70.37,96.16,66.43,67.65,48.59,2,78.91,59.31,Intermediate
S07693,3,62.03,77.22,91.01,74.66,55.7,98.08,85.32,60.52,45.59,0,69.37,76.23,Advanced
S07694,1,73.07,88.63,100.0,97.24,66.64,92.79,87.99,71.87,70.61,0,82.85,89.73,Advanced
S07695,5,66.95,64.34,62.85,71.0,65.55,82.39,79.03,55.44,44.12,0,95.06,66.29,Intermediate
S07696,1,28.99,40.3,44.61,33.17,62.27,86.7,72.07,29.41,35.66,1,76.74,36.77,Beginner
S07697,7,51.4,67.42,51.12,38.23,75.79,73.19,70.96,67.32,30.76,0,75.87,52.04,Intermediate
S07698,1,53.38,49.05,54.3,88.11,57.73,87.11,70.05,60.96,32.67,1,66.98,61.21,Intermediate
S07699,8,51.92,32.72,40.13,30.6,84.41,70.31,49.95,21.12,10.69,0,72.1,38.84,Beginner
S07700,1,71.33,65.38,58.35,89.9,68.4,80.2,72.02,64.09,25.88,0,77.0,71.24,Advanced
S07701,2,45.26,71.19,56.78,56.66,63.38,83.01,89.73,69.16,44.8,1,78.99,57.47,Intermediate
S07702,4,75.34,74.11,64.01,58.45,52.11,93.48,92.82,60.48,54.79,0,85.93,67.98,Advanced
S07703,3,68.13,87.36,39.38,59.13,39.93,71.01,84.04,57.77,60.14,0,62.33,63.5,Intermediate
S07704,4,44.85,60.51,58.4,24.78,79.13,84.48,64.59,56.76,32.71,3,59.06,47.13,Beginner
S07705,3,48.06,56.38,59.26,42.41,71.71,86.12,49.32,27.16,45.92,0,78.88,51.53,Intermediate
S07706,5,33.96,57.45,29.55,44.63,60.1,80.54,50.2,54.16,38.9,3,65.78,41.4,Beginner
S07707,3,33.56,30.02,28.55,50.4,59.84,87.49,68.26,33.59,8.64,0,95.56,35.63,Beginner
S07708,3,80.97,72.89,74.59,72.84,70.42,80.56,82.49,91.54,52.33,0,85.61,75.32,Advanced
S07709,8,66.98,70.69,60.4,68.75,66.2,91.12,73.53,66.39,43.1,0,98.41,66.71,Advanced
S07710,2,45.04,33.16,51.81,31.2,75.25,90.23,38.4,42.62,20.85,1,81.26,40.3,Beginner
S07711,3,81.08,66.6,74.17,69.16,38.97,90.76,82.84,76.63,50.61,0,68.16,72.75,Advanced
S07712,4,67.33,68.58,44.96,72.15,62.0,80.03,82.8,53.41,28.57,1,77.18,63.26,Intermediate
S07713,3,49.01,44.46,37.77,67.23,57.34,100,77.33,49.15,21.93,0,72.25,49.62,Intermediate
S07714,4,72.5,86.05,73.86,61.0,53.78,91.98,60.0,82.21,64.11,0,79.9,73.35,Advanced
S07715,3,41.61,48.2,60.99,46.82,72.27,88.25,38.82,25.25,25.04,0,97.51,49.4,Intermediate
S07716,6,30.12,56.37,24.14,33.48,60.03,83.32,41.48,36.88,22.81,2,62.23,36.03,Beginner
S07717,1,70.2,75.8,88.61,81.24,65.1,84.84,89.74,76.65,48.44,0,82.19,78.96,Advanced
S07718,6,67.69,65.83,73.34,69.26,72.75,92.98,83.86,47.15,47.91,0,96.03,69.03,Intermediate
S07719,6,24.89,32.14,32.0,43.96,65.61,85.95,51.99,47.15,26.07,2,81.47,33.25,Beginner
S07720,4,50.26,34.16,37.37,39.74,70.82,86.54,63.15,38.13,23.46,2,88.61,40.38,Beginner
S07721,5,50.56,57.54,70.45,64.8,78.06,85.7,73.6,44.02,28.92,0,91.42,60.84,Intermediate
S07722,4,79.93,63.85,86.21,65.83,68.2,73.58,94.59,89.52,51.89,0,74.42,73.96,Advanced
S07723,2,54.72,37.44,47.05,67.65,83.01,80.82,61.31,62.78,35.82,0,74.02,51.72,Intermediate
S07724,4,58.24,95.02,75.37,60.46,70.23,99.66,73.38,73.92,60.57,0,61.96,72.27,Advanced
S07725,7,93.2,100.0,88.97,90.64,18.06,100,99.72,93.62,93.88,3,93.28,93.2,Advanced
S07726,7,54.56,59.83,47.72,52.19,64.99,81.89,58.76,44.73,31.36,0,95.14,53.58,Intermediate
S07727,5,88.74,92.14,100.0,74.02,57.19,90.42,83.4,61.41,57.1,0,84.31,88.72,Advanced
S07728,7,53.73,61.76,46.17,45.06,52.14,89.2,75.45,61.32,41.71,0,100.0,51.68,Intermediate
S07729,7,36.27,44.05,42.66,43.33,72.36,83.71,53.16,57.75,27.63,1,92.6,41.58,Intermediate
S07730,6,29.11,28.7,55.56,58.69,85.6,88.09,63.76,43.37,44.17,0,87.23,43.01,Intermediate
S07731,4,82.45,83.98,59.53,61.99,88.9,90.0,64.92,72.0,35.03,0,100.0,71.99,Advanced
S07732,4,56.58,85.7,59.14,78.97,60.64,95.11,89.99,82.38,46.69,0,55.51,70.1,Intermediate
S07733,8,51.0,18.38,14.46,19.77,85.61,74.56,28.35,17.29,0.0,2,71.23,25.9,Beginner
S07734,4,54.71,93.17,83.04,78.88,64.81,93.33,93.41,87.67,44.03,1,72.72,77.45,Advanced
S07735,2,78.87,73.86,80.94,73.68,52.83,84.37,95.51,53.47,51.36,2,80.87,76.84,Advanced
S07736,2,41.52,38.88,36.96,42.4,64.56,95.69,63.78,28.54,28.15,1,98.71,39.94,Intermediate
S07737,5,64.82,52.52,51.84,64.78,55.72,100,82.29,68.9,61.87,0,87.12,58.49,Advanced
S07738,6,57.34,46.43,55.76,77.1,56.59,87.38,65.5,57.42,38.58,3,77.78,59.16,Intermediate
S07739,6,21.61,51.77,52.61,52.49,64.16,96.97,67.49,37.21,41.05,0,67.41,44.62,Beginner
S07740,6,41.05,53.47,55.19,70.05,89.16,84.73,55.35,49.73,43.94,0,75.52,54.94,Intermediate
S07741,1,25.12,37.05,36.35,51.2,85.77,75.05,44.73,17.41,17.67,2,76.98,37.43,Beginner
S07742,4,52.63,72.33,61.07,67.79,48.83,88.64,87.27,68.43,57.47,1,79.59,63.45,Advanced
S07743,4,53.82,54.64,55.64,60.8,63.33,87.42,80.27,40.85,33.75,1,94.21,56.22,Intermediate
S07744,2,52.94,61.89,37.84,42.31,92.43,79.61,61.17,40.82,25.31,0,75.86,48.74,Beginner
S07745,1,41.66,47.9,52.08,35.21,61.24,96.93,86.21,40.87,46.14,2,96.64,44.21,Intermediate
S07746,3,82.89,72.94,85.32,48.1,60.8,100,97.01,93.25,52.19,0,73.24,72.31,Advanced
S07747,1,70.94,72.32,53.35,63.21,52.34,91.83,91.97,100.0,46.42,0,98.04,64.96,Advanced
S07748,7,51.55,24.17,49.97,39.37,64.99,78.78,56.68,42.91,20.66,0,51.01,41.27,Beginner
S07749,2,33.5,44.16,40.14,44.81,82.43,79.78,64.93,24.27,26.67,1,83.72,40.66,Beginner
S07750,2,67.95,77.91,79.83,93.51,41.92,86.12,71.9,65.46,55.62,0,86.73,79.8,Advanced
S07751,2,27.21,30.32,50.86,51.17,80.2,83.66,67.84,44.5,12.91,1,100.0,39.89,Intermediate
S07752,9,51.19,40.21,63.85,57.82,51.33,81.46,80.66,52.61,47.29,3,86.09,53.27,Beginner
S07753,3,70.18,62.29,79.46,67.96,38.22,98.82,100.0,86.81,65.77,0,68.74,69.97,Advanced
S07754,1,64.01,81.76,77.32,78.35,49.55,93.72,96.82,87.24,64.49,0,96.3,75.36,Advanced
S07755,1,95.99,81.3,76.34,77.8,38.38,96.88,85.23,82.87,76.58,0,83.71,82.86,Advanced
S07756,3,44.59,43.67,43.44,34.53,64.9,79.24,64.06,55.56,53.5,0,86.77,41.56,Intermediate
S07757,1,40.77,52.68,62.49,39.14,74.42,75.88,71.01,48.23,33.86,0,86.58,48.77,Beginner
S07758,4,83.76,66.98,74.35,74.89,63.7,87.36,88.6,95.44,62.29,0,82.04,75.0,Advanced
S07759,6,73.79,72.62,64.88,67.96,68.49,86.49,89.51,76.56,62.21,0,93.67,69.81,Advanced
S07760,5,40.7,27.39,39.7,31.45,84.02,70.94,43.89,24.22,0.95,4,82.28,34.81,Beginner
S07761,3,100.0,99.2,92.02,100.0,43.63,89.07,100.0,99.66,75.07,0,94.06,97.8,Advanced
S07762,4,47.32,46.68,47.17,60.91,73.24,94.11,66.98,81.97,41.09,0,87.0,50.52,Intermediate
S07763,4,43.55,42.98,45.7,59.87,50.6,83.04,78.69,44.69,50.82,0,77.1,48.03,Intermediate
S07764,11,46.21,42.91,58.35,20.34,47.76,94.42,66.21,50.22,42.88,0,84.81,41.95,Intermediate
S07765,4,55.08,58.76,66.39,54.05,63.19,100,83.9,87.38,58.64,0,96.47,58.57,Advanced
S07766,3,100.0,75.12,72.33,75.28,65.53,98.56,91.24,73.07,67.4,0,67.53,80.68,Advanced
S07767,3,38.83,40.1,60.84,53.22,71.45,72.12,41.3,40.89,17.35,2,100.0,48.25,Intermediate
S07768,3,65.62,59.19,54.76,58.46,76.41,80.75,58.33,41.94,40.17,0,90.95,59.51,Intermediate
S07769,7,72.21,62.81,66.57,82.43,74.85,100,88.27,44.14,34.15,0,81.08,71.0,Advanced
S07770,1,22.19,57.05,44.28,49.65,69.7,76.92,40.61,37.8,14.66,0,67.39,43.29,Beginner
S07771,8,11.15,24.3,28.02,55.14,106.12,67.71,31.31,53.75,10.41,2,82.0,29.65,Intermediate
S07772,3,47.29,23.44,25.25,38.18,100.71,87.57,46.78,42.85,28.12,1,75.86,33.54,Beginner
S07773,5,88.31,100.0,74.19,77.76,62.78,92.31,82.0,68.77,52.9,0,98.73,85.06,Advanced
S07774,5,53.8,59.1,46.23,18.14,64.41,94.21,51.02,68.2,34.25,0,80.87,44.32,Intermediate
S07775,6,36.07,51.22,71.25,39.51,81.11,85.57,64.26,31.26,35.52,2,78.59,49.51,Beginner
S07776,3,39.64,24.74,61.54,74.14,63.32,74.11,52.31,48.25,30.84,0,90.46,50.01,Intermediate
S07777,5,36.69,28.8,25.92,28.22,49.0,68.65,38.13,41.52,20.99,0,84.89,29.91,Beginner
S07778,8,63.6,28.31,32.2,51.71,95.17,90.56,51.11,29.94,32.76,0,57.31,43.96,Intermediate
S07779,6,80.43,69.57,65.47,62.53,48.1,79.03,87.66,55.02,59.62,1,84.53,69.5,Advanced
S07780,2,63.54,78.36,66.18,42.83,59.03,94.53,73.79,49.53,30.96,0,75.67,62.73,Intermediate
S07781,7,77.38,68.21,58.18,76.51,56.21,94.35,82.81,47.79,54.35,1,84.16,70.07,Advanced
S07782,4,66.97,73.22,54.36,65.69,60.27,100,59.84,40.4,53.16,2,93.89,65.06,Advanced
S07783,5,50.36,51.11,58.77,83.11,72.83,82.53,76.11,62.03,52.12,1,81.19,60.83,Intermediate
S07784,10,57.89,48.89,57.7,38.6,51.32,87.15,60.41,38.78,40.25,0,96.49,50.77,Intermediate
S07785,6,43.59,27.21,33.33,27.93,96.36,84.74,49.97,42.87,14.7,0,73.67,33.01,Beginner
S07786,4,87.89,100.0,70.04,81.14,51.25,84.08,100.0,85.86,77.41,0,89.43,84.76,Advanced
S07787,7,35.44,61.43,41.86,48.41,69.41,99.1,75.97,58.18,38.1,1,57.05,46.79,Beginner
S07788,6,52.35,41.51,49.43,54.54,48.24,90.45,84.08,65.07,34.02,0,82.59,49.46,Intermediate
S07789,2,51.58,59.24,61.11,82.46,50.01,96.98,59.17,68.11,44.89,1,81.05,63.6,Intermediate
S07790,5,46.96,51.32,60.67,46.62,79.8,88.28,83.16,61.43,30.25,0,89.32,51.39,Advanced
S07791,4,41.8,63.52,55.47,66.93,62.84,78.29,85.91,79.28,58.97,0,60.9,56.93,Intermediate
S07792,1,58.46,60.42,83.56,40.06,44.65,91.76,89.92,70.48,46.51,2,71.62,60.63,Advanced
S07793,1,78.06,55.43,70.35,64.23,67.65,86.89,94.3,67.94,31.88,1,76.16,67.02,Intermediate
S07794,2,45.73,85.41,48.39,55.18,63.87,90.59,66.91,61.31,40.42,1,46.33,58.68,Intermediate
S07795,4,65.11,61.06,44.95,53.4,75.83,73.62,82.16,52.98,58.33,0,88.08,56.13,Intermediate
S07796,4,71.67,57.46,56.08,49.86,56.08,85.57,83.35,74.3,60.02,1,85.42,58.77,Advanced
S07797,1,95.46,95.38,100.0,92.52,50.78,100,100.0,85.6,75.31,0,99.95,95.84,Advanced
S07798,3,34.8,42.41,58.68,51.25,78.93,90.67,65.91,57.16,30.65,0,100.0,46.78,Beginner
S07799,6,99.98,100.0,100.0,100.0,35.8,89.32,90.5,90.73,99.54,0,100.0,100.0,Advanced
S07800,5,46.42,41.1,46.25,72.59,66.45,90.77,67.9,43.47,42.01,0,73.64,51.59,Intermediate
S07801,3,100.0,90.12,100.0,93.52,38.16,100,100.0,98.26,55.76,0,100.0,95.91,Advanced
S07802,9,92.31,45.27,45.19,43.45,53.69,88.52,82.78,47.63,37.3,0,52.49,56.56,Intermediate
S07803,7,53.3,69.77,52.77,65.08,52.73,87.22,96.87,78.49,49.68,0,86.15,60.23,Intermediate
S07804,5,70.67,42.42,43.71,64.74,64.46,94.23,88.42,67.95,44.56,0,52.33,55.38,Advanced
S07805,3,52.91,58.69,48.12,45.81,45.28,85.53,63.31,43.72,39.43,1,94.67,51.38,Intermediate
S07806,8,61.56,77.33,76.38,48.67,51.37,90.32,74.83,64.05,50.7,1,77.33,65.99,Advanced
S07807,4,79.39,63.32,68.31,92.12,87.64,79.37,75.11,58.0,37.84,0,68.09,75.79,Intermediate
S07808,5,62.53,55.18,79.69,73.59,46.69,96.85,84.32,76.2,78.38,0,93.55,67.75,Advanced
S07809,2,65.0,66.75,64.2,82.37,80.43,81.85,79.64,57.74,52.74,0,76.32,69.58,Intermediate
S07810,1,55.04,82.12,38.95,74.25,68.2,96.78,70.01,60.82,36.99,0,51.52,62.59,Intermediate
S07811,5,64.29,60.7,81.2,83.9,73.13,84.94,82.23,66.27,45.12,0,96.65,72.52,Advanced
S07812,8,50.73,33.84,43.36,46.43,83.65,85.53,54.99,48.71,0.0,1,85.25,43.59,Intermediate
S07813,3,92.97,88.32,93.3,96.37,54.83,88.07,100.0,92.7,76.4,0,93.72,92.74,Advanced
S07814,4,53.77,32.23,43.62,39.53,86.26,83.34,66.43,39.28,22.41,1,80.4,42.29,Beginner
S07815,8,17.53,29.56,15.55,36.49,71.71,76.6,46.66,18.14,16.4,3,74.97,24.78,Beginner
S07816,1,100.0,74.38,81.8,100.0,40.99,83.85,100.0,97.16,60.85,0,67.47,89.04,Advanced
S07817,9,38.43,57.54,48.98,42.99,69.9,93.47,69.58,44.07,41.55,2,70.41,46.98,Beginner
S07818,3,68.03,35.82,79.0,78.12,73.54,100,93.0,58.11,53.74,0,64.32,65.24,Advanced
S07819,5,100.0,100.0,100.0,81.5,45.0,86.67,100.0,94.06,89.9,0,82.08,95.38,Advanced
S07820,2,99.95,58.01,55.78,90.12,45.04,100,94.4,71.91,69.32,0,31.41,75.97,Intermediate
S07821,9,78.82,76.47,46.31,61.85,75.31,82.77,92.72,54.31,39.77,0,100.0,65.86,Intermediate
S07822,1,56.08,39.27,65.42,47.07,72.01,81.58,60.5,55.05,43.79,1,64.09,51.96,Intermediate
S07823,11,50.58,42.63,30.64,36.7,81.09,65.75,60.83,37.23,33.64,0,90.97,40.14,Beginner
S07824,2,54.45,56.23,71.85,56.58,35.03,78.25,72.74,71.7,43.34,1,89.12,59.78,Intermediate
S07825,4,39.75,44.35,17.76,31.84,55.63,86.91,59.58,42.21,0.0,2,88.23,33.42,Beginner
S07826,4,41.28,29.01,15.65,10.79,101.04,71.88,41.47,17.16,8.5,2,84.02,24.18,Beginner
S07827,8,27.26,45.78,57.62,27.68,64.57,80.92,46.71,45.12,21.54,0,53.84,39.59,Beginner
S07828,8,42.6,23.95,33.23,13.97,50.16,86.8,45.39,36.24,13.14,2,78.67,28.44,Beginner
S07829,1,71.66,65.09,28.43,77.54,74.42,79.46,82.36,69.87,62.47,1,66.53,60.68,Intermediate
S07830,5,96.43,78.89,91.62,91.79,38.53,93.66,89.21,82.36,50.16,0,78.03,89.68,Advanced
S07831,1,37.31,50.74,20.92,51.6,67.71,79.37,59.77,61.61,43.34,1,68.59,40.14,Intermediate
S07832,4,66.77,70.27,79.93,68.38,63.1,76.01,71.44,69.34,51.27,0,91.65,71.33,Advanced
S07833,4,79.15,87.18,87.18,82.34,55.77,88.25,99.41,57.23,65.36,0,100.0,83.96,Advanced
S07834,1,70.25,61.38,62.3,48.89,67.71,90.33,69.92,35.8,33.48,1,76.83,60.71,Intermediate
S07835,9,32.61,32.85,29.72,30.11,106.21,84.26,40.63,21.55,26.38,2,94.38,31.32,Beginner
S07836,5,58.18,68.75,58.1,79.77,69.22,87.52,92.16,75.99,52.25,0,81.82,66.2,Advanced
S07837,4,64.97,71.74,74.8,93.19,51.83,91.54,93.0,70.03,64.56,0,78.88,76.18,Advanced
S07838,4,94.2,97.84,77.53,60.17,37.91,93.29,100.0,95.82,72.18,0,92.15,82.43,Advanced
S07839,6,81.3,92.46,100.0,91.7,26.05,100,100.0,97.02,74.21,1,99.8,91.36,Advanced
S07840,1,21.67,35.35,0.0,31.89,93.4,83.7,37.83,34.96,19.18,0,61.54,22.23,Beginner
S07841,2,42.45,20.18,21.04,39.48,81.06,82.69,44.88,32.02,20.35,3,54.48,30.79,Beginner
S07842,8,68.51,76.66,82.03,84.66,56.03,100,100.0,81.25,66.82,0,87.7,77.96,Advanced
S07843,1,45.57,33.05,35.58,59.38,61.29,80.03,59.5,32.26,32.97,1,66.53,43.39,Beginner
S07844,3,94.03,89.37,100.0,62.12,70.76,89.28,100.0,81.19,53.41,0,65.69,86.38,Advanced
S07845,1,90.62,73.8,66.48,62.03,50.7,88.47,84.43,60.1,45.44,0,84.29,73.23,Intermediate
S07846,5,69.01,46.81,53.11,49.63,53.15,100,50.99,41.28,44.15,1,73.59,54.64,Intermediate
S07847,9,43.46,35.46,61.12,13.64,61.81,87.78,52.69,58.49,32.03,0,63.07,38.42,Intermediate
S07848,3,75.09,65.45,85.56,99.85,50.38,85.43,99.48,100.0,64.77,0,86.36,81.49,Advanced
S07849,11,32.18,48.63,15.26,41.05,75.6,78.56,53.35,33.27,13.97,0,76.15,34.28,Beginner
S07850,4,81.7,72.68,70.29,65.15,53.91,100,86.66,65.97,65.96,0,98.15,72.45,Advanced
S07851,6,50.92,50.93,45.97,61.06,43.87,88.82,49.17,52.15,57.08,1,97.2,52.22,Intermediate
S07852,5,22.9,26.8,20.91,25.47,76.59,80.68,57.6,28.61,5.11,1,92.71,24.02,Beginner
S07853,4,81.02,59.67,85.35,68.45,62.29,83.3,86.82,73.58,44.92,0,65.08,73.62,Advanced
S07854,3,55.55,58.22,32.94,45.52,83.3,99.19,77.74,55.15,23.79,3,83.37,48.05,Intermediate
S07855,4,64.96,83.64,58.01,90.49,71.71,90.73,69.13,51.51,63.45,0,53.84,74.28,Advanced
S07856,3,55.2,39.02,48.66,24.72,42.83,88.68,65.84,49.75,24.13,0,75.78,41.9,Intermediate
S07857,6,50.84,53.62,33.45,29.61,79.54,100,54.56,27.22,25.69,0,94.32,41.88,Intermediate
S07858,2,42.05,48.39,56.32,55.2,55.86,58.04,46.84,30.77,36.63,1,100.0,50.49,Beginner
S07859,7,51.44,77.52,68.69,63.55,81.51,70.13,77.36,55.86,53.8,0,76.41,65.3,Intermediate
S07860,8,93.84,85.11,81.5,79.73,46.34,89.36,88.29,55.37,50.72,0,100.0,85.04,Advanced
S07861,2,50.33,35.51,30.27,41.14,73.64,88.03,59.25,43.25,27.05,0,82.03,39.31,Intermediate
S07862,6,37.39,40.98,41.23,20.83,69.95,90.88,55.99,53.16,30.9,1,83.55,35.11,Beginner
S07863,3,77.38,80.34,58.29,66.8,56.68,87.85,77.56,74.67,62.83,0,100.0,70.7,Advanced
S07864,6,77.75,60.95,59.68,36.98,77.09,96.08,70.78,47.71,21.63,1,73.3,58.84,Intermediate
S07865,8,21.4,47.44,34.98,54.88,77.06,69.22,51.35,47.56,13.19,0,61.83,39.67,Beginner
S07866,4,51.33,64.09,59.66,52.56,58.61,84.69,76.62,63.41,68.51,0,84.27,56.91,Intermediate
S07867,3,50.14,42.55,49.6,27.25,64.0,65.66,45.75,48.98,27.73,2,89.48,42.38,Intermediate
S07868,4,25.82,29.41,42.39,52.17,76.61,82.4,44.29,31.41,14.41,1,83.77,37.45,Intermediate
S07869,5,55.49,50.52,38.57,41.84,69.71,80.76,69.24,22.15,15.1,0,94.26,46.61,Beginner
S07870,6,42.36,41.64,46.26,31.14,51.29,88.27,48.06,45.64,30.4,0,96.0,40.35,Beginner
S07871,4,74.54,100.0,73.22,87.58,32.75,91.91,100.0,78.85,54.0,0,62.77,83.84,Advanced
S07872,3,61.87,50.74,14.23,64.02,84.53,87.34,46.93,59.45,19.12,1,58.26,47.72,Intermediate
S07873,5,57.29,50.62,46.39,69.61,59.02,65.97,70.55,51.35,13.03,1,75.97,55.98,Intermediate
S07874,1,61.75,77.88,76.69,59.99,34.66,97.77,76.91,70.37,44.41,0,87.01,69.08,Advanced
S07875,2,63.06,53.74,58.02,78.95,50.43,78.23,85.2,70.37,29.28,1,79.89,63.44,Advanced
S07876,5,98.66,77.36,80.94,92.0,32.93,100,100.0,97.08,87.1,2,72.24,87.24,Advanced
S07877,1,77.57,57.1,79.0,70.68,46.87,100,80.94,81.59,56.96,0,74.83,71.09,Advanced
S07878,1,84.97,91.9,100.0,59.01,66.2,100,100.0,90.63,61.09,0,69.62,83.97,Advanced
S07879,5,80.2,80.56,82.27,66.7,62.84,79.56,97.18,54.73,63.42,0,78.61,77.43,Advanced
S07880,1,96.93,100.0,94.45,100.0,53.06,84.77,100.0,98.95,82.91,1,89.38,97.84,Advanced
S07881,8,51.65,58.15,45.63,60.37,80.57,87.23,77.33,83.71,42.08,1,78.95,53.95,Intermediate
S07882,2,66.05,70.9,55.67,66.48,84.02,99.14,80.04,57.29,46.71,1,93.47,64.78,Intermediate
S07883,2,59.66,54.04,45.84,63.75,59.6,80.21,88.88,55.25,52.84,0,88.21,55.82,Advanced
S07884,7,46.86,65.78,55.16,75.71,65.47,82.55,78.07,63.89,63.72,0,73.62,60.88,Intermediate
S07885,3,55.3,43.89,26.51,28.09,75.19,83.24,54.96,35.78,30.69,2,86.33,38.44,Intermediate
S07886,7,77.89,66.42,65.76,74.6,64.04,92.95,80.02,79.04,36.24,0,81.2,71.17,Advanced
S07887,2,27.16,64.14,61.65,45.79,61.04,94.52,71.77,43.49,60.29,0,52.63,49.69,Intermediate
S07888,6,80.97,79.1,75.84,67.77,69.24,98.8,89.82,66.39,45.34,0,100.0,75.92,Advanced
S07889,10,72.65,45.95,43.54,71.23,53.02,82.47,71.66,58.94,48.23,0,48.76,58.34,Intermediate
S07890,3,52.95,46.05,42.33,14.57,85.2,83.97,50.37,42.71,25.79,2,78.43,38.97,Beginner
S07891,1,80.11,93.29,93.78,99.22,48.99,92.47,100.0,86.19,85.78,0,78.0,91.6,Advanced
S07892,3,38.72,50.13,51.47,53.92,66.38,80.65,49.48,31.76,11.26,3,86.24,48.56,Beginner
S07893,4,70.93,93.83,100.0,85.87,35.85,100,100.0,79.27,56.44,0,78.06,87.66,Advanced
S07894,3,50.87,71.62,64.64,76.54,50.94,89.42,84.63,77.62,53.36,1,77.36,65.92,Advanced
S07895,5,76.68,42.24,61.0,47.66,64.42,81.94,66.21,50.54,54.71,0,54.66,56.89,Intermediate
S07896,2,87.11,56.93,52.24,69.26,64.15,74.4,61.35,77.42,52.4,0,59.85,66.39,Intermediate
S07897,4,51.12,40.82,33.12,57.34,68.25,74.51,63.82,41.18,27.88,1,67.71,45.6,Intermediate
S07898,5,98.59,87.27,100.0,100.0,26.64,97.24,100.0,84.22,83.25,0,86.55,96.47,Advanced
S07899,1,100.0,75.07,76.2,100.0,55.71,98.85,100.0,96.99,87.94,0,48.84,87.82,Advanced
S07900,5,28.18,17.64,13.3,0.0,76.17,81.41,27.24,25.5,0.0,4,80.91,14.78,Beginner
S07901,4,64.46,72.83,69.08,70.88,70.2,100,82.95,81.01,50.88,0,90.24,69.31,Advanced
S07902,3,72.75,49.18,77.63,73.86,63.68,82.49,71.71,68.19,64.87,0,70.52,68.35,Intermediate
S07903,6,33.14,29.65,21.43,26.78,66.66,80.72,63.02,21.86,36.96,0,99.38,27.75,Beginner
S07904,7,73.07,65.87,68.03,68.76,46.69,87.55,87.43,71.73,44.27,1,85.57,68.93,Advanced
S07905,4,13.55,8.86,22.25,46.18,63.27,73.73,40.5,25.99,0.0,5,88.6,22.71,Beginner
S07906,5,76.19,82.6,79.41,56.75,53.92,88.23,83.13,65.28,58.35,1,77.01,73.74,Advanced
S07907,4,39.89,62.99,19.88,57.15,78.49,89.91,40.03,40.69,30.08,1,60.33,44.98,Beginner
S07908,6,44.28,55.73,65.78,52.59,63.07,86.14,60.58,58.14,39.06,0,76.2,54.6,Intermediate
S07909,4,67.3,42.21,67.01,60.37,47.31,82.36,80.18,75.91,58.48,0,75.12,59.22,Advanced
S07910,1,66.15,58.59,59.38,87.33,68.38,81.28,78.51,81.67,52.58,0,87.99,67.86,Advanced
S07911,7,59.0,67.56,86.84,60.14,46.6,83.06,84.0,74.06,48.25,0,78.55,68.38,Advanced
S07912,3,58.33,57.93,100.0,61.87,56.11,77.2,99.55,75.96,44.98,0,78.44,69.53,Advanced
S07913,3,67.01,77.01,44.63,49.88,51.75,93.62,100.0,64.05,33.54,0,93.75,59.63,Advanced
S07914,2,73.44,79.5,66.84,58.88,43.24,91.2,57.95,69.33,52.32,0,79.12,69.66,Advanced
S07915,3,61.18,46.94,70.96,35.71,45.76,86.03,56.02,47.61,40.13,0,72.34,53.7,Intermediate
S07916,5,43.74,49.5,68.48,42.01,63.12,92.51,60.19,33.17,17.55,2,55.81,50.93,Beginner
S07917,7,60.44,37.23,33.49,33.99,83.56,63.83,71.85,40.56,24.84,2,59.41,41.29,Beginner
S07918,1,56.19,68.0,44.22,62.12,56.33,100,89.54,46.02,50.12,0,66.45,57.63,Intermediate
S07919,2,29.88,51.93,47.51,53.89,70.22,96.31,56.34,58.04,26.59,1,64.5,45.8,Intermediate
S07920,5,58.44,73.33,72.93,43.18,81.7,86.8,74.9,70.18,63.24,1,71.99,61.97,Intermediate
S07921,2,12.34,43.29,38.49,56.21,100.19,79.0,68.26,32.81,20.35,0,62.95,37.58,Beginner
S07922,1,65.0,74.97,100.0,65.33,32.46,71.91,96.11,89.45,76.49,0,76.41,76.32,Advanced
S07923,5,36.53,40.47,63.0,49.49,68.65,81.72,40.33,45.03,25.03,0,90.02,47.37,Intermediate
S07924,3,78.18,75.25,65.25,75.66,60.22,89.11,92.03,81.89,55.41,0,96.8,73.58,Advanced
S07925,1,51.18,72.13,63.45,70.13,57.47,94.83,71.92,61.43,48.78,0,81.73,64.22,Intermediate
S07926,1,38.13,71.81,85.83,79.65,62.84,93.77,61.06,64.71,36.46,1,76.11,68.85,Advanced
S07927,3,48.58,66.23,60.39,43.03,63.35,98.06,76.14,62.07,51.3,0,71.58,54.56,Intermediate
S07928,4,43.55,53.21,49.94,58.45,73.77,91.84,52.92,50.25,47.14,1,72.45,51.29,Intermediate
S07929,4,50.54,40.4,25.24,46.41,81.74,76.2,62.26,51.73,16.34,0,71.66,40.65,Beginner
S07930,2,34.06,54.9,38.98,32.34,73.13,66.6,48.87,35.01,8.66,1,77.85,40.07,Beginner
S07931,3,70.95,83.55,64.01,81.82,63.15,82.76,62.07,76.41,43.59,0,74.21,75.08,Advanced
S07932,5,58.84,50.4,54.1,47.4,64.38,88.06,71.85,51.11,35.45,2,94.68,52.68,Intermediate
S07933,9,38.33,24.66,52.99,50.82,51.64,69.14,65.29,53.83,23.52,1,89.74,41.7,Intermediate
S07934,7,29.69,16.56,53.48,51.97,69.28,87.36,49.85,24.73,20.85,0,79.59,37.92,Beginner
S07935,2,59.36,52.84,11.75,34.35,81.48,75.25,40.54,12.91,0.0,2,79.38,39.58,Beginner
S07936,4,93.0,86.53,94.67,57.82,31.51,86.01,94.93,100.0,62.06,0,60.89,83.01,Advanced
S07937,6,43.29,44.27,55.9,32.87,79.64,68.0,40.34,43.19,17.23,1,84.15,44.08,Beginner
S07938,6,44.84,40.3,36.67,42.4,61.54,72.59,63.03,37.34,51.06,0,88.35,41.05,Beginner
S07939,4,74.05,77.88,58.08,64.31,88.44,100,93.45,60.48,68.81,1,99.08,68.58,Advanced
S07940,7,61.28,90.3,65.47,67.65,43.85,92.94,94.93,56.66,57.88,0,74.15,71.17,Advanced
S07941,3,77.22,61.36,70.42,51.02,82.99,83.65,72.74,55.85,62.49,0,79.96,65.0,Advanced
S07942,3,40.86,50.07,21.6,51.66,58.02,87.92,63.56,37.62,22.24,1,68.61,41.05,Intermediate
S07943,6,37.55,35.58,36.94,40.06,64.53,79.33,65.37,50.12,15.86,1,96.5,37.54,Beginner
S07944,5,54.57,36.18,52.23,38.34,68.44,83.13,67.02,46.84,39.73,2,63.52,45.33,Intermediate
S07945,3,69.75,95.38,92.84,69.88,44.87,96.34,100.0,98.17,70.99,0,48.78,81.96,Advanced
S07946,2,82.75,89.06,62.07,63.12,47.88,95.89,100.0,82.88,72.03,0,89.32,74.25,Advanced
S07947,12,33.64,45.41,34.06,20.5,85.88,69.96,23.49,19.32,0.44,0,73.92,33.4,Beginner
S07948,3,58.68,47.18,52.59,60.77,63.28,72.64,78.93,70.97,36.53,2,86.35,54.81,Intermediate
S07949,6,50.82,33.79,28.54,23.91,63.25,81.62,56.58,42.95,0.0,2,91.38,34.26,Beginner
S07950,1,72.05,83.32,83.84,100.0,45.88,100,100.0,71.08,73.85,0,86.73,84.8,Advanced
S07951,8,63.97,52.45,95.95,100.0,62.12,99.16,82.43,58.32,53.25,0,87.95,78.09,Advanced
S07952,1,63.14,57.62,52.08,56.49,70.6,93.2,80.47,50.85,20.28,2,96.01,57.33,Intermediate
S07953,1,76.89,80.64,67.73,96.74,28.17,84.29,90.79,77.18,69.31,0,82.34,80.5,Advanced
S07954,3,62.34,49.71,57.04,67.77,43.71,83.39,86.24,67.93,20.91,0,81.67,59.22,Intermediate
S07955,3,100.0,85.07,100.0,89.12,30.85,91.87,100.0,100.0,81.67,0,88.77,93.55,Advanced
S07956,5,33.71,70.98,51.99,42.93,75.79,82.75,43.61,49.65,28.57,1,43.93,49.9,Intermediate
S07957,6,69.96,90.47,66.9,74.64,27.82,100,78.95,74.55,51.14,1,66.14,75.5,Advanced
S07958,5,58.18,73.21,64.87,74.17,70.08,90.39,89.71,64.75,41.2,1,75.7,67.61,Advanced
S07959,3,70.45,52.66,78.24,60.17,75.95,89.85,81.01,82.54,36.16,0,69.32,65.38,Advanced
S07960,2,32.4,11.18,35.36,33.39,94.42,78.9,34.03,21.67,1.68,3,75.95,28.08,Beginner
S07961,6,75.95,68.14,70.24,64.99,67.97,62.46,73.0,74.31,47.27,0,85.83,69.83,Advanced
S07962,10,68.52,53.35,44.57,71.18,48.06,86.52,63.57,54.31,58.14,0,74.8,59.4,Advanced
S07963,2,40.04,45.15,24.89,46.54,61.92,70.03,49.29,54.38,20.5,1,85.6,39.15,Beginner
S07964,2,60.92,54.66,32.93,42.08,64.55,92.56,66.93,68.15,55.71,0,97.96,47.64,Intermediate
S07965,5,17.47,20.26,24.43,21.11,67.08,72.35,59.37,48.03,8.25,2,91.6,20.82,Beginner
S07966,5,72.38,66.42,56.68,43.97,64.19,87.36,87.64,81.62,60.73,0,87.22,59.86,Advanced
S07967,5,76.78,61.71,86.94,62.36,57.98,93.37,66.94,62.86,50.05,0,65.12,71.95,Intermediate
S07968,3,56.57,73.51,50.17,82.25,47.82,98.07,91.76,72.49,44.89,0,69.51,65.62,Advanced
S07969,9,50.36,56.78,43.21,47.35,75.27,76.32,70.5,53.73,26.9,0,86.57,49.43,Intermediate
S07970,3,94.22,58.74,72.45,61.1,70.78,89.71,100.0,86.55,56.05,2,58.24,71.63,Advanced
S07971,6,61.6,65.56,64.47,63.96,57.69,85.74,79.69,70.85,50.94,1,100.0,63.9,Advanced
S07972,3,61.5,48.47,69.27,59.79,58.78,98.82,73.08,51.64,43.03,1,98.7,59.76,Advanced
S07973,3,25.97,19.09,40.55,28.96,66.81,96.32,41.2,22.65,11.3,1,92.97,28.64,Beginner
S07974,1,0.16,10.0,8.05,17.08,81.21,75.77,40.73,9.13,0.0,0,78.29,8.82,Beginner
S07975,4,75.53,69.19,82.3,77.09,44.21,90.04,94.71,79.49,69.07,0,87.72,76.03,Advanced
S07976,1,10.11,12.32,16.06,0.95,87.89,82.45,49.84,25.91,6.15,1,85.32,9.86,Beginner
S07977,2,54.54,25.59,72.69,58.18,53.01,76.32,53.92,60.45,65.36,3,75.72,52.75,Intermediate
S07978,5,60.15,59.98,55.76,70.2,50.91,82.71,70.87,73.58,62.38,0,97.9,61.52,Advanced
S07979,9,69.26,67.57,70.5,56.54,62.99,85.15,70.49,47.95,56.35,1,91.63,65.97,Advanced
S07980,5,77.15,85.22,96.4,61.42,61.06,91.96,100.0,78.25,61.29,2,76.54,80.05,Advanced
S07981,1,40.95,28.17,65.44,40.87,98.44,89.02,44.96,41.89,48.8,2,80.95,43.86,Intermediate
S07982,4,71.19,59.29,76.28,81.35,52.17,85.69,90.15,67.77,69.24,0,83.38,72.03,Advanced
S07983,1,63.1,79.32,84.96,81.66,67.66,100,92.29,68.57,48.32,0,77.9,77.26,Advanced
S07984,8,69.33,89.74,89.02,88.82,50.13,90.11,100.0,82.27,79.67,0,89.21,84.23,Advanced
S07985,4,95.8,85.75,98.49,74.09,35.21,99.41,100.0,98.39,64.85,0,74.43,88.53,Advanced
S07986,3,48.94,36.64,49.19,31.49,83.35,73.35,80.17,53.89,28.91,0,88.78,41.57,Beginner
S07987,8,61.07,39.4,41.55,48.94,66.5,91.84,87.12,44.41,16.99,1,73.55,47.74,Intermediate
S07988,1,41.61,18.6,46.13,26.63,86.11,69.3,46.86,31.35,7.48,3,66.19,33.24,Beginner
S07989,1,58.54,41.99,69.33,82.89,56.95,88.73,74.48,70.72,43.49,1,76.52,63.19,Intermediate
S07990,1,61.26,57.53,54.18,42.91,60.92,72.32,72.9,55.21,53.7,0,85.03,53.97,Intermediate
S07991,1,85.37,59.78,74.69,72.41,69.07,92.15,95.38,86.62,49.14,1,79.99,73.06,Advanced
S07992,3,38.59,81.09,60.95,38.22,68.92,89.56,75.72,48.66,32.89,0,37.15,54.71,Intermediate
S07993,7,46.09,46.55,56.35,56.17,57.19,87.32,61.88,65.29,24.87,2,97.48,51.29,Intermediate
S07994,5,54.78,57.02,57.2,59.34,51.71,83.4,85.19,57.09,43.52,1,95.89,57.08,Intermediate
S07995,4,11.24,18.96,0.0,1.88,83.82,68.26,39.94,16.58,0.0,2,91.35,8.02,Beginner
S07996,3,12.67,11.95,17.64,29.65,66.79,77.03,48.12,20.13,15.31,2,96.02,17.98,Beginner
S07997,3,21.13,13.03,0.0,0.0,78.63,73.51,41.79,13.99,0.0,1,97.43,8.54,Beginner
S07998,3,92.59,76.99,73.62,58.07,69.03,80.5,73.47,62.79,64.21,1,77.19,75.32,Advanced
S07999,4,48.27,71.48,87.86,48.78,63.6,82.25,49.82,55.9,57.85,1,49.81,64.1,Intermediate
S08000,3,52.98,45.05,81.48,36.29,65.65,95.1,64.33,64.74,32.29,2,54.52,53.95,Intermediate
S08001,3,49.93,41.71,49.3,49.43,77.01,91.08,68.84,51.86,28.51,1,90.83,47.59,Intermediate
S08002,6,21.15,18.76,21.26,1.88,76.0,77.32,48.58,24.69,14.01,1,80.15,15.76,Beginner
S08003,3,25.36,22.24,57.0,54.44,81.37,100,57.88,31.29,9.98,0,88.96,39.76,Intermediate
S08004,9,64.37,63.75,55.53,67.3,58.52,73.04,71.49,66.5,44.08,0,99.53,62.74,Advanced
S08005,5,41.93,65.89,64.68,70.65,60.41,85.76,92.54,66.44,65.91,0,83.73,60.79,Intermediate
S08006,5,54.32,40.06,66.51,31.45,73.05,95.95,67.19,48.87,12.72,1,65.44,48.08,Intermediate
S08007,5,25.0,34.15,40.44,35.89,65.31,69.01,51.49,51.77,18.22,3,86.86,33.87,Beginner
S08008,5,67.42,82.06,81.75,65.57,30.37,84.97,75.56,72.22,60.77,0,76.51,74.2,Advanced
S08009,2,39.95,46.19,41.6,39.45,76.3,98.89,69.46,64.86,51.42,0,97.55,41.8,Advanced
S08010,6,65.01,53.77,48.17,64.98,55.96,80.73,86.67,50.19,49.62,0,71.25,57.98,Intermediate
S08011,3,58.2,66.9,78.97,50.23,61.27,91.83,87.65,78.63,48.89,1,82.24,63.57,Intermediate
S08012,3,72.37,63.74,40.39,33.6,50.64,89.4,75.89,52.4,26.16,0,82.36,52.53,Intermediate
S08013,9,44.21,47.52,57.63,22.98,79.01,87.57,64.85,57.73,20.02,0,74.98,43.09,Intermediate
S08014,6,77.0,81.81,61.73,53.4,65.34,85.2,88.52,66.17,67.33,0,92.23,68.49,Advanced
S08015,1,47.75,53.7,59.17,68.92,64.69,93.01,76.06,64.89,40.64,1,82.17,57.39,Intermediate
S08016,3,55.69,59.99,27.17,73.46,57.1,93.85,75.11,59.39,70.59,0,60.05,54.08,Intermediate
S08017,6,55.36,86.26,77.93,47.08,62.76,79.48,83.58,68.06,37.53,0,48.36,66.66,Advanced
S08018,1,35.22,23.06,36.93,19.65,78.59,79.15,32.88,19.78,20.56,1,88.03,28.72,Beginner
S08019,7,48.41,71.31,52.36,47.02,61.29,93.07,65.42,42.7,46.87,1,73.55,54.77,Intermediate
S08020,5,0.0,0.0,32.57,7.71,83.44,76.64,18.04,10.82,20.69,3,82.3,10.07,Beginner
S08021,5,45.11,46.9,39.55,45.28,67.11,91.28,37.25,37.32,16.86,0,97.7,44.21,Beginner
S08022,6,72.69,54.03,40.09,60.84,52.13,76.68,59.52,54.85,56.76,0,68.09,56.91,Intermediate
S08023,2,83.9,89.06,55.75,82.95,72.55,85.19,77.95,94.54,54.79,0,64.36,77.91,Advanced
S08024,3,56.58,47.81,53.83,78.14,61.55,93.54,67.66,60.49,43.58,0,71.59,59.09,Intermediate
S08025,4,47.52,51.11,34.44,43.57,73.5,86.4,71.41,44.93,51.4,2,93.85,44.16,Intermediate
S08026,2,66.1,71.39,78.01,61.41,51.33,74.86,96.52,79.39,63.06,0,81.67,69.23,Advanced
S08027,1,100.0,100.0,100.0,87.53,71.14,85.25,100.0,92.98,79.47,0,81.35,96.88,Advanced
S08028,2,66.39,68.48,56.96,64.67,72.55,85.4,71.66,67.83,38.29,1,94.66,64.13,Advanced
S08029,4,59.02,92.95,80.57,99.92,51.31,94.22,77.42,73.19,77.47,0,61.1,83.12,Advanced
S08030,8,88.29,97.18,73.56,84.17,57.4,90.39,86.98,68.54,55.01,0,88.69,85.8,Advanced
S08031,4,40.2,43.73,55.03,54.3,65.74,77.2,63.96,33.52,10.6,0,92.36,48.31,Beginner
S08032,4,62.33,63.2,73.71,76.76,58.79,90.64,65.1,57.6,32.84,0,100.0,69.0,Advanced
S08033,4,37.82,38.5,58.76,73.37,67.79,83.35,48.21,39.24,11.36,0,99.77,52.11,Intermediate
S08034,4,49.41,64.91,76.69,62.2,52.18,86.43,94.41,72.53,49.07,0,79.76,63.31,Intermediate
S08035,2,66.48,55.04,65.71,37.62,50.59,72.38,85.37,34.23,56.56,1,75.64,56.21,Intermediate
S08036,4,59.43,71.89,58.78,65.51,54.03,83.19,99.64,69.71,65.46,0,84.27,63.9,Advanced
S08037,6,40.4,53.8,50.08,36.05,88.16,74.25,64.69,50.15,26.61,0,89.14,45.08,Intermediate
S08038,1,80.14,67.72,70.45,71.9,62.81,77.72,84.53,58.36,39.02,0,75.57,72.55,Intermediate
S08039,5,23.39,8.65,26.77,32.36,97.33,76.91,32.66,9.51,20.02,1,83.85,22.79,Beginner
S08040,2,47.2,36.46,71.27,81.98,59.12,81.11,70.77,71.61,43.9,2,84.32,59.23,Intermediate
S08041,7,38.97,41.45,37.14,37.44,57.66,93.87,46.82,43.28,24.99,2,100.0,38.75,Intermediate
S08042,3,24.6,47.26,31.39,40.33,53.33,83.51,50.08,33.4,11.39,1,73.25,35.9,Beginner
S08043,5,61.14,53.28,64.16,52.44,66.39,83.58,53.86,54.18,43.7,0,79.39,57.76,Intermediate
S08044,1,57.79,74.27,26.23,52.89,53.23,85.64,59.41,33.29,61.71,0,66.18,52.8,Intermediate
S08045,8,37.02,39.57,65.42,64.15,74.37,76.51,59.03,50.73,30.4,0,90.09,51.54,Advanced
S08046,2,40.86,49.99,58.71,43.24,53.84,81.52,64.55,54.58,45.74,0,85.54,48.2,Intermediate
S08047,3,50.21,52.93,77.28,62.97,70.17,74.21,78.44,58.92,55.18,1,80.36,60.85,Intermediate
S08048,5,63.3,55.44,38.61,47.29,59.86,86.26,60.23,42.68,45.7,2,83.11,51.16,Intermediate
S08049,4,15.77,33.43,37.11,12.85,59.11,75.85,22.59,30.51,16.32,1,79.35,24.79,Beginner
S08050,1,66.72,66.43,83.12,52.22,76.48,96.04,86.17,79.89,47.62,0,69.34,67.12,Advanced
S08051,1,56.91,50.11,73.55,42.21,64.34,86.99,87.81,66.67,41.87,0,58.6,55.7,Intermediate
S08052,7,54.85,64.32,55.27,60.31,73.69,84.82,64.5,67.72,53.03,0,84.2,58.69,Intermediate
S08053,7,73.95,59.5,62.7,71.88,56.08,90.15,88.68,58.64,61.18,1,78.78,67.01,Intermediate
S08054,1,60.11,72.05,49.75,66.31,60.84,89.28,82.47,48.99,49.41,0,79.3,62.05,Intermediate
S08055,3,69.08,65.98,52.85,34.95,57.46,92.4,68.19,47.01,53.92,1,72.43,55.72,Intermediate
S08056,7,59.22,75.01,68.21,82.15,67.69,79.44,83.12,60.41,45.13,0,74.81,71.15,Advanced
S08057,6,53.86,90.92,76.39,51.27,75.49,100,85.87,81.52,48.78,1,52.74,68.11,Advanced
S08058,4,37.52,44.18,67.86,42.45,80.99,72.98,57.91,56.01,12.77,0,82.88,48.0,Intermediate
S08059,5,75.05,72.03,73.25,49.91,44.02,88.9,87.81,69.28,59.8,0,74.94,67.56,Advanced
S08060,4,47.92,31.85,23.97,45.19,62.48,94.72,41.93,20.81,41.58,0,69.24,37.23,Beginner
S08061,6,38.09,35.81,49.93,61.32,78.1,83.79,55.09,24.29,19.07,3,89.55,46.29,Intermediate
S08062,5,68.31,57.18,76.09,89.27,52.72,100,100.0,99.38,54.15,0,89.12,72.71,Advanced
S08063,6,51.05,55.6,52.26,42.01,51.34,73.81,85.61,60.51,43.85,0,98.21,50.23,Intermediate
S08064,5,82.44,77.48,66.93,63.46,38.05,100,90.96,88.25,45.16,0,89.37,72.58,Advanced
S08065,7,56.11,60.78,90.26,83.47,65.5,85.57,87.04,69.56,74.11,0,97.23,72.65,Advanced
S08066,7,42.91,38.06,28.76,34.57,77.82,77.93,81.06,44.57,46.95,1,99.14,36.07,Intermediate
S08067,1,21.5,36.34,35.78,30.61,69.35,87.17,38.91,33.05,3.68,0,85.72,31.06,Intermediate
S08068,6,65.89,92.18,73.92,58.64,57.89,100,90.84,40.69,51.83,0,70.74,72.66,Advanced
S08069,9,45.12,40.45,50.66,56.34,72.52,93.83,60.54,47.79,33.58,0,86.42,48.14,Intermediate
S08070,2,88.42,76.94,100.0,84.95,64.53,100,94.21,91.43,64.68,0,79.65,87.58,Advanced
S08071,7,61.69,34.57,54.17,64.31,80.14,94.51,62.59,42.29,30.68,0,60.91,53.68,Intermediate
S08072,2,51.54,54.85,59.4,58.32,41.45,90.84,66.76,61.48,39.29,1,97.56,56.03,Intermediate
S08073,1,44.5,46.87,28.51,50.02,75.21,84.16,65.45,60.76,39.37,0,88.96,42.47,Intermediate
S08074,5,43.8,43.69,59.09,40.93,87.01,82.31,41.87,57.71,41.04,2,85.58,46.88,Intermediate
S08075,1,40.96,22.62,30.21,39.98,60.9,78.78,35.28,41.41,25.02,1,71.07,33.44,Beginner
S08076,2,22.78,39.35,35.55,73.66,52.17,86.24,66.0,31.18,21.74,1,53.03,42.83,Beginner
S08077,2,26.67,53.6,78.8,37.87,66.2,88.09,69.43,57.01,21.81,1,47.76,49.24,Intermediate
S08078,1,52.01,35.1,23.89,17.89,57.36,87.44,69.38,41.73,20.94,1,80.17,32.22,Beginner
S08079,4,46.06,43.76,50.83,34.79,51.39,100,57.83,54.77,48.67,1,79.6,43.86,Intermediate
S08080,7,43.99,59.82,49.32,64.09,51.42,81.87,66.2,45.11,23.57,2,77.48,54.3,Intermediate
S08081,5,9.26,8.18,11.56,27.12,118.11,85.29,28.33,3.32,0.0,3,94.69,14.03,Beginner
S08082,10,72.19,62.19,60.87,70.98,53.94,100,88.63,65.39,54.94,1,87.27,66.56,Advanced
S08083,5,43.1,38.3,56.41,25.44,66.16,66.78,64.72,31.46,18.62,0,74.61,40.81,Intermediate
S08084,5,80.69,79.62,60.87,58.89,57.93,91.24,98.66,56.84,46.22,1,88.93,70.02,Intermediate
S08085,3,78.96,72.26,62.62,72.01,80.87,84.84,67.3,61.44,43.49,0,89.08,71.46,Advanced
S08086,3,68.05,51.44,52.04,38.93,54.92,81.22,70.4,54.12,44.32,1,79.97,52.62,Intermediate
S08087,5,84.07,70.27,56.72,65.63,63.04,77.64,78.7,67.2,63.68,0,92.64,69.17,Advanced
S08088,1,57.31,100.0,71.65,86.28,48.39,100,86.89,70.19,79.96,0,40.16,78.81,Advanced
S08089,1,57.21,63.63,54.13,33.4,74.83,97.08,67.08,51.66,51.61,0,97.07,52.09,Intermediate
S08090,7,80.06,80.53,68.51,71.92,35.35,92.29,83.09,62.1,72.83,0,100.0,75.25,Advanced
S08091,6,60.92,55.12,53.45,54.73,70.32,88.22,79.02,68.71,23.85,0,100.0,56.05,Advanced
S08092,5,78.64,68.57,64.4,74.38,63.69,87.73,85.13,57.75,58.41,0,81.15,71.5,Advanced
S08093,4,92.31,86.98,90.31,88.66,48.15,97.76,98.09,100.0,80.47,1,97.2,89.57,Advanced
S08094,4,88.2,66.12,94.94,81.76,66.06,100,75.25,76.53,76.94,0,62.57,82.76,Advanced
S08095,2,33.34,54.9,26.42,60.23,70.71,89.6,53.28,41.4,29.22,1,51.66,43.72,Beginner
S08096,2,100.0,100.0,86.99,91.99,38.01,91.12,100.0,83.49,72.25,0,100.0,94.74,Advanced
S08097,6,46.44,39.42,40.03,25.65,61.4,76.08,74.49,60.18,22.83,1,92.52,37.89,Intermediate
S08098,4,94.65,92.73,85.82,79.1,39.98,100,100.0,84.32,81.08,1,93.11,88.07,Advanced
S08099,2,50.32,66.42,65.27,73.3,53.1,84.68,86.45,62.43,43.89,0,85.08,63.83,Intermediate
S08100,4,42.6,51.16,51.76,57.78,66.74,100,63.55,48.38,40.45,1,88.49,50.83,Intermediate
S08101,4,39.15,40.29,53.47,30.89,79.75,88.65,65.63,50.34,31.98,0,81.84,40.95,Beginner
S08102,10,41.37,37.23,61.11,26.31,74.86,96.84,59.31,47.51,20.77,2,76.99,41.51,Beginner
S08103,9,31.09,57.05,40.24,60.3,81.67,82.21,46.07,34.17,36.36,0,67.31,47.17,Beginner
S08104,4,61.66,77.65,47.34,34.74,61.73,90.6,72.51,50.31,50.55,2,88.37,55.35,Advanced
S08105,2,51.45,41.6,70.18,60.58,79.85,79.73,67.15,58.68,37.8,1,87.36,55.95,Intermediate
S08106,5,75.07,41.35,49.54,48.84,87.84,70.16,71.26,71.23,23.77,0,65.23,53.7,Intermediate
S08107,4,42.54,52.73,28.39,54.64,54.28,86.91,64.43,57.63,21.09,0,78.72,44.58,Beginner
S08108,1,41.67,34.17,42.78,53.83,67.15,71.26,49.48,32.84,3.46,2,84.41,43.11,Beginner
S08109,4,33.92,33.49,15.05,28.35,60.84,74.59,25.45,10.63,3.52,2,82.8,27.7,Beginner
S08110,3,60.66,53.5,47.15,45.82,72.36,80.46,79.4,65.61,41.78,0,88.93,51.78,Intermediate
S08111,3,71.94,40.56,62.18,68.81,54.95,84.3,70.78,57.81,45.09,0,65.78,60.87,Intermediate
S08112,1,57.5,59.5,45.34,30.46,69.34,77.25,72.71,45.35,72.54,1,78.17,48.2,Intermediate
S08113,9,58.62,62.14,61.13,72.65,67.82,91.33,70.15,68.97,40.79,0,83.67,63.64,Intermediate
S08114,7,50.23,43.71,63.92,38.26,68.54,77.36,59.53,51.28,38.74,2,84.13,49.03,Beginner
S08115,5,77.56,80.73,61.93,85.83,23.63,100,100.0,62.84,63.95,0,80.61,76.51,Advanced
S08116,11,27.38,28.4,32.73,29.19,80.72,88.66,51.03,45.11,28.32,1,96.21,29.43,Intermediate
S08117,1,63.3,72.27,23.57,52.61,73.43,82.43,62.91,43.82,36.58,1,75.65,52.94,Intermediate
S08118,1,74.87,56.01,97.02,64.88,34.34,95.74,86.03,72.27,56.01,0,63.42,73.19,Advanced
S08119,1,35.26,34.95,32.97,43.68,71.09,91.42,50.03,33.8,27.32,1,100.0,36.71,Intermediate
S08120,2,49.31,39.75,74.14,53.8,51.82,84.29,69.36,40.8,26.74,2,67.09,54.25,Intermediate
S08121,6,45.72,69.11,52.54,56.42,49.15,89.49,69.02,74.77,34.07,0,73.67,55.95,Advanced
S08122,9,80.23,84.36,61.18,79.35,56.5,78.39,69.26,78.21,41.52,1,82.77,76.28,Advanced
S08123,1,60.74,84.55,61.31,51.47,41.42,88.92,82.36,44.47,45.5,0,60.46,64.52,Intermediate
S08124,2,43.6,34.32,35.42,63.17,71.17,77.7,66.63,59.17,32.05,0,79.03,44.13,Intermediate
S08125,7,59.43,42.65,52.72,45.81,62.65,98.6,72.05,55.81,20.89,1,89.32,50.15,Intermediate
S08126,1,41.01,55.73,38.77,50.48,71.45,87.75,77.7,35.6,44.26,1,82.33,46.5,Intermediate
S08127,2,31.69,32.12,33.84,22.17,92.06,70.51,55.68,34.21,0.18,2,79.86,29.95,Beginner
S08128,1,50.32,38.64,52.83,79.52,47.6,78.27,65.54,61.33,31.77,0,68.57,55.33,Beginner
S08129,7,74.49,65.75,59.9,63.78,61.11,100,83.46,60.28,26.57,0,93.26,65.98,Advanced
S08130,3,64.96,63.45,57.19,74.26,53.37,91.44,71.96,81.0,55.17,0,96.68,64.96,Advanced
S08131,1,68.57,63.1,68.52,77.33,51.29,94.44,66.56,65.26,48.85,0,89.4,69.38,Advanced
S08132,2,27.61,30.93,0.0,50.89,68.99,85.4,51.76,14.45,13.49,3,45.68,27.36,Beginner
S08133,2,64.24,86.73,59.67,98.35,54.09,93.61,83.29,68.42,63.87,1,50.1,77.25,Advanced
S08134,1,70.96,86.46,51.84,52.13,70.19,93.05,100.0,62.69,46.77,0,79.44,65.35,Advanced
S08135,3,51.41,38.6,59.43,16.53,88.8,87.22,69.06,43.8,38.07,0,71.78,41.49,Intermediate
S08136,8,32.24,35.46,50.01,52.61,80.82,95.72,58.01,49.45,11.27,2,91.14,42.58,Beginner
S08137,10,100.0,95.4,93.27,80.19,40.21,91.58,91.38,100.0,95.66,0,100.0,92.21,Advanced
S08138,6,48.56,37.57,38.12,25.57,51.09,97.85,61.98,44.82,46.91,1,69.85,37.45,Intermediate
S08139,7,80.78,80.82,85.62,73.58,36.96,100,100.0,93.59,52.85,0,100.0,80.2,Advanced
S08140,8,51.52,43.78,45.06,64.97,62.78,79.25,59.35,62.3,0.0,1,85.77,51.33,Intermediate
S08141,2,71.77,98.78,96.95,88.53,56.19,100,95.73,91.68,64.04,0,76.53,89.01,Advanced
S08142,6,62.91,74.3,72.31,51.64,77.76,93.92,69.95,50.82,52.94,0,87.56,65.29,Advanced
S08143,3,95.82,95.9,91.65,100.0,44.11,98.56,100.0,100.0,82.37,0,100.0,95.84,Advanced
S08144,1,17.99,30.9,26.6,26.4,85.25,75.68,34.5,20.8,26.22,1,100.0,25.47,Beginner
S08145,3,78.35,81.14,79.88,76.94,61.51,85.3,74.92,76.44,44.55,0,100.0,79.08,Advanced
S08146,3,56.68,59.43,76.14,70.56,56.68,89.94,75.25,58.84,59.84,0,100.0,65.7,Advanced
S08147,1,57.1,66.82,53.9,40.2,56.6,88.8,47.54,48.32,62.57,0,90.03,54.51,Intermediate
S08148,3,27.21,25.77,30.21,36.57,83.72,78.62,63.49,39.32,0.0,1,84.19,29.94,Beginner
S08149,1,59.23,59.93,59.31,65.2,80.47,82.58,70.29,53.07,56.01,0,95.12,60.92,Intermediate
S08150,6,57.52,43.32,80.8,53.39,79.41,82.67,87.82,62.7,42.83,0,71.06,58.76,Intermediate
S08151,4,62.18,63.76,64.17,56.85,62.88,81.19,83.95,35.55,36.8,0,99.46,61.74,Intermediate
S08152,8,49.46,29.37,50.32,30.12,65.84,88.62,49.46,45.15,31.62,3,69.0,39.82,Intermediate
S08153,5,31.93,52.7,57.03,33.34,66.26,83.21,73.84,40.14,31.03,0,56.8,43.75,Beginner
S08154,11,29.66,32.77,47.11,37.68,42.45,78.52,46.31,20.55,20.08,2,100.0,36.81,Beginner
S08155,2,50.55,52.56,26.89,28.01,71.01,68.07,78.18,62.01,40.55,0,100.0,39.5,Intermediate
S08156,1,97.12,99.09,100.0,88.82,39.1,100,100.0,100.0,67.82,1,100.0,96.26,Advanced
S08157,2,57.08,60.46,72.04,69.61,49.89,80.5,84.55,77.76,63.27,0,92.16,64.8,Advanced
S08158,6,35.7,45.83,39.47,33.77,68.46,68.11,47.14,32.56,15.62,1,84.43,38.69,Beginner
S08159,1,62.09,76.64,80.65,70.84,63.73,90.45,98.33,90.19,68.21,0,83.16,72.55,Advanced
S08160,1,78.59,64.61,49.12,54.5,51.89,94.98,79.73,49.97,65.77,0,87.62,61.7,Advanced
S08161,4,42.44,56.37,52.28,53.28,81.85,94.48,65.51,40.94,23.92,1,74.9,51.09,Intermediate
S08162,3,51.33,36.45,72.92,32.99,70.71,78.43,44.68,63.32,19.07,2,56.9,48.42,Intermediate
S08163,6,74.28,99.11,70.95,73.99,28.46,92.95,100.0,73.58,58.37,0,67.52,79.58,Advanced
S08164,2,79.47,76.75,93.93,83.94,57.82,89.72,90.27,74.94,61.98,0,92.67,83.52,Advanced
S08165,1,70.64,95.31,68.61,61.06,44.26,83.33,73.23,65.87,55.98,0,68.69,73.91,Advanced
S08166,6,66.75,55.71,78.87,79.46,66.07,100,88.08,64.75,44.59,0,95.93,70.2,Advanced
S08167,5,78.24,52.36,75.7,99.98,60.71,100,78.11,71.75,62.89,1,48.42,76.57,Advanced
S08168,3,35.45,39.5,40.32,46.13,75.22,88.56,66.66,46.9,33.94,0,96.69,40.35,Beginner
S08169,1,62.66,59.9,75.17,70.82,63.93,79.62,84.17,65.08,51.68,0,100.0,67.14,Advanced
S08170,1,61.89,36.98,25.68,65.51,69.77,74.29,74.05,66.22,51.9,0,65.01,47.52,Intermediate
S08171,1,62.62,40.22,62.03,45.27,88.95,95.82,57.01,65.15,27.63,1,58.84,52.54,Intermediate
S08172,7,49.36,41.17,22.19,42.33,86.02,88.97,44.92,11.91,21.25,2,79.13,38.76,Beginner
S08173,4,56.52,75.38,55.96,60.82,46.64,84.74,62.78,60.99,27.46,0,77.23,62.17,Intermediate
S08174,1,71.38,34.12,51.17,42.29,48.02,73.9,90.52,43.0,23.23,1,54.9,49.74,Beginner
S08175,6,61.41,20.48,49.59,45.29,77.36,72.0,59.38,37.3,31.12,1,53.07,44.19,Beginner
S08176,7,32.09,30.97,8.02,29.74,74.22,82.0,41.67,38.84,9.71,3,93.55,25.21,Beginner
S08177,2,74.79,77.93,58.23,61.27,68.14,88.18,52.37,50.41,37.4,1,100.0,68.05,Advanced
S08178,6,67.0,55.26,64.87,58.25,59.87,85.22,70.5,51.86,22.59,1,85.11,61.35,Intermediate
S08179,6,46.06,70.93,57.21,29.76,74.25,92.55,70.67,52.01,46.05,0,47.41,50.99,Intermediate
S08180,1,39.7,39.67,42.07,55.38,84.01,90.08,70.13,59.18,41.24,2,94.93,44.2,Intermediate
S08181,3,57.79,72.42,34.05,84.38,64.63,87.12,96.05,64.54,41.01,1,50.07,62.16,Advanced
S08182,2,66.12,56.45,32.18,50.13,71.32,96.78,74.72,83.74,38.96,0,77.99,51.22,Intermediate
S08183,6,77.24,75.41,54.86,90.82,67.18,89.95,82.32,92.12,57.19,0,79.51,74.58,Advanced
S08184,1,71.26,78.16,90.41,72.85,35.11,89.89,92.23,84.77,39.33,2,74.4,78.17,Advanced
S08185,7,48.83,52.22,31.89,34.43,93.59,86.58,55.41,50.78,42.1,0,94.4,41.85,Intermediate
S08186,1,55.39,60.76,36.22,78.28,63.64,96.17,78.02,49.35,15.75,0,72.2,57.66,Beginner
S08187,9,42.8,66.15,68.53,63.91,56.44,74.93,77.09,65.66,52.66,0,66.23,60.34,Intermediate
S08188,4,64.64,45.46,57.0,70.76,60.61,86.83,71.87,84.33,48.53,0,70.99,59.47,Advanced
S08189,7,53.87,41.23,79.9,52.54,69.11,90.12,65.83,60.54,47.18,0,70.23,56.89,Intermediate
S08190,6,47.21,59.53,55.45,31.27,78.54,88.51,72.37,49.71,22.05,0,84.7,48.37,Intermediate
S08191,11,77.24,71.14,76.2,87.05,65.22,91.84,100.0,70.46,48.7,0,89.43,77.91,Advanced
S08192,10,50.53,58.47,53.77,58.88,90.34,75.1,75.3,55.7,19.46,0,79.2,55.41,Intermediate
S08193,6,37.45,39.67,31.34,31.54,69.24,85.92,32.03,32.49,12.65,1,100.0,35.0,Beginner
S08194,5,100.0,71.93,76.79,81.08,43.66,100,95.04,85.89,69.14,0,77.0,82.45,Advanced
S08195,5,67.0,70.56,87.71,64.48,47.18,93.24,70.36,72.31,75.4,0,92.92,72.44,Advanced
S08196,4,57.03,43.93,34.91,38.48,76.43,84.06,52.98,60.72,36.6,0,82.77,43.59,Beginner
S08197,1,29.57,51.19,11.29,32.42,75.82,78.82,61.14,34.86,20.59,3,73.5,31.12,Beginner
S08198,5,57.69,58.38,29.36,35.08,80.94,75.35,56.59,30.9,23.18,1,94.15,45.13,Beginner
S08199,4,44.85,64.18,68.16,68.26,51.49,78.81,76.59,69.53,49.9,0,80.39,61.36,Advanced
S08200,2,69.44,87.97,63.68,51.04,82.79,80.51,84.76,53.84,27.86,0,66.9,68.03,Intermediate
S08201,5,68.33,64.53,60.2,43.56,72.47,88.75,53.38,51.76,7.7,0,88.51,59.15,Advanced
S08202,1,95.83,100.0,100.0,89.67,51.05,91.94,100.0,92.64,77.05,0,94.79,96.38,Advanced
S08203,6,79.26,55.91,89.17,51.36,38.7,96.24,93.72,69.39,37.65,1,56.9,68.92,Intermediate
S08204,1,82.73,42.09,58.56,68.08,70.76,88.07,80.47,28.34,52.19,1,51.13,62.87,Intermediate
S08205,3,68.7,25.99,37.54,43.68,68.39,73.97,61.05,49.65,26.49,1,57.94,43.98,Beginner
S08206,4,49.74,82.22,63.68,79.81,55.69,95.48,89.0,68.92,56.39,0,47.28,68.87,Advanced
S08207,7,34.98,43.43,14.45,13.84,72.54,75.53,45.16,18.78,9.74,4,91.52,26.68,Beginner
S08208,5,53.08,40.89,46.87,48.09,77.49,100,75.43,47.06,34.31,0,74.54,47.24,Intermediate
S08209,5,63.14,37.84,39.9,60.75,61.83,80.09,75.19,63.46,24.84,0,68.75,50.41,Intermediate
S08210,3,51.81,43.39,46.37,79.43,86.15,88.47,64.77,55.3,41.14,0,90.3,55.25,Intermediate
S08211,3,59.35,60.67,65.27,38.48,66.01,92.01,74.38,52.41,46.87,0,83.58,55.94,Advanced
S08212,2,100.0,87.32,100.0,84.95,38.58,100,90.19,72.94,60.01,0,87.89,93.07,Advanced
S08213,1,57.55,58.02,59.84,58.57,58.28,100,67.1,73.63,46.44,0,89.74,58.49,Advanced
S08214,1,49.07,37.05,51.45,42.98,54.79,89.17,59.91,75.92,33.71,0,69.64,45.14,Intermediate
S08215,5,44.58,39.46,31.32,60.25,80.21,87.78,83.57,26.07,34.69,1,81.12,43.9,Intermediate
S08216,9,35.27,42.56,22.43,30.42,74.79,90.82,61.29,7.28,23.01,1,79.57,32.67,Beginner
S08217,3,23.96,24.22,11.34,21.35,76.16,66.36,40.0,22.52,17.68,2,100.0,20.22,Beginner
S08218,3,57.86,78.81,59.02,94.94,58.87,82.6,100.0,77.09,56.61,2,57.44,72.66,Advanced
S08219,7,93.84,85.93,99.77,85.93,28.06,100,96.05,67.77,72.24,0,79.36,91.37,Advanced
S08220,7,74.36,67.59,29.9,59.21,69.9,87.38,90.31,75.48,48.41,0,82.13,57.77,Advanced
S08221,5,76.19,84.68,93.52,75.26,50.04,98.07,78.14,67.75,69.71,1,82.02,82.41,Advanced
S08222,1,37.18,18.95,20.12,45.59,69.26,67.22,50.6,22.88,7.13,2,61.49,30.46,Beginner
S08223,1,9.35,2.74,30.05,0.0,77.99,71.74,29.82,0.0,2.84,1,87.86,10.54,Beginner
S08224,9,57.18,70.16,76.69,53.81,32.42,85.45,68.55,70.78,49.61,0,68.19,64.46,Advanced
S08225,2,76.57,57.1,95.07,57.29,51.48,95.68,97.29,72.9,28.14,1,45.26,71.51,Intermediate
S08226,4,89.51,78.38,94.16,89.7,42.31,88.04,99.98,97.59,71.82,0,85.91,87.93,Advanced
S08227,3,55.1,75.36,78.32,74.26,59.54,96.57,82.85,78.79,52.34,1,70.76,70.76,Advanced
S08228,2,64.13,58.73,61.99,74.86,54.45,92.17,74.36,64.62,51.87,2,88.75,64.93,Intermediate
S08229,3,49.72,57.16,41.2,29.55,58.54,72.74,61.51,53.76,28.01,0,100.0,44.41,Intermediate
S08230,3,92.11,100.0,100.0,89.08,62.27,95.17,79.5,100.0,72.9,0,89.74,95.3,Advanced
S08231,1,66.8,57.29,71.45,63.59,67.67,100,81.78,60.05,54.5,0,88.57,64.78,Advanced
S08232,7,35.18,41.48,25.33,47.8,67.34,74.35,49.48,45.33,43.83,3,72.37,37.45,Intermediate
S08233,3,53.81,33.08,40.16,40.44,64.51,83.83,52.69,53.14,26.22,1,80.92,41.87,Intermediate
S08234,1,80.43,47.98,59.43,49.35,72.22,93.42,77.2,50.61,40.76,1,68.16,59.3,Intermediate
S08235,5,48.01,40.39,47.04,45.39,73.14,79.63,69.48,34.39,22.08,0,91.31,45.21,Beginner
S08236,7,42.46,70.25,62.28,67.43,38.33,92.46,54.89,33.46,25.55,0,56.64,60.61,Intermediate
S08237,7,33.99,10.23,30.88,0.0,86.42,79.02,36.06,5.08,15.22,0,54.08,18.78,Beginner
S08238,5,63.01,48.96,65.89,82.46,48.26,88.13,51.97,72.82,50.02,0,80.64,65.08,Intermediate
S08239,1,84.53,73.01,49.34,95.83,61.62,100,91.78,85.29,49.09,0,62.64,75.68,Advanced
S08240,6,34.48,53.12,38.4,63.06,64.84,82.33,67.87,43.31,50.66,1,67.2,47.26,Intermediate
S08241,6,46.16,69.23,62.99,60.07,66.46,84.1,58.25,52.62,44.46,1,73.84,59.61,Advanced
S08242,9,64.59,76.57,71.77,100.0,53.55,87.48,79.08,73.07,46.5,0,59.03,78.23,Advanced
S08243,6,62.75,68.84,62.22,74.47,70.94,83.54,76.9,58.78,38.84,0,91.88,67.07,Advanced
S08244,3,58.47,47.72,47.63,25.05,85.05,82.62,55.23,51.74,40.32,2,89.26,44.72,Intermediate
S08245,5,69.18,77.01,75.3,62.78,54.54,82.69,90.93,65.53,50.44,0,93.61,71.07,Advanced
S08246,1,59.94,86.41,72.25,57.27,86.66,91.25,92.99,82.52,45.94,0,70.89,68.97,Advanced
S08247,4,81.51,76.37,85.7,73.93,50.44,92.15,79.54,73.6,73.99,0,92.85,79.38,Advanced
S08248,8,31.39,12.39,50.37,28.35,86.35,78.03,49.22,26.55,18.42,2,77.41,30.63,Beginner
S08249,4,68.67,73.15,72.98,81.7,41.64,96.08,100.0,83.48,50.96,0,96.96,74.12,Advanced
S08250,5,47.32,26.12,35.72,63.4,74.07,81.8,60.39,41.11,33.74,3,57.84,43.14,Beginner
S08251,4,43.58,28.89,47.86,46.27,102.18,89.19,84.4,58.24,29.61,3,83.51,41.65,Intermediate
S08252,7,22.01,53.16,27.65,25.53,93.51,83.43,36.83,26.68,10.2,4,74.81,32.09,Beginner
S08253,1,91.94,78.58,100.0,77.23,49.93,99.62,100.0,75.18,82.84,0,66.68,86.94,Advanced
S08254,9,74.99,70.57,49.07,67.25,64.21,100,71.05,65.52,54.68,0,98.23,65.47,Advanced
S08255,1,64.79,66.86,70.79,56.78,47.67,100,95.09,66.67,78.59,2,79.07,64.8,Intermediate
S08256,1,61.34,42.69,46.59,45.46,77.83,77.87,58.19,57.86,21.94,1,72.77,49.02,Intermediate
S08257,1,78.41,56.45,62.96,49.21,69.06,91.25,77.41,57.47,61.47,0,81.22,61.76,Intermediate
S08258,4,83.52,70.57,70.51,89.5,26.78,81.31,89.22,61.31,45.14,0,82.48,78.52,Advanced
S08259,7,34.53,34.23,36.59,21.11,72.68,78.55,51.43,36.96,16.44,2,93.8,31.61,Beginner
S08260,5,100.0,65.85,96.94,74.83,50.45,86.0,93.61,65.93,54.55,0,52.48,84.41,Advanced
S08261,5,100.0,95.63,99.87,83.8,33.52,99.53,100.0,100.0,83.64,0,89.92,94.82,Advanced
S08262,5,15.19,28.11,20.0,16.48,79.52,74.18,52.6,29.68,8.43,1,85.34,19.95,Beginner
S08263,5,55.21,60.61,47.5,53.06,67.29,81.77,50.95,42.22,25.21,0,99.51,54.1,Intermediate
S08264,9,72.09,72.5,64.9,61.48,70.64,85.6,58.6,60.58,33.47,1,95.72,67.74,Advanced
S08265,4,81.74,85.43,77.62,70.22,45.76,80.47,100.0,70.72,53.17,1,80.59,78.75,Advanced
S08266,3,59.95,83.38,63.56,74.07,56.63,87.13,97.44,65.53,65.88,0,72.19,70.24,Advanced
S08267,4,35.73,49.83,49.02,50.04,49.98,87.85,72.11,27.68,24.14,0,85.65,46.15,Intermediate
S08268,7,67.7,51.7,46.31,26.64,82.74,79.5,61.75,36.39,27.06,1,75.97,48.09,Intermediate
S08269,1,52.67,34.34,51.06,65.46,49.63,82.0,53.66,49.3,44.36,0,67.66,50.88,Intermediate
S08270,3,81.38,93.95,81.75,80.06,51.17,89.25,100.0,70.8,62.05,0,80.71,84.28,Advanced
S08271,2,34.94,63.57,47.62,44.82,76.14,87.2,53.48,49.55,31.84,0,76.92,47.73,Intermediate
S08272,5,48.65,18.48,58.13,20.23,57.78,76.89,35.9,34.87,20.95,1,47.65,36.37,Beginner
S08273,4,64.94,31.05,43.86,34.28,71.45,71.93,57.73,57.85,48.76,0,54.69,43.53,Beginner
S08274,1,37.63,44.63,43.82,34.77,75.33,65.74,45.57,57.79,24.04,0,79.18,40.21,Beginner
S08275,5,48.47,55.26,40.09,66.24,65.79,84.6,71.32,55.07,37.22,1,86.33,52.51,Intermediate
S08276,6,63.7,74.52,60.27,52.49,64.61,89.47,81.94,52.59,36.59,0,77.96,62.74,Intermediate
S08277,8,58.8,38.44,35.87,52.94,54.54,91.42,62.47,41.74,31.21,0,79.23,46.51,Beginner
S08278,7,48.09,63.32,60.24,74.9,54.72,87.77,83.55,61.61,33.49,1,67.83,61.64,Advanced
S08279,6,41.14,40.09,64.61,36.08,76.05,85.99,49.43,40.91,18.32,0,86.54,45.48,Beginner
S08280,4,82.04,75.32,62.39,67.44,43.66,100,66.06,77.22,83.03,2,100.0,71.8,Advanced
S08281,8,27.94,59.39,47.67,27.68,63.83,86.69,87.89,50.42,39.9,2,61.37,40.67,Beginner
S08282,2,44.14,28.4,48.35,50.2,54.27,75.19,59.31,51.68,15.55,0,78.04,42.77,Intermediate
S08283,2,18.03,39.04,43.23,35.56,68.13,75.22,35.43,40.85,17.96,2,80.82,33.96,Beginner
S08284,1,61.2,79.4,60.46,62.95,55.87,85.58,75.81,83.0,52.96,0,77.37,66.0,Advanced
S08285,5,9.75,11.42,4.14,10.25,87.12,64.23,9.0,0.0,0.0,2,91.13,8.89,Beginner
S08286,3,93.14,92.33,93.88,100.0,37.17,100,100.0,100.0,100.0,0,99.69,94.84,Advanced
S08287,7,57.91,57.94,42.14,64.22,56.35,76.8,72.06,24.77,26.19,0,81.07,55.55,Intermediate
S08288,7,55.55,45.48,67.94,62.81,54.98,85.58,65.74,52.44,31.04,2,93.48,57.95,Intermediate
S08289,5,48.83,58.01,46.33,53.2,63.11,76.85,66.92,29.38,25.07,2,87.56,51.59,Intermediate
S08290,6,73.55,69.97,66.94,63.17,74.2,94.53,70.37,46.24,50.14,2,84.04,68.41,Intermediate
S08291,6,35.33,17.74,27.76,26.51,70.57,74.44,55.26,24.66,27.57,2,78.64,26.84,Beginner
S08292,8,69.81,66.31,73.66,85.42,60.03,86.56,90.0,81.01,52.25,0,97.27,73.8,Advanced
S08293,4,61.77,44.35,64.58,65.35,55.01,78.01,70.91,68.57,25.36,0,88.41,59.01,Intermediate
S08294,6,60.93,37.13,49.58,53.55,59.44,94.06,64.56,37.14,18.04,0,80.28,50.3,Intermediate
S08295,9,100.0,73.05,90.44,83.76,53.2,100,100.0,100.0,66.31,0,73.1,86.81,Advanced
S08296,6,53.76,64.1,57.19,54.52,77.26,85.76,42.01,57.39,38.11,2,91.08,57.39,Intermediate
S08297,7,39.04,36.06,34.59,55.89,80.86,92.29,44.09,53.78,27.79,1,93.65,41.4,Intermediate
S08298,9,100.0,90.9,96.05,74.32,53.93,100,96.13,86.74,73.67,0,81.22,90.32,Advanced
S08299,4,72.77,86.9,83.94,84.21,73.45,78.96,99.48,56.59,57.51,0,100.0,81.96,Advanced
S08300,1,29.24,29.37,22.34,39.91,86.33,81.35,47.31,34.61,24.23,1,88.72,30.22,Beginner
S08301,4,67.82,64.07,69.9,63.52,74.14,87.66,67.59,53.26,67.08,0,80.86,66.33,Advanced
S08302,5,75.67,44.66,55.46,62.53,66.18,73.03,69.21,70.48,58.53,0,68.86,59.58,Intermediate
S08303,4,17.64,45.98,42.33,47.34,52.8,69.9,69.82,45.01,30.38,1,70.44,38.32,Beginner
S08304,7,68.11,38.99,74.39,83.15,55.0,96.7,81.56,76.87,48.55,2,70.79,66.16,Intermediate
S08305,5,71.07,54.6,56.3,77.06,52.25,97.54,72.98,60.31,53.31,0,70.26,64.76,Advanced
S08306,2,66.9,81.1,83.77,88.63,36.53,81.48,100.0,59.11,54.72,0,85.49,80.1,Advanced
S08307,1,99.06,82.73,85.55,72.7,26.48,100,100.0,81.28,86.19,0,82.43,85.01,Advanced
S08308,4,0.0,18.12,12.36,4.81,104.09,70.79,29.67,13.34,0.0,2,70.08,8.82,Beginner
S08309,6,86.92,91.07,78.0,77.88,50.81,100,100.0,77.61,41.84,0,89.06,83.47,Advanced
S08310,5,71.24,82.86,57.92,88.57,57.16,94.22,78.33,71.0,42.4,0,68.77,75.15,Advanced
S08311,2,73.33,72.82,73.51,89.23,71.25,89.61,79.12,83.14,47.36,1,90.56,77.22,Advanced
S08312,3,12.86,35.07,20.16,12.58,81.01,67.04,41.23,25.71,0.0,3,69.53,20.17,Beginner
S08313,7,48.75,50.26,66.5,60.66,42.13,79.4,83.1,48.43,42.33,0,97.14,56.54,Intermediate
S08314,4,48.81,70.88,92.16,77.69,70.81,87.13,100.0,94.54,47.72,0,73.91,72.38,Advanced
S08315,3,89.99,68.56,59.11,77.83,31.38,78.8,92.98,46.41,41.4,0,53.29,73.87,Intermediate
S08316,6,46.09,64.82,76.82,82.62,61.38,94.91,100.0,80.27,46.33,1,81.41,67.59,Advanced
S08317,6,45.73,32.79,40.22,30.94,75.55,79.69,65.0,31.96,23.26,0,71.97,37.42,Beginner
S08318,1,61.4,45.06,69.69,60.92,74.77,74.71,48.68,59.6,39.7,0,83.46,59.27,Advanced
S08319,4,42.02,33.29,46.69,65.74,44.47,95.07,71.26,53.28,43.44,2,67.51,46.94,Intermediate
S08320,5,73.97,52.69,74.26,57.74,61.82,90.72,72.34,41.74,59.75,0,56.75,64.67,Intermediate
S08321,6,50.42,38.38,48.57,60.97,48.07,70.02,62.03,31.11,27.76,0,74.99,49.58,Beginner
S08322,5,53.25,50.55,35.18,61.09,51.4,97.42,60.5,37.75,21.93,1,79.07,50.02,Intermediate
S08323,9,47.88,19.11,40.82,43.99,100.53,80.15,35.62,8.99,0.0,2,59.14,37.95,Beginner
S08324,2,48.42,85.62,72.41,52.67,75.95,85.07,72.29,69.91,49.29,1,59.47,64.78,Intermediate
S08325,1,71.28,73.01,80.71,68.59,54.32,77.81,72.67,60.08,60.04,0,80.2,73.4,Advanced
S08326,5,65.37,50.45,58.06,66.48,71.44,92.98,62.59,56.62,55.1,0,83.14,60.09,Advanced
S08327,4,28.48,45.53,60.47,43.31,43.73,91.7,80.33,50.97,33.33,1,53.14,44.45,Intermediate
S08328,1,66.19,71.01,95.32,87.52,67.14,100,94.72,77.79,85.68,1,97.14,80.01,Advanced
S08329,3,78.23,57.27,46.81,63.77,67.44,100,64.87,39.03,36.03,1,62.07,61.52,Intermediate
S08330,4,48.96,37.12,50.31,38.81,75.32,76.87,57.79,34.77,11.11,0,68.86,43.8,Beginner
S08331,5,41.98,41.57,71.65,44.47,71.27,100,67.21,41.28,42.34,0,84.91,49.92,Intermediate
S08332,3,28.38,39.68,34.77,52.61,72.95,86.31,47.85,26.99,25.48,1,72.15,38.86,Beginner
S08333,7,72.55,37.33,49.86,50.01,68.81,96.09,71.05,47.97,27.26,1,56.15,52.44,Intermediate
S08334,2,59.78,65.0,52.09,68.06,72.35,86.74,76.48,60.83,45.65,0,78.19,61.23,Intermediate
S08335,6,75.36,55.96,71.95,76.48,65.69,85.37,64.88,66.91,31.56,0,84.03,69.94,Advanced
S08336,4,86.56,40.58,48.44,58.71,53.93,90.32,64.9,48.31,22.62,0,54.56,58.58,Intermediate
S08337,4,57.0,37.85,69.47,62.97,66.62,99.7,73.99,56.72,47.5,0,64.12,56.82,Advanced
S08338,4,28.92,56.95,58.22,70.39,88.45,80.46,63.54,50.41,38.01,2,65.07,53.62,Intermediate
S08339,5,55.52,55.79,47.37,67.47,34.17,90.47,75.71,53.47,37.02,0,79.49,56.54,Intermediate
S08340,4,56.88,58.95,70.59,66.81,57.21,81.44,70.45,69.37,53.72,0,89.83,63.31,Advanced
S08341,5,70.88,82.12,67.6,82.56,58.5,98.05,80.89,60.42,31.24,0,85.8,75.79,Intermediate
S08342,4,71.72,71.45,63.46,85.24,48.79,100,89.97,68.85,59.79,0,86.09,72.97,Advanced
S08343,4,60.09,75.85,52.93,70.69,64.93,91.17,80.13,61.41,66.9,1,63.33,64.89,Advanced
S08344,6,74.69,38.98,57.32,52.97,90.99,83.24,72.28,46.91,36.19,1,69.93,55.99,Intermediate
S08345,6,52.96,34.48,58.18,78.65,59.49,78.78,50.07,63.46,38.32,2,75.43,56.07,Intermediate
S08346,1,99.57,87.54,98.8,73.41,54.98,87.68,100.0,97.5,84.05,0,71.38,89.83,Advanced
S08347,10,57.25,53.33,77.83,66.56,53.03,82.48,79.48,88.05,30.83,0,80.13,63.74,Intermediate
S08348,2,81.66,79.49,62.85,76.94,68.93,87.39,91.54,86.05,29.4,0,85.52,75.24,Advanced
S08349,5,97.83,86.43,61.84,84.44,50.34,86.57,92.99,80.92,85.74,0,74.31,82.64,Advanced
S08350,3,42.98,76.68,37.48,38.06,48.3,100,88.19,62.34,34.04,0,62.98,48.8,Intermediate
S08351,4,62.62,74.01,81.94,50.0,52.65,86.89,87.11,76.45,56.95,0,74.6,67.14,Intermediate
S08352,3,14.22,27.73,3.82,25.59,102.64,79.36,37.72,11.95,0.0,3,78.76,17.84,Beginner
S08353,8,11.06,26.92,22.54,16.65,79.78,71.53,34.6,26.76,25.16,0,77.18,19.29,Beginner
S08354,6,58.85,62.61,70.88,50.43,64.38,82.15,79.47,69.58,40.48,1,80.28,60.69,Advanced
S08355,1,69.88,58.39,39.01,49.29,71.73,88.13,68.65,45.18,29.67,1,81.35,54.14,Intermediate
S08356,3,38.03,46.45,33.76,36.72,57.89,80.15,63.6,44.77,44.61,0,93.75,38.74,Intermediate
S08357,7,55.98,58.05,76.79,60.3,64.83,94.97,92.71,62.85,56.06,0,97.55,62.78,Advanced
S08358,1,61.67,83.15,83.47,71.87,41.78,89.26,74.67,60.9,51.21,0,69.94,75.04,Advanced
S08359,1,70.47,100.0,75.64,100.0,59.63,93.55,100.0,76.02,56.21,0,51.1,86.53,Advanced
S08360,8,47.03,42.22,69.23,44.72,58.65,82.27,63.87,58.47,41.98,1,93.38,50.8,Intermediate
S08361,1,53.99,33.03,31.6,44.39,66.11,67.09,69.28,43.64,26.81,0,76.14,40.75,Beginner
S08362,3,61.92,66.66,58.55,45.16,76.66,81.62,81.3,56.52,42.0,0,83.83,58.07,Intermediate
S08363,2,18.54,4.25,23.41,28.2,81.94,88.19,24.96,9.9,1.3,2,77.11,18.6,Beginner
S08364,5,23.09,25.52,41.05,51.17,69.35,70.01,54.99,27.06,27.88,0,96.17,35.21,Beginner
S08365,2,47.64,27.77,50.11,55.95,72.44,89.14,46.53,46.44,42.99,2,76.72,45.37,Intermediate
S08366,1,37.03,30.91,51.68,42.35,65.82,77.7,56.69,56.38,35.95,1,78.37,40.49,Intermediate
S08367,1,7.04,49.62,23.63,43.53,51.77,81.57,48.12,32.3,17.85,4,54.62,30.95,Beginner
S08368,2,54.65,74.31,58.05,31.23,47.39,90.45,88.35,60.78,59.18,0,62.06,54.56,Intermediate
S08369,4,58.61,60.41,44.19,60.78,51.34,82.53,85.21,52.78,54.61,0,82.95,56.0,Advanced
S08370,4,63.2,64.4,68.76,59.44,62.4,85.15,63.22,79.78,49.81,2,89.49,63.95,Advanced
S08371,3,46.3,52.22,58.82,82.81,61.26,93.05,68.93,51.63,22.33,1,93.28,60.04,Intermediate
S08372,5,87.98,57.13,89.39,68.22,54.62,90.57,100.0,84.33,72.06,0,59.44,75.68,Advanced
S08373,3,46.33,59.46,29.35,52.5,50.28,83.72,72.21,53.75,22.44,0,69.88,46.91,Intermediate
S08374,4,71.09,65.1,63.77,77.55,64.53,85.69,66.67,78.08,58.38,0,84.59,69.38,Intermediate
S08375,4,32.67,44.65,17.32,33.29,67.85,91.08,78.71,46.58,35.97,0,65.29,31.99,Beginner
S08376,1,24.57,38.36,35.64,28.13,75.85,74.72,51.93,27.26,5.61,1,81.13,31.67,Beginner
S08377,4,29.6,24.95,54.63,36.85,58.77,77.74,72.05,55.51,13.42,0,83.66,36.51,Intermediate
S08378,6,70.14,58.1,68.36,56.76,47.35,100,92.21,51.26,48.7,0,85.77,63.34,Intermediate
S08379,1,92.64,100.0,100.0,68.53,59.6,83.15,90.13,100.0,72.7,0,60.5,90.29,Advanced
S08380,3,48.75,55.7,47.27,55.35,94.24,78.48,70.57,44.73,36.87,0,80.21,51.76,Intermediate
S08381,1,60.92,42.75,47.53,34.98,100.71,70.06,62.06,40.75,33.45,0,81.18,46.54,Beginner
S08382,9,10.47,39.36,42.87,48.66,73.84,81.21,40.0,39.07,21.0,1,66.3,35.34,Beginner
S08383,2,32.6,33.16,46.23,42.96,98.76,89.31,61.5,38.86,46.13,2,94.24,38.74,Beginner
S08384,4,58.05,42.25,50.36,49.68,53.13,100,62.81,42.2,44.43,0,71.93,50.09,Intermediate
S08385,4,36.12,39.52,32.3,35.56,97.29,78.54,43.84,26.14,27.94,0,85.07,35.87,Intermediate
S08386,4,56.47,55.17,45.91,71.04,56.17,83.92,69.54,53.21,20.25,0,95.15,57.15,Intermediate
S08387,5,99.94,79.92,100.0,87.11,25.86,100,100.0,97.07,88.11,1,83.12,91.74,Advanced
S08388,7,29.9,51.81,41.5,40.19,79.32,82.62,54.82,70.66,27.41,1,74.63,40.85,Intermediate
S08389,1,36.41,25.91,19.18,24.87,64.98,79.1,40.06,25.74,12.35,1,82.43,26.59,Beginner
S08390,2,46.9,42.8,69.51,54.41,54.23,93.39,85.4,48.53,45.84,0,80.19,53.4,Intermediate
S08391,2,68.11,34.82,42.07,45.39,56.34,80.5,66.77,44.93,31.9,1,73.55,47.6,Intermediate
S08392,3,54.63,32.99,68.58,42.49,83.4,83.26,56.57,33.88,21.73,1,59.56,49.67,Beginner
S08393,4,48.09,31.11,36.79,49.47,58.41,82.43,63.17,41.72,22.06,0,82.58,41.37,Intermediate
S08394,3,61.19,43.75,67.26,42.39,55.01,85.32,61.86,73.83,36.76,1,78.99,53.65,Intermediate
S08395,4,64.75,64.35,71.11,60.47,54.89,83.63,82.49,68.47,57.4,1,97.23,65.17,Advanced
S08396,3,84.27,100.0,82.86,89.48,43.1,97.65,97.15,82.43,83.95,0,89.48,89.15,Advanced
S08397,3,66.24,51.56,11.55,42.24,70.81,80.88,51.87,39.29,27.58,0,62.16,42.9,Beginner
S08398,4,64.43,62.49,83.62,76.38,62.3,98.26,77.93,65.4,45.44,0,90.7,71.73,Advanced
S08399,4,51.73,56.04,55.08,62.58,64.6,86.32,56.27,63.19,25.19,1,80.83,56.36,Intermediate
S08400,8,78.33,81.64,62.29,86.19,56.57,93.34,75.5,67.29,60.22,0,78.84,77.11,Advanced
S08401,5,67.6,56.63,67.51,74.41,59.42,87.02,80.06,77.67,63.88,0,78.66,66.54,Intermediate
S08402,8,22.14,24.15,46.79,32.2,63.89,59.91,51.7,38.53,2.62,0,88.23,31.32,Beginner
S08403,1,39.46,55.48,56.76,47.23,75.96,74.17,64.7,64.39,36.86,0,74.44,49.73,Intermediate
S08404,3,65.5,64.54,58.91,39.72,83.81,95.45,89.45,46.03,54.85,0,79.82,57.17,Intermediate
S08405,6,83.04,79.45,89.24,59.02,47.69,89.31,80.52,75.24,52.39,0,84.68,77.69,Advanced
S08406,2,95.96,100.0,96.48,79.3,37.75,100,89.78,98.56,60.42,0,88.16,92.93,Advanced
S08407,4,66.93,68.83,70.56,57.75,38.5,83.9,85.99,68.96,42.05,1,97.54,66.02,Advanced
S08408,1,84.16,85.51,91.88,76.46,52.79,100,88.41,68.66,87.29,2,97.7,84.5,Advanced
S08409,6,53.28,63.47,70.66,37.35,62.39,82.62,91.74,64.93,20.15,0,61.06,56.19,Intermediate
S08410,5,92.8,88.56,80.86,95.79,55.96,100,100.0,75.89,58.46,2,78.58,89.5,Advanced
S08411,3,77.92,75.11,57.45,73.51,47.8,97.54,98.54,61.86,42.8,0,98.41,71.0,Advanced
S08412,7,22.85,18.86,17.48,26.78,84.29,62.17,36.13,23.96,5.05,4,99.1,21.49,Beginner
S08413,4,31.99,52.9,46.76,44.67,40.08,88.48,66.77,62.27,38.19,1,60.99,44.08,Intermediate
S08414,9,54.64,43.16,2.79,19.52,59.39,91.56,68.51,34.88,7.3,1,72.45,30.03,Beginner
S08415,4,53.45,46.29,49.77,41.5,75.61,95.42,46.55,55.61,21.34,0,87.96,47.75,Intermediate
S08416,7,49.1,37.41,40.15,47.66,69.79,95.37,58.33,36.59,33.12,0,89.97,43.58,Intermediate
S08417,1,70.35,87.23,68.15,67.6,63.26,90.91,100.0,72.82,60.62,0,80.62,73.33,Advanced
S08418,5,28.09,8.44,53.19,30.05,69.68,68.79,42.6,35.82,13.63,3,60.46,29.94,Beginner
S08419,6,55.73,35.46,41.28,44.26,83.27,72.65,90.87,62.73,38.16,1,70.11,44.19,Intermediate
S08420,1,75.45,53.17,69.95,81.18,60.34,89.46,90.53,85.95,72.94,1,64.95,69.94,Advanced
S08421,8,56.09,65.81,77.21,33.65,74.15,94.48,74.92,54.88,35.53,2,72.97,58.19,Intermediate
S08422,3,29.13,47.19,47.77,63.27,78.74,75.63,53.75,52.56,17.49,1,75.94,46.84,Intermediate
S08423,4,73.01,69.08,97.41,65.02,45.58,98.59,90.73,73.28,53.41,0,76.26,76.13,Advanced
S08424,1,59.77,54.07,43.56,62.4,62.68,81.71,77.51,66.21,22.38,2,82.59,54.95,Intermediate
S08425,4,70.04,70.72,73.8,80.33,50.18,92.33,85.87,79.67,42.64,0,89.95,73.72,Advanced
S08426,2,46.6,46.94,37.13,43.54,69.84,74.41,45.17,48.42,22.8,2,89.26,43.55,Beginner
S08427,3,43.18,42.33,41.46,18.07,64.47,87.94,51.96,32.89,40.24,0,77.15,36.26,Beginner
S08428,6,42.49,44.28,40.02,17.78,62.72,84.94,53.34,16.88,19.78,1,84.64,36.14,Beginner
S08429,6,0.0,0.0,20.1,6.49,96.53,70.35,13.15,17.81,0.0,3,88.95,6.65,Beginner
S08430,7,55.36,54.01,78.41,56.07,66.03,79.0,84.93,100.0,48.69,0,96.01,60.96,Advanced
S08431,4,32.95,56.62,18.94,28.31,74.9,80.84,63.49,64.04,25.53,0,77.81,34.2,Intermediate
S08432,1,96.67,67.16,98.19,82.54,44.07,97.98,95.76,75.13,60.23,0,69.97,86.14,Advanced
S08433,5,30.69,51.78,23.86,23.75,82.62,84.87,59.57,44.57,22.04,0,82.25,32.52,Beginner
S08434,4,57.73,44.79,37.93,63.2,60.08,90.9,63.24,61.01,39.04,0,63.23,50.91,Intermediate
S08435,6,68.2,74.64,60.71,100.0,51.24,88.28,93.63,56.59,62.35,0,66.95,75.89,Advanced
S08436,7,44.36,69.57,58.55,61.59,28.46,88.13,89.8,73.0,60.32,0,58.47,58.52,Advanced
S08437,9,76.0,69.48,67.88,58.22,70.05,89.83,62.05,67.09,62.4,1,82.75,67.89,Intermediate
S08438,5,81.61,67.55,74.16,95.92,47.07,95.62,98.95,68.53,57.15,0,81.25,79.81,Advanced
S08439,4,73.21,74.8,68.92,82.24,57.85,84.69,86.95,66.75,59.5,0,97.82,74.79,Advanced
S08440,3,100.0,95.54,83.4,78.95,42.16,100,100.0,96.4,74.7,1,96.38,89.47,Advanced
S08441,1,51.63,36.21,49.49,42.55,64.37,86.08,61.92,44.65,38.54,0,83.86,44.97,Beginner
S08442,4,52.77,69.41,55.49,36.34,78.5,100,67.48,57.83,44.48,0,73.1,53.5,Intermediate
S08443,4,48.71,74.72,67.36,62.28,47.11,85.35,53.62,69.31,41.34,0,65.11,63.27,Intermediate
S08444,6,70.87,45.6,84.15,68.63,85.87,79.96,74.53,54.49,44.0,0,65.16,67.31,Intermediate
S08445,5,32.86,51.48,32.86,41.91,61.72,75.36,61.43,42.94,33.92,0,66.42,39.78,Beginner
S08446,2,68.64,63.7,79.65,70.11,52.8,88.48,85.0,75.55,67.78,0,83.24,70.53,Advanced
S08447,4,0.84,19.91,28.92,25.5,106.61,80.52,18.81,7.19,8.99,3,69.8,18.79,Beginner
S08448,3,37.95,30.65,62.52,9.48,81.37,92.62,57.64,37.11,27.4,2,54.65,35.15,Beginner
S08449,5,86.99,70.42,80.51,41.38,66.54,92.74,94.51,67.57,61.19,1,58.92,69.83,Advanced
S08450,6,86.13,93.42,100.0,70.91,40.47,95.18,100.0,86.41,63.0,1,68.5,87.61,Advanced
S08451,9,80.29,54.59,75.03,62.31,54.25,88.86,93.85,72.33,51.08,1,72.31,68.05,Advanced
S08452,5,39.71,41.29,34.19,37.68,91.51,82.39,43.15,32.2,14.96,1,96.96,38.22,Intermediate
S08453,7,8.02,27.24,19.33,24.88,93.38,78.9,20.09,1.49,0.0,1,58.95,19.87,Beginner
S08454,5,63.28,75.12,84.95,66.15,71.66,78.19,91.71,75.65,55.43,0,76.93,72.38,Advanced
S08455,6,64.51,61.57,45.48,67.6,69.79,84.5,86.52,75.02,25.87,1,88.4,59.79,Intermediate
S08456,5,50.91,72.7,53.25,79.76,55.79,98.1,89.76,56.4,61.14,0,57.56,64.16,Intermediate
S08457,3,40.8,42.04,28.68,40.16,84.33,82.36,55.73,45.09,30.92,4,91.03,37.92,Beginner
S08458,1,73.01,95.08,86.3,100.0,18,100,100.0,100.0,80.9,0,72.48,88.6,Advanced
S08459,6,79.33,60.0,62.23,38.97,53.18,90.47,74.05,64.49,45.21,1,62.55,60.13,Advanced
S08460,4,94.78,89.81,78.36,74.85,54.36,89.25,94.65,80.89,80.72,0,92.33,84.45,Advanced
S08461,6,67.88,48.06,76.56,44.09,66.41,84.98,80.05,47.09,42.11,0,55.23,59.14,Intermediate
S08462,1,93.03,85.93,93.37,76.37,48.55,93.92,93.59,90.73,81.19,0,80.82,87.17,Advanced
S08463,10,66.74,67.37,70.69,46.54,51.51,89.94,71.52,72.57,29.22,2,84.24,62.84,Intermediate
S08464,4,22.46,40.98,8.66,17.62,65.35,68.89,37.92,33.59,0.0,1,81.47,22.43,Beginner
S08465,8,26.86,40.89,53.2,37.69,61.03,73.31,32.35,38.46,14.72,2,77.99,39.66,Intermediate
S08466,8,46.18,57.27,65.18,89.76,76.76,89.95,77.6,61.63,39.95,0,75.42,64.6,Advanced
S08467,5,63.83,72.72,68.75,52.81,69.72,79.24,84.0,71.86,59.41,1,79.62,64.53,Advanced
S08468,3,50.44,70.7,64.22,76.52,47.96,97.21,79.23,70.96,28.76,0,79.14,65.47,Advanced
S08469,4,48.66,43.13,26.81,54.58,79.81,83.68,50.28,31.27,18.51,0,76.21,43.29,Beginner
S08470,5,58.83,55.34,54.71,52.3,38.19,85.28,69.32,76.32,38.85,0,92.83,55.3,Intermediate
S08471,1,47.95,36.32,64.26,34.55,51.84,77.49,58.07,45.87,17.7,0,72.9,45.77,Beginner
S08472,5,74.45,76.36,86.47,80.18,56.26,99.41,97.44,85.42,67.67,0,98.8,79.36,Advanced
S08473,3,57.39,61.36,79.24,75.04,33.69,92.76,70.38,61.66,34.86,0,83.64,68.26,Intermediate
S08474,7,80.14,85.14,84.51,93.83,57.65,88.0,98.84,78.01,78.94,0,85.95,85.91,Advanced
S08475,5,57.37,31.07,48.36,36.42,81.74,74.96,53.8,41.49,41.69,0,58.06,43.3,Beginner
S08476,3,88.95,62.42,74.15,97.09,69.32,94.21,100.0,100.0,70.69,0,68.32,80.65,Advanced
S08477,9,30.34,52.74,36.47,33.19,89.41,86.85,58.36,43.17,20.99,0,79.1,38.19,Beginner
S08478,5,3.84,9.16,22.89,28.98,70.91,51.41,26.74,29.06,6.47,2,79.17,16.22,Beginner
S08479,3,84.63,79.14,69.48,76.77,33.94,96.91,100.0,90.73,84.35,0,83.58,77.51,Advanced
S08480,4,20.48,11.35,50.27,37.24,81.89,70.87,37.8,31.38,22.98,3,77.54,29.84,Beginner
S08481,9,49.12,41.49,63.41,35.0,61.46,80.19,71.37,39.11,42.18,2,77.27,47.25,Intermediate
S08482,7,86.19,48.59,91.96,100.0,44.49,89.9,81.19,76.91,58.84,0,54.35,81.69,Advanced
S08483,6,47.11,45.83,43.89,50.42,84.01,75.18,62.64,52.56,36.07,2,100.0,46.81,Intermediate
S08484,5,37.69,48.52,26.01,29.5,86.63,81.2,51.92,47.2,15.22,1,82.23,35.43,Beginner
S08485,7,84.58,76.7,75.16,66.85,61.65,93.55,79.02,49.7,75.33,0,98.41,75.82,Advanced
S08486,4,66.49,46.06,54.65,56.49,53.41,83.82,58.38,27.29,22.32,0,75.83,55.92,Beginner
S08487,2,75.76,35.77,58.3,42.75,38.03,100,85.05,68.45,52.99,0,52.75,53.15,Intermediate
S08488,5,26.77,23.47,39.53,35.24,44.91,74.35,47.64,29.22,38.61,0,95.31,31.25,Beginner
S08489,1,33.51,44.74,42.37,39.72,108.65,85.97,70.48,48.68,36.45,3,94.98,40.09,Intermediate
S08490,1,85.02,78.41,85.81,100.0,62.71,97.31,100.0,100.0,74.27,0,72.48,87.31,Advanced
S08491,7,57.33,54.88,72.51,51.2,78.92,79.68,66.16,46.35,22.98,0,85.16,58.98,Intermediate
S08492,2,34.98,54.21,39.13,40.12,62.81,84.22,66.51,55.45,30.56,0,88.99,42.11,Beginner
S08493,7,32.12,49.44,35.67,20.64,74.42,84.74,52.42,25.45,14.9,1,68.4,34.47,Beginner
S08494,1,75.79,35.9,29.86,43.44,60.33,72.61,65.55,23.93,3.54,3,40.3,46.25,Beginner
S08495,5,66.83,49.8,64.05,42.84,55.76,83.98,66.82,76.34,24.73,2,60.14,55.88,Intermediate
S08496,3,53.16,63.77,52.85,45.18,56.43,85.87,72.1,55.04,35.5,3,86.62,53.74,Intermediate
S08497,8,86.21,77.02,73.85,75.59,46.56,78.51,71.84,68.33,48.71,0,91.95,78.17,Advanced
S08498,2,50.22,42.16,62.22,44.04,74.59,84.25,66.73,32.1,22.39,0,67.56,49.66,Beginner
S08499,7,90.04,70.97,72.49,54.43,79.89,88.35,77.89,66.51,38.27,0,81.17,71.98,Intermediate
S08500,7,58.53,73.4,50.98,63.97,65.98,100,75.72,57.92,68.76,0,70.91,61.72,Advanced
S08501,5,85.74,77.44,78.09,70.34,59.46,82.45,80.75,90.78,76.57,0,98.13,77.9,Advanced
S08502,9,81.7,73.96,92.67,79.72,37.75,69.79,77.98,92.52,65.73,0,92.55,82.01,Advanced
S08503,2,40.51,38.07,52.04,49.42,71.31,89.48,58.68,52.88,40.84,1,100.0,45.01,Beginner
S08504,7,39.82,32.23,33.32,45.47,59.11,65.62,53.91,40.0,35.86,0,81.44,37.71,Intermediate
S08505,5,28.63,48.17,46.79,31.37,50.81,89.47,56.12,50.19,44.6,3,66.99,38.74,Intermediate
S08506,3,51.63,67.04,89.61,77.6,62.3,80.59,73.43,84.99,54.21,0,73.68,71.47,Advanced
S08507,6,61.49,61.04,66.63,77.04,68.89,90.9,90.16,68.51,53.35,0,85.67,66.55,Advanced
S08508,3,79.51,81.97,92.2,69.42,57.89,100,75.44,93.49,41.0,0,87.32,80.78,Advanced
S08509,5,89.09,93.91,90.61,100.0,55.91,98.29,91.64,93.29,74.81,1,73.87,93.4,Advanced
S08510,3,43.4,86.58,75.39,68.66,54.24,86.28,72.05,72.39,32.66,0,52.98,68.51,Advanced
S08511,1,73.4,80.22,91.88,55.48,74.48,80.49,87.25,81.2,74.98,0,73.0,75.24,Advanced
S08512,4,90.56,90.78,98.98,86.15,49.55,100,97.84,86.89,50.68,0,90.27,91.62,Advanced
S08513,2,75.44,39.38,39.32,78.33,57.92,91.08,90.72,64.05,47.93,0,38.16,58.12,Intermediate
S08514,11,56.56,60.8,66.16,89.45,69.89,91.8,77.73,61.48,36.79,0,88.06,68.24,Advanced
S08515,4,56.77,76.88,54.0,65.4,84.63,94.76,72.7,52.85,50.18,0,75.44,63.26,Advanced
S08516,2,70.29,43.53,59.47,55.09,40.84,74.2,68.64,54.97,18.46,3,57.68,57.1,Intermediate
S08517,5,91.95,98.22,95.41,71.85,52.32,96.61,92.69,76.45,68.97,1,93.1,89.36,Advanced
S08518,1,70.05,85.88,61.76,73.92,45.13,81.11,76.3,78.93,40.43,0,76.89,72.9,Advanced
S08519,6,0.0,0.0,29.68,31.47,68.33,71.13,44.17,25.65,18.32,0,86.91,15.29,Beginner
S08520,3,73.52,67.37,71.55,62.37,33.95,100,79.66,54.67,56.75,0,92.68,68.7,Advanced
S08521,3,81.7,84.37,50.0,71.46,37.86,77.34,84.56,59.55,53.46,0,99.15,71.88,Advanced
S08522,4,77.26,53.63,55.32,32.99,43.86,83.61,80.95,48.84,28.16,0,60.1,54.8,Intermediate
S08523,3,31.06,0.0,19.33,18.51,74.59,68.69,22.07,24.37,0.0,2,76.06,17.22,Beginner
S08524,3,66.2,66.02,34.15,62.72,73.44,97.2,73.94,53.98,46.38,0,78.96,57.27,Advanced
S08525,1,49.99,62.26,44.14,60.96,70.39,93.89,72.94,62.59,38.14,0,72.65,54.34,Intermediate
S08526,3,62.65,73.05,71.36,73.63,51.43,80.21,100.0,75.21,55.59,0,82.96,70.17,Advanced
S08527,1,50.86,48.74,41.5,68.32,77.04,81.06,57.32,52.51,45.34,0,91.8,52.36,Intermediate
S08528,2,21.22,20.98,12.37,15.77,60.07,80.04,33.49,30.58,0.0,1,100.0,17.59,Beginner
S08529,8,88.54,100.0,75.29,62.67,53.2,95.91,98.04,84.53,59.4,1,80.56,81.63,Advanced
S08530,4,94.86,71.43,64.83,100.0,49.57,96.14,94.8,91.65,49.04,0,59.14,82.78,Advanced
S08531,1,43.14,25.4,54.13,52.18,55.41,79.51,56.84,46.93,16.63,1,73.88,43.71,Intermediate
S08532,4,62.88,39.56,43.77,62.52,55.95,95.29,76.2,65.78,57.86,1,68.6,52.18,Intermediate
S08533,2,18.28,41.27,63.82,55.15,58.93,78.91,61.14,52.34,18.92,0,62.32,44.63,Beginner
S08534,3,73.64,66.89,55.66,63.39,64.67,89.74,74.24,61.71,26.37,0,85.97,64.89,Advanced
S08535,1,21.78,23.27,21.23,11.86,79.43,75.39,46.64,21.47,3.28,2,100.0,19.54,Beginner
S08536,9,75.08,79.85,62.82,84.97,66.79,87.08,88.36,54.15,57.22,0,81.66,75.68,Advanced
S08537,4,44.83,58.06,39.47,19.85,72.85,81.64,57.24,26.29,28.14,1,63.22,40.55,Beginner
S08538,6,100.0,90.54,84.45,98.72,40.81,83.39,94.13,81.33,69.54,2,78.1,93.43,Advanced
S08539,1,67.12,68.39,59.4,60.3,83.1,85.11,73.23,67.33,49.56,1,100.0,63.8,Advanced
S08540,4,35.16,34.53,23.02,20.63,81.83,86.63,50.98,35.88,14.65,0,93.15,28.33,Beginner
S08541,6,78.35,44.8,53.85,82.75,58.73,100,87.32,83.28,58.06,0,42.26,64.94,Intermediate
S08542,5,40.33,48.14,63.01,60.05,65.84,71.66,79.45,45.63,36.87,0,93.36,52.88,Intermediate
S08543,1,73.59,89.49,69.29,61.23,55.39,84.49,91.68,96.71,61.14,0,81.48,73.4,Advanced
S08544,5,36.18,44.53,47.75,54.62,76.56,100,73.91,40.26,36.3,0,89.05,45.77,Intermediate
S08545,2,50.75,41.52,31.4,51.0,75.02,87.14,56.04,44.48,22.61,0,87.18,43.67,Beginner
S08546,4,66.49,53.65,74.6,80.66,62.94,92.89,63.92,55.86,46.53,0,100.0,68.85,Advanced
S08547,9,69.3,67.0,84.07,64.41,63.46,90.4,77.37,82.38,53.56,1,77.74,71.19,Advanced
S08548,2,57.4,51.54,44.86,65.18,69.66,88.85,60.43,45.34,25.6,1,88.22,54.74,Intermediate
S08549,11,52.41,50.52,67.01,39.77,58.11,90.14,45.96,37.3,25.8,0,82.72,52.43,Intermediate
S08550,2,100.0,87.34,100.0,70.52,56.16,94.17,93.21,94.77,73.34,0,77.37,89.46,Advanced
S08551,2,48.53,16.79,25.51,49.57,72.02,81.37,34.17,36.93,34.97,0,52.58,35.1,Beginner
S08552,3,91.39,77.07,84.51,92.83,35.37,92.95,96.83,85.57,74.89,0,80.07,86.45,Advanced
S08553,1,37.66,56.65,56.11,46.44,93.9,94.78,55.23,44.95,29.18,0,82.03,49.22,Beginner
S08554,3,66.18,33.99,55.06,51.68,71.86,81.11,86.02,52.27,42.69,0,79.93,51.73,Intermediate
S08555,2,52.6,51.15,25.28,38.59,94.26,78.39,60.09,44.74,30.17,3,82.5,41.9,Beginner
S08556,5,52.22,58.43,64.75,36.68,48.24,80.78,77.12,53.63,49.95,0,67.64,53.02,Intermediate
S08557,2,76.66,70.01,50.88,34.85,53.69,79.36,68.26,55.51,58.02,0,76.76,58.1,Advanced
S08558,3,83.01,39.07,62.06,75.87,54.36,91.77,88.06,66.14,24.82,0,36.94,65.0,Advanced
S08559,5,49.37,57.88,65.79,44.15,81.54,95.85,56.45,51.24,44.17,2,72.16,54.3,Intermediate
S08560,6,100.0,80.12,63.42,68.48,45.28,89.11,76.22,75.51,59.75,0,64.81,78.0,Advanced
S08561,1,89.71,80.85,100.0,70.32,61.24,100,99.71,77.24,67.06,0,70.46,85.22,Advanced
S08562,1,30.21,40.37,0.0,36.59,80.3,85.71,31.28,18.61,0.0,1,59.22,26.79,Beginner
S08563,4,34.47,38.19,45.07,53.61,95.48,80.08,59.21,57.36,30.66,1,70.44,42.83,Intermediate
S08564,1,52.76,53.12,36.85,28.65,36.13,94.09,68.46,49.84,8.21,0,93.75,42.84,Beginner
S08565,6,88.69,76.29,98.4,82.4,49.93,95.05,95.64,56.61,71.36,0,75.05,86.44,Advanced
S08566,4,58.42,38.37,92.1,74.09,64.93,80.07,80.93,68.55,45.87,0,75.69,65.75,Advanced
S08567,5,48.18,75.29,76.75,36.78,54.2,100,86.07,59.59,39.08,0,52.79,59.25,Advanced
S08568,5,100.0,100.0,100.0,100.0,35.45,100,100.0,92.64,83.9,0,98.23,100.0,Advanced
S08569,6,33.35,47.11,37.37,38.05,58.98,84.13,54.39,24.4,44.24,0,82.79,38.97,Beginner
S08570,8,77.92,63.04,96.03,62.26,62.52,87.13,98.54,62.03,43.01,2,68.62,74.81,Advanced
S08571,2,94.53,92.42,99.16,83.38,39.6,92.61,100.0,91.56,67.05,0,91.09,92.37,Advanced
S08572,5,65.97,53.67,90.93,88.81,46.6,87.74,88.32,78.62,56.52,0,89.78,74.85,Advanced
S08573,7,92.65,79.11,82.22,83.42,51.07,89.73,92.61,90.6,63.75,0,91.93,84.35,Advanced
S08574,4,7.64,20.08,0.0,20.61,98.45,84.97,17.27,10.73,0.0,4,81.3,12.08,Beginner
S08575,3,38.26,39.56,52.76,43.68,68.23,83.88,73.26,54.68,39.05,3,99.12,43.56,Beginner
S08576,6,30.0,51.65,30.44,28.19,75.87,71.11,41.95,28.04,19.05,2,57.95,35.07,Beginner
S08577,3,17.42,23.35,29.29,38.22,64.97,80.24,59.14,13.94,7.9,3,76.84,27.07,Beginner
S08578,2,43.93,64.5,66.05,62.33,69.59,81.16,69.55,63.92,59.48,0,80.69,59.2,Advanced
S08579,1,52.8,49.39,60.99,43.91,50.54,74.44,74.09,43.99,46.15,0,72.91,51.77,Intermediate
S08580,1,81.65,63.33,70.11,51.98,50.71,84.77,81.56,62.22,66.03,0,61.0,66.77,Intermediate
S08581,3,53.98,61.64,40.19,41.03,62.34,84.51,68.87,68.74,32.59,1,96.66,49.21,Intermediate
S08582,9,37.4,69.71,70.64,57.19,35.88,84.15,67.39,62.86,43.22,0,58.02,58.73,Advanced
S08583,4,46.65,27.79,60.49,26.01,64.68,93.12,44.93,54.49,11.86,1,58.91,40.23,Beginner
S08584,1,90.73,66.34,82.49,66.38,42.33,91.8,82.49,89.41,63.11,0,79.16,76.48,Advanced
S08585,7,66.91,67.4,71.25,84.95,37.06,100,92.7,94.17,51.8,0,87.51,72.63,Advanced
S08586,3,61.04,36.09,40.55,20.09,63.46,84.8,62.51,31.2,13.33,0,67.32,39.44,Intermediate
S08587,1,64.93,61.38,85.08,74.61,42.63,86.4,66.49,75.57,33.22,1,92.69,71.5,Advanced
S08588,10,42.91,64.86,50.86,46.38,75.9,82.32,79.7,41.79,40.45,1,74.21,51.25,Intermediate
S08589,3,89.38,100.0,100.0,82.91,43.46,100,86.16,82.52,60.97,0,77.9,93.07,Advanced
S08590,1,48.64,63.62,44.62,54.16,61.85,77.28,83.46,74.03,57.07,1,68.07,52.76,Intermediate
S08591,8,48.42,80.97,79.45,91.73,61.55,86.29,86.54,68.65,70.43,1,54.46,75.15,Advanced
S08592,5,67.22,70.98,80.01,60.07,74.22,99.86,87.61,79.81,45.01,0,85.57,69.57,Advanced
S08593,8,59.33,61.12,59.12,62.52,58.82,74.4,78.7,37.6,44.01,0,100.0,60.52,Intermediate
S08594,2,21.07,49.64,55.96,41.74,70.02,83.16,37.09,24.98,35.31,0,58.85,42.1,Beginner
S08595,4,52.08,66.16,52.56,50.49,72.61,79.84,72.66,50.5,38.23,1,89.46,55.32,Intermediate
S08596,3,60.59,56.86,43.5,55.29,96.35,88.83,82.59,45.66,21.21,1,84.62,54.06,Intermediate
S08597,2,91.22,94.95,77.7,95.37,51.85,71.87,100.0,100.0,75.78,0,83.12,89.81,Advanced
S08598,5,50.76,56.47,26.19,63.81,73.85,76.07,46.63,46.21,32.77,3,58.93,49.31,Beginner
S08599,6,45.37,54.25,63.23,49.15,58.85,88.29,71.81,59.12,54.51,0,85.08,53.0,Intermediate
S08600,3,44.88,71.47,61.88,48.03,61.31,92.75,64.5,60.65,35.51,0,63.66,56.56,Intermediate
S08601,1,51.12,48.2,60.05,66.45,46.55,82.22,73.07,45.4,36.43,1,100.0,56.46,Advanced
S08602,1,56.33,53.26,51.24,29.75,45.25,90.04,62.38,58.93,41.69,1,86.91,47.64,Intermediate
S08603,1,100.0,82.08,99.08,86.83,41.8,100,100.0,100.0,77.88,0,79.89,92.0,Advanced
S08604,2,77.31,55.56,74.31,62.4,59.44,100,100.0,76.4,57.83,0,67.87,67.39,Advanced
S08605,1,50.92,71.64,67.81,59.79,65.05,92.19,58.93,62.37,39.09,0,85.94,62.54,Intermediate
S08606,3,62.84,95.15,56.82,80.86,39.28,79.44,96.95,74.03,53.89,0,45.73,73.91,Intermediate
S08607,7,95.99,81.34,62.28,75.44,53.86,92.46,97.65,96.72,72.85,0,76.88,78.76,Advanced
S08608,6,66.66,68.63,56.16,78.21,62.0,91.26,87.25,65.15,57.48,0,82.3,67.41,Advanced
S08609,2,82.01,92.07,75.54,84.1,30.65,97.79,100.0,99.69,70.8,0,85.29,83.43,Advanced
S08610,1,58.19,76.47,68.54,37.32,64.72,92.96,83.52,70.04,54.87,1,69.57,60.13,Advanced
S08611,3,40.94,34.82,35.22,55.52,74.91,81.9,58.5,50.28,44.43,1,77.31,41.63,Intermediate
S08612,7,49.32,60.84,36.94,57.98,64.51,92.53,67.36,40.1,16.68,2,75.35,51.27,Intermediate
S08613,3,68.67,63.04,100.0,71.68,74.13,95.06,100.0,69.43,68.86,0,78.91,75.85,Advanced
S08614,10,40.3,33.91,45.46,62.99,72.62,83.97,54.88,49.53,26.4,0,81.64,45.67,Intermediate
S08615,9,54.05,72.68,39.9,56.13,60.86,72.92,82.83,53.82,36.75,0,74.84,55.69,Intermediate
S08616,2,63.21,72.32,82.68,44.02,40.05,92.48,89.09,84.95,66.51,0,68.34,65.56,Advanced
S08617,4,47.25,45.96,59.93,42.12,58.39,81.35,56.29,49.94,35.43,3,85.94,48.82,Intermediate
S08618,1,100.0,62.83,58.7,86.66,51.15,95.42,86.09,70.77,55.53,0,54.13,77.05,Advanced
S08619,1,55.4,79.62,57.29,40.73,55.17,87.78,76.42,57.39,29.6,0,60.67,58.26,Intermediate
S08620,4,57.47,68.77,59.57,54.57,48.86,67.93,81.63,42.14,32.05,0,71.09,60.1,Intermediate
S08621,3,87.76,75.11,100.0,63.93,88.17,95.28,100.0,86.39,76.69,0,62.65,81.7,Advanced
S08622,1,48.74,45.35,63.73,34.69,102.18,85.39,64.05,65.47,43.51,0,85.15,48.13,Intermediate
S08623,3,24.65,46.57,13.77,38.52,64.86,90.61,45.54,31.54,13.85,1,54.8,30.88,Beginner
S08624,7,54.57,45.8,67.13,26.44,63.4,71.32,50.24,37.22,25.14,1,61.0,48.49,Beginner
S08625,3,62.47,43.14,27.59,34.12,88.41,81.65,47.0,55.38,38.19,0,78.94,41.83,Beginner
S08626,5,78.28,66.39,90.99,76.97,63.18,91.23,85.77,51.39,69.55,0,86.27,78.16,Intermediate
S08627,3,72.82,73.51,81.15,41.09,54.27,86.45,88.59,63.76,60.22,0,73.14,67.14,Advanced
S08628,4,73.82,62.12,59.47,60.83,67.11,89.62,86.92,64.05,74.37,0,92.79,64.06,Intermediate
S08629,6,65.75,54.16,49.96,51.34,59.55,85.13,59.9,48.35,26.93,0,81.65,55.3,Intermediate
S08630,5,51.95,71.76,34.13,41.57,60.5,82.77,57.74,68.18,40.07,0,69.22,49.85,Intermediate
S08631,4,64.92,94.73,66.96,51.52,71.87,95.13,78.91,60.0,39.02,0,75.15,69.53,Advanced
S08632,4,46.62,39.63,81.84,61.08,61.77,76.77,74.97,42.19,31.05,1,84.66,57.29,Intermediate
S08633,3,54.72,48.02,51.22,42.57,78.82,88.93,57.4,63.83,24.01,0,89.87,49.13,Intermediate
S08634,5,67.93,38.59,56.74,74.83,50.88,82.64,63.12,54.02,47.44,0,67.15,59.52,Intermediate
S08635,6,61.89,74.2,78.83,73.47,48.68,100,83.19,84.95,51.23,1,88.49,72.1,Advanced
S08636,5,67.66,55.51,82.53,77.74,52.51,92.89,93.19,73.78,55.22,0,82.41,70.86,Advanced
S08637,6,60.09,49.58,68.38,66.8,47.11,78.03,72.86,61.25,36.74,1,89.17,61.21,Intermediate
S08638,7,43.49,36.43,44.65,46.97,72.67,87.76,57.3,66.25,25.11,1,87.65,42.88,Intermediate
S08639,7,63.23,66.26,52.72,47.36,85.74,62.98,45.69,47.98,13.22,1,81.89,57.39,Beginner
S08640,4,46.0,53.34,42.69,68.52,88.31,86.18,72.55,48.14,37.02,0,83.67,52.64,Beginner
S08641,4,63.83,82.59,82.97,68.2,54.56,92.85,92.08,60.62,61.48,1,75.85,74.39,Advanced
S08642,4,69.46,71.4,61.04,60.23,52.74,97.72,87.74,51.04,48.69,0,94.14,65.53,Advanced
S08643,6,79.55,70.66,76.28,74.93,60.97,99.69,89.46,64.73,56.15,0,88.53,75.35,Advanced
S08644,3,66.65,98.42,85.36,89.5,63.27,77.51,93.8,100.0,51.83,0,67.43,84.98,Advanced
S08645,7,44.26,49.32,71.48,40.26,82.09,71.97,44.34,42.53,8.12,2,87.99,51.33,Beginner
S08646,5,50.59,64.61,74.18,41.03,76.05,73.08,72.58,62.68,36.3,1,74.15,57.6,Intermediate
S08647,5,15.6,24.57,50.43,43.33,63.85,78.06,43.33,28.4,11.69,2,87.07,33.48,Beginner
S08648,1,51.13,51.05,50.28,32.14,73.46,81.66,78.23,25.8,33.88,1,96.56,46.15,Beginner
S08649,2,54.72,69.62,73.0,58.52,68.09,85.22,75.73,59.41,25.42,0,70.14,63.97,Intermediate
S08650,6,5.25,55.81,45.69,26.57,66.74,87.62,46.92,23.24,16.82,1,41.99,33.33,Beginner
S08651,1,76.76,51.37,57.04,85.56,57.3,100,89.24,60.71,49.03,0,62.36,67.68,Intermediate
S08652,4,83.62,70.12,82.42,65.78,41.75,81.99,92.56,75.94,71.89,0,82.96,75.48,Advanced
S08653,9,55.76,47.77,33.89,22.81,56.47,78.36,52.71,30.06,30.88,0,91.32,40.06,Beginner
S08654,9,85.45,100.0,87.44,95.77,51.85,100,98.47,82.91,49.45,0,95.64,92.16,Advanced
S08655,1,27.02,52.1,58.04,47.4,77.7,96.14,53.67,47.99,17.19,1,67.68,46.14,Intermediate
S08656,1,33.24,32.73,47.87,53.14,79.54,92.39,56.34,42.13,17.86,0,89.26,41.74,Beginner
S08657,1,59.73,72.95,58.35,68.13,56.03,88.94,78.75,62.85,37.89,0,80.59,64.79,Intermediate
S08658,5,100.0,100.0,90.65,100.0,42.78,89.63,100.0,100.0,91.95,0,84.74,97.66,Advanced
S08659,9,29.96,35.77,51.68,42.72,69.74,98.13,38.05,42.05,15.19,2,78.65,40.03,Beginner
S08660,6,73.68,55.79,60.01,79.63,52.83,78.01,78.77,45.33,45.47,0,75.53,67.28,Advanced
S08661,5,59.37,63.48,87.26,74.13,40.7,87.16,89.2,91.11,41.77,0,89.81,71.06,Advanced
S08662,5,26.28,32.4,33.94,44.15,81.2,79.9,42.94,36.85,10.83,1,86.69,34.19,Beginner
S08663,7,45.77,29.91,30.44,38.33,73.34,90.73,42.17,26.21,0.0,2,74.65,36.11,Beginner
S08664,4,43.23,26.39,45.77,36.07,74.21,85.77,46.67,34.64,9.67,1,90.34,37.87,Beginner
S08665,8,75.0,53.2,60.42,69.12,71.01,75.85,74.77,54.32,24.79,1,69.74,64.43,Intermediate
S08666,5,83.15,54.8,82.44,62.39,67.62,83.66,92.17,80.1,51.75,0,66.1,70.7,Advanced
S08667,7,45.64,32.25,47.22,59.92,86.96,90.65,60.7,55.28,41.76,0,73.31,46.26,Intermediate
S08668,3,49.55,90.24,71.47,72.07,60.01,86.91,78.54,78.74,55.99,0,57.8,70.83,Advanced
S08669,3,66.09,53.5,46.77,51.56,51.8,100,75.29,38.36,47.2,3,74.72,54.48,Intermediate
S08670,3,84.03,51.38,79.98,73.96,67.28,87.58,79.23,73.79,75.8,0,68.42,72.34,Advanced
S08671,8,100.0,94.47,100.0,100.0,61.22,89.1,100.0,97.74,75.81,0,94.59,98.62,Advanced
S08672,3,57.11,54.95,49.94,44.34,72.18,86.75,72.68,41.71,37.61,1,83.3,51.59,Intermediate
S08673,6,90.11,70.33,86.87,95.97,30.34,100,100.0,85.99,55.14,1,74.47,85.82,Advanced
S08674,6,22.24,30.66,44.13,30.89,77.15,80.8,52.43,39.8,14.47,2,83.36,31.98,Beginner
S08675,1,50.77,29.46,52.07,20.04,57.78,77.49,55.39,56.04,18.34,0,61.74,38.09,Intermediate
S08676,2,61.26,46.17,47.92,71.05,81.1,90.81,61.57,41.2,39.52,1,72.2,56.6,Intermediate
S08677,7,69.82,58.87,66.47,45.18,66.34,79.94,85.77,62.28,53.81,0,79.8,60.08,Intermediate
S08678,4,74.63,72.53,77.14,61.87,51.5,90.0,96.79,49.22,65.07,0,78.74,71.54,Advanced
S08679,2,28.59,16.29,24.18,7.02,78.78,73.01,19.38,30.29,20.05,2,84.12,19.02,Beginner
S08680,6,82.74,62.4,92.05,81.67,65.22,81.32,91.95,81.39,45.2,0,83.45,79.72,Advanced
S08681,4,89.75,86.58,84.4,94.33,48.38,100,98.99,80.06,57.19,2,88.27,88.77,Advanced
S08682,5,46.54,34.36,33.44,45.12,71.53,81.85,52.06,43.72,41.07,1,72.91,39.87,Beginner
S08683,3,82.75,100.0,97.8,68.77,49.21,80.62,100.0,77.41,84.19,1,73.47,87.33,Advanced
S08684,6,80.07,85.65,78.92,81.98,44.6,87.35,92.17,54.83,41.08,0,81.27,81.66,Advanced
S08685,7,68.34,54.65,64.79,67.15,73.57,92.67,79.63,50.37,44.42,1,92.37,63.73,Intermediate
S08686,6,31.84,33.31,45.27,37.64,64.99,88.83,63.96,56.8,24.79,3,86.73,37.02,Intermediate
S08687,5,78.16,86.37,80.52,75.54,57.59,99.0,85.68,60.42,51.42,1,79.29,80.15,Advanced
S08688,1,77.37,57.92,62.91,83.67,65.79,100,74.87,76.57,62.11,0,65.35,70.46,Intermediate
S08689,3,41.6,52.24,44.44,26.3,64.77,83.92,67.55,62.16,45.35,1,78.83,41.15,Intermediate
S08690,1,59.51,52.69,70.1,22.18,73.45,79.9,41.19,30.69,17.14,1,72.18,51.12,Beginner
S08691,1,0.0,11.4,0.0,1.0,85.27,100,24.02,1.2,19.38,3,100.0,3.1,Beginner
S08692,3,35.97,45.14,19.79,19.95,80.58,75.18,45.37,45.61,14.51,2,86.16,30.21,Beginner
S08693,1,48.97,25.34,60.08,42.62,77.26,69.07,55.04,37.5,23.85,1,66.25,44.25,Beginner
S08694,8,83.9,83.34,79.84,46.81,40.2,88.24,100.0,84.18,59.28,0,86.22,73.47,Advanced
S08695,5,28.27,35.95,16.39,39.0,97.62,81.51,53.0,35.88,23.81,0,85.99,29.9,Intermediate
S08696,5,9.03,20.33,12.54,20.3,114.81,62.0,39.02,19.84,3.11,3,82.83,15.55,Beginner
S08697,1,74.98,87.92,79.07,83.06,48.73,88.14,89.33,62.22,34.93,0,88.49,81.26,Advanced
S08698,4,86.38,78.35,90.65,96.1,31.18,93.84,100.0,79.11,70.56,0,80.68,87.87,Advanced
S08699,4,93.08,94.68,94.5,85.98,59.31,81.63,100.0,70.67,70.68,0,83.45,92.06,Advanced
S08700,6,92.51,97.09,95.61,71.6,58.21,93.01,90.25,100.0,64.72,0,77.25,89.2,Advanced
S08701,4,69.43,68.85,77.31,55.51,38.26,85.33,79.02,54.62,37.02,0,83.16,67.77,Advanced
S08702,3,75.33,61.08,56.84,63.85,83.36,77.87,81.06,57.65,38.23,0,74.8,64.28,Advanced
S08703,5,48.91,79.84,69.59,49.85,53.33,76.2,78.96,64.57,52.58,2,57.77,62.05,Advanced
S08704,5,66.51,59.77,40.37,82.42,63.78,89.3,61.59,56.16,50.57,0,68.51,62.27,Intermediate
S08705,1,59.87,42.88,54.06,56.56,69.35,81.06,71.32,70.77,25.45,2,73.58,53.34,Intermediate
S08706,9,71.94,77.8,62.61,59.5,31.22,78.06,55.49,52.04,42.14,0,100.0,67.96,Advanced
S08707,3,64.65,67.43,64.19,83.41,102.72,85.94,84.26,63.9,35.21,0,85.27,69.92,Advanced
S08708,5,67.86,65.92,74.24,100.0,60.22,95.47,71.11,85.02,41.42,0,83.92,77.0,Advanced
S08709,2,71.04,58.52,38.34,90.94,65.76,83.18,55.92,76.27,28.34,1,63.99,64.71,Intermediate
S08710,9,63.59,78.89,85.44,74.97,90.02,96.75,76.35,63.85,53.3,0,79.16,75.72,Advanced
S08711,5,25.18,44.07,22.45,34.92,76.88,87.13,56.16,20.28,5.8,1,74.85,31.65,Beginner
S08712,8,100.0,97.07,73.99,83.41,47.67,99.24,100.0,85.29,95.72,0,98.29,88.62,Advanced
S08713,4,68.41,80.97,45.56,71.29,77.41,80.64,83.55,43.67,41.73,0,68.25,66.56,Intermediate
S08714,5,64.0,66.46,47.74,56.3,39.31,87.85,57.36,64.55,34.61,1,90.92,58.63,Intermediate
S08715,5,23.9,12.57,18.05,29.15,64.14,90.65,25.6,0.0,0.19,4,83.1,20.92,Beginner
S08716,5,44.08,73.23,52.4,61.55,41.41,87.76,62.74,61.81,39.77,1,56.92,57.81,Intermediate
S08717,1,40.51,61.56,73.19,47.79,62.65,92.24,80.61,51.07,40.54,2,86.18,55.76,Intermediate
S08718,1,33.28,22.56,27.97,30.6,86.56,74.86,36.93,23.61,11.48,1,84.95,28.6,Beginner
S08719,6,71.68,80.11,59.86,77.27,74.19,96.05,89.12,78.01,50.34,0,69.05,72.23,Advanced
S08720,4,46.66,39.64,60.8,34.77,78.68,74.1,53.74,45.34,24.62,1,80.09,45.47,Intermediate
S08721,7,57.26,52.93,82.35,55.09,53.81,78.43,91.62,68.51,38.64,0,79.03,61.91,Intermediate
S08722,3,67.86,76.64,97.33,53.99,50.04,94.26,97.28,80.32,65.32,0,59.99,73.96,Advanced
S08723,7,71.26,59.82,52.37,91.71,73.69,92.36,84.78,67.56,43.46,0,61.16,68.79,Advanced
S08724,5,72.7,69.12,64.84,54.57,54.23,85.2,85.86,68.3,53.55,0,85.5,65.31,Advanced
S08725,5,100.0,74.73,91.33,70.24,42.43,91.21,100.0,79.23,73.13,0,67.02,84.07,Advanced
S08726,5,67.5,77.11,73.21,69.37,50.17,100,80.8,59.89,41.76,2,85.8,71.8,Intermediate
S08727,1,42.45,37.03,48.07,62.22,83.43,75.96,51.13,56.84,12.74,2,87.88,47.44,Intermediate
S08728,3,40.14,63.11,61.75,67.67,59.8,84.59,72.37,57.66,28.89,1,75.2,58.17,Intermediate
S08729,5,19.43,26.59,36.12,39.09,87.75,83.03,37.02,22.63,10.33,3,100.0,30.31,Beginner
S08730,5,73.55,70.99,53.64,56.1,69.28,85.26,70.71,65.95,48.03,1,98.65,63.57,Advanced
S08731,1,68.13,60.38,41.43,44.94,89.51,81.25,58.46,40.2,29.6,2,91.59,53.72,Beginner
S08732,1,57.51,41.29,38.16,29.8,72.9,77.29,36.79,44.79,9.62,1,74.16,41.69,Beginner
S08733,5,60.13,34.95,58.73,56.7,69.24,82.97,64.94,52.0,44.89,0,76.83,52.63,Intermediate
S08734,1,58.37,51.4,64.35,31.9,57.97,67.48,73.75,74.3,30.56,0,70.31,51.5,Intermediate
S08735,4,80.57,93.92,77.58,86.23,44.54,80.72,100.0,87.48,59.92,0,73.63,84.58,Advanced
S08736,5,57.16,75.47,71.39,41.2,52.18,84.59,73.05,49.19,28.59,0,68.85,61.3,Intermediate
S08737,1,58.1,55.3,57.78,29.7,53.41,100,51.96,46.75,28.34,0,88.02,50.22,Intermediate
S08738,1,82.02,70.47,64.33,81.26,70.25,96.21,83.85,67.8,94.67,0,83.32,74.52,Advanced
S08739,3,45.57,45.34,57.32,41.36,78.85,99.08,77.39,61.07,50.83,0,84.12,47.4,Intermediate
S08740,4,63.19,74.63,73.22,57.48,61.17,93.65,54.81,53.69,41.99,0,76.48,67.13,Advanced
S08741,1,92.89,100.0,85.62,59.66,46.42,88.86,92.66,77.77,68.93,0,60.54,84.54,Advanced
S08742,1,64.71,78.06,59.7,64.02,51.53,98.3,73.65,89.39,56.14,0,93.56,66.63,Advanced
S08743,7,63.1,67.77,93.12,34.8,62.87,78.62,72.92,64.43,20.19,0,54.72,64.7,Advanced
S08744,9,72.97,49.8,71.5,65.11,58.95,88.41,59.73,57.38,41.81,0,63.78,64.84,Advanced
S08745,5,57.18,45.18,57.29,56.9,74.21,100,80.96,68.93,37.98,0,93.85,54.14,Intermediate
S08746,3,61.26,52.46,66.24,48.53,41.86,96.84,78.57,49.53,52.46,1,82.65,57.12,Intermediate
S08747,2,37.75,29.43,43.83,39.83,81.6,88.9,43.72,57.07,31.34,1,94.97,37.71,Beginner
S08748,4,31.92,38.39,30.59,43.68,91.12,95.12,50.3,60.26,36.07,1,80.32,36.14,Intermediate
S08749,5,31.9,40.27,23.16,39.7,82.53,80.75,52.14,24.28,13.48,0,83.3,33.76,Beginner
S08750,7,49.28,56.24,28.84,34.46,94.58,74.41,52.12,43.51,26.54,0,87.1,42.21,Intermediate
S08751,1,75.44,69.8,63.74,58.94,44.28,85.31,92.81,69.67,67.13,0,92.71,66.98,Advanced
S08752,5,38.01,74.22,60.35,36.36,70.89,82.15,70.06,48.26,28.38,2,59.55,52.24,Intermediate
S08753,3,40.71,24.19,11.44,38.1,71.5,74.79,54.49,25.43,8.96,2,58.08,28.61,Beginner
S08754,4,88.25,41.66,46.34,52.77,74.04,95.86,70.75,80.42,50.65,0,46.72,57.25,Advanced
S08755,3,56.75,39.89,58.08,66.47,56.75,92.65,69.02,74.73,51.17,0,79.77,55.3,Intermediate
S08756,4,78.37,83.8,43.36,94.55,55.81,95.53,79.46,55.36,69.03,1,77.61,75.02,Advanced
S08757,2,72.25,54.39,62.93,82.61,60.28,75.77,87.06,66.6,55.05,0,67.97,68.05,Advanced
S08758,4,84.17,77.96,89.43,75.9,44.36,82.97,92.51,87.21,79.63,0,87.23,81.87,Advanced
S08759,5,34.45,63.31,52.77,59.57,33.6,89.66,56.58,48.14,12.34,0,73.33,52.53,Intermediate
S08760,5,41.16,69.43,67.34,50.02,56.37,80.17,80.18,67.07,36.06,0,55.99,56.99,Intermediate
S08761,3,100.0,100.0,83.56,83.72,71.61,100,85.96,89.35,69.76,0,100.0,91.82,Advanced
S08762,1,36.08,54.82,58.97,37.87,85.96,87.7,64.37,43.99,32.75,0,69.59,46.94,Beginner
S08763,3,72.38,56.49,34.19,60.62,48.31,71.38,71.69,39.58,42.97,0,61.83,55.92,Intermediate
S08764,5,72.43,61.02,53.14,86.9,54.52,88.24,89.2,55.83,54.49,0,66.5,68.37,Advanced
S08765,3,65.72,87.37,84.6,68.99,50.42,84.4,82.19,56.35,37.27,0,76.75,76.67,Advanced
S08766,3,47.7,68.84,48.81,51.99,63.58,92.07,52.59,26.91,36.81,1,87.34,54.34,Beginner
S08767,4,62.11,76.97,60.03,57.24,59.31,84.12,83.56,73.1,62.47,0,72.44,64.09,Advanced
S08768,4,84.81,76.73,100.0,76.65,45.98,91.47,100.0,79.23,75.26,0,98.67,84.55,Advanced
S08769,6,48.17,61.75,45.06,78.58,68.28,82.51,66.75,50.94,48.44,0,77.92,58.39,Intermediate
S08770,9,49.68,62.23,58.02,63.23,52.47,84.14,65.04,72.55,52.99,0,89.36,58.29,Advanced
S08771,1,75.86,63.57,40.66,58.19,58.62,87.36,89.01,48.28,49.19,0,77.73,59.57,Intermediate
S08772,3,36.79,49.46,40.82,29.63,45.51,67.77,53.94,62.72,3.75,3,71.74,39.17,Intermediate
S08773,6,30.08,22.5,26.72,34.09,77.69,87.05,32.26,23.72,23.96,1,84.21,28.35,Beginner
S08774,3,40.32,70.74,44.63,32.18,56.0,84.69,78.54,52.22,44.72,2,50.6,46.97,Intermediate
S08775,1,75.16,89.48,75.77,62.43,60.64,87.09,77.82,62.61,48.53,0,79.21,75.71,Advanced
S08776,6,0.0,22.86,16.62,4.67,89.95,72.26,18.66,9.47,0.0,3,74.67,11.04,Beginner
S08777,3,52.06,59.2,70.72,57.92,61.24,93.31,72.43,70.78,42.08,0,86.41,59.97,Advanced
S08778,4,71.79,52.93,71.08,55.68,55.56,89.52,82.61,62.31,30.7,1,78.41,62.87,Advanced
S08779,5,54.0,52.62,68.3,49.68,47.62,83.52,76.72,83.09,43.88,0,100.0,56.15,Intermediate
S08780,4,57.15,61.15,58.94,72.31,96.12,97.29,78.46,63.72,33.13,1,92.31,62.39,Advanced
S08781,8,51.79,34.31,36.47,30.48,76.59,92.71,38.54,55.27,31.14,1,63.54,38.26,Intermediate
S08782,7,43.17,29.74,61.87,49.4,48.96,72.03,59.27,61.55,29.53,0,73.95,46.05,Intermediate
S08783,6,53.56,57.79,36.81,38.19,60.6,81.98,59.64,67.17,59.97,0,99.33,46.59,Advanced
S08784,4,90.39,93.3,100.0,68.85,57.25,80.28,99.01,80.93,68.36,0,72.3,88.13,Advanced
S08785,8,43.26,28.25,71.01,59.36,74.91,80.36,69.73,32.46,58.68,0,80.83,50.47,Intermediate
S08786,1,71.72,25.45,41.98,46.99,61.21,90.03,68.63,55.86,22.5,0,35.45,46.53,Intermediate
S08787,1,53.5,54.76,67.74,53.45,67.93,85.45,64.79,49.67,44.63,1,90.4,57.36,Intermediate
S08788,5,61.16,77.59,79.71,62.54,48.76,100,83.3,62.26,55.61,0,76.43,70.25,Advanced
S08789,5,69.86,76.31,69.6,64.06,60.97,87.09,92.41,63.29,64.46,0,92.29,69.96,Advanced
S08790,2,63.98,92.28,93.86,94.86,63.88,91.77,88.88,86.96,77.42,0,75.1,86.24,Advanced
S08791,4,57.3,36.4,42.55,57.27,49.4,82.71,75.47,43.06,34.69,0,66.24,48.38,Intermediate
S08792,2,71.02,82.45,100.0,82.73,31.98,90.36,100.0,92.13,59.69,0,73.25,84.05,Advanced
S08793,4,47.5,29.79,17.58,42.74,69.62,65.03,22.65,25.99,2.24,0,65.08,34.4,Beginner
S08794,5,74.37,61.79,85.23,64.56,43.02,80.65,83.3,47.57,51.79,0,69.27,71.49,Advanced
S08795,4,100.0,62.62,62.77,77.2,67.64,93.76,98.16,57.69,67.33,0,58.16,75.65,Advanced
S08796,1,71.88,78.71,75.17,72.16,61.75,86.6,88.79,96.02,56.64,0,93.23,74.48,Advanced
S08797,3,68.24,52.14,33.37,62.71,47.32,87.26,62.6,35.97,23.97,0,65.18,54.11,Intermediate
S08798,3,59.48,45.59,52.56,39.21,78.46,88.44,51.16,44.93,38.1,1,93.25,49.21,Intermediate
S08799,3,53.8,42.84,32.48,25.75,81.76,84.76,41.03,29.86,29.12,0,77.38,38.72,Beginner
S08800,3,52.72,72.23,58.11,64.34,52.86,84.99,74.72,49.25,56.0,0,66.47,61.85,Intermediate
S08801,2,84.46,73.16,76.05,89.93,64.6,87.46,100.0,46.96,53.85,0,67.98,80.9,Advanced
S08802,2,91.74,69.24,73.34,66.56,92.51,88.5,86.42,79.83,40.26,1,75.61,75.22,Advanced
S08803,2,74.52,63.45,58.31,69.48,53.63,88.82,97.29,66.91,60.79,0,75.01,66.44,Advanced
S08804,2,64.57,71.23,59.19,43.21,64.09,89.8,66.48,55.26,31.37,0,85.6,59.55,Intermediate
S08805,7,63.58,28.28,42.62,62.11,72.58,95.84,72.7,54.53,44.97,0,44.95,49.15,Intermediate
S08806,10,43.41,35.0,39.94,16.15,64.43,79.69,50.22,37.96,16.63,2,74.41,33.63,Beginner
S08807,2,56.16,67.21,67.36,35.38,73.65,80.72,62.89,43.46,29.4,0,66.77,56.53,Advanced
S08808,2,69.92,52.32,78.11,60.63,65.05,95.51,67.11,80.94,49.32,0,81.73,65.25,Advanced
S08809,7,40.52,33.14,51.91,40.24,72.23,96.54,58.51,54.6,30.52,1,94.93,41.45,Beginner
S08810,7,56.04,81.09,68.62,62.4,47.0,96.28,88.29,61.57,31.81,1,65.33,67.04,Advanced
S08811,1,39.61,28.99,8.44,16.05,76.65,69.68,41.9,8.43,28.85,2,79.6,23.28,Beginner
S08812,6,54.43,34.03,54.97,32.57,59.46,67.83,43.58,59.05,21.6,1,61.12,44.0,Intermediate
S08813,3,38.07,40.09,59.82,36.82,77.74,88.51,64.2,59.93,30.37,0,87.03,43.7,Intermediate
S08814,5,56.34,9.74,35.99,46.3,65.68,77.96,48.81,9.56,19.97,2,46.46,37.09,Beginner
S08815,7,43.81,51.97,31.51,45.73,78.47,79.74,60.38,52.08,52.82,1,79.28,43.25,Intermediate
S08816,5,88.02,100.0,85.11,100.0,35.16,82.77,100.0,100.0,85.06,0,80.31,93.28,Advanced
S08817,2,80.24,59.11,86.58,75.81,42.9,82.3,85.32,94.77,76.45,0,73.08,75.44,Advanced
S08818,7,67.42,69.87,69.44,72.23,59.68,84.0,71.65,83.26,64.38,0,100.0,69.74,Advanced
S08819,5,67.61,76.93,78.16,71.49,18,84.98,100.0,72.51,77.24,0,92.06,73.55,Advanced
S08820,7,40.34,32.24,38.05,37.49,60.33,79.72,55.94,35.46,25.06,0,89.1,37.03,Intermediate
S08821,5,42.05,1.92,36.46,31.16,71.09,73.0,55.57,40.4,18.44,2,45.84,27.9,Beginner
S08822,7,46.14,64.63,45.54,58.65,55.56,82.57,87.84,47.4,30.54,0,83.44,53.74,Intermediate
S08823,1,25.06,28.35,17.06,13.96,94.3,75.67,52.17,34.64,0.32,0,100.0,21.11,Beginner
S08824,7,48.95,42.07,61.47,68.9,77.93,69.45,61.56,46.48,10.19,2,90.0,55.35,Intermediate
S08825,5,83.83,98.89,82.95,84.66,50.7,95.88,97.46,86.31,59.49,0,74.95,87.58,Advanced
S08826,6,78.67,54.18,45.76,89.77,80.26,88.91,72.82,63.78,38.68,0,60.81,67.1,Intermediate
S08827,2,55.23,59.45,69.33,74.11,60.44,85.46,86.52,52.61,62.84,0,97.95,64.53,Advanced
S08828,1,67.48,23.66,51.28,40.41,78.24,91.99,49.11,55.47,37.86,1,53.79,45.71,Intermediate
S08829,1,27.2,33.61,48.11,68.18,76.11,100,59.2,57.2,28.18,1,90.01,44.28,Intermediate
S08830,11,48.83,51.06,40.92,39.45,56.53,94.51,97.56,85.02,50.76,0,94.28,45.06,Intermediate
S08831,4,47.02,37.83,48.58,52.55,60.86,75.02,75.91,62.04,37.45,0,92.7,46.49,Intermediate
S08832,5,58.38,76.3,68.41,66.63,57.48,90.87,63.75,57.23,52.59,0,74.06,67.43,Advanced
S08833,5,75.43,64.75,65.53,46.91,73.58,89.08,78.16,57.87,34.49,0,88.33,63.15,Intermediate
S08834,5,59.26,78.91,50.1,43.38,52.55,85.33,66.27,46.52,43.48,0,82.37,57.91,Intermediate
S08835,1,64.91,64.45,72.39,32.82,71.2,84.34,51.46,54.82,52.1,0,67.96,58.64,Intermediate
S08836,6,43.8,36.24,52.81,44.53,71.95,85.21,64.73,60.67,48.96,0,95.63,44.34,Intermediate
S08837,2,64.24,65.92,72.03,79.96,64.57,86.23,83.09,81.77,48.82,0,99.64,70.54,Advanced
S08838,6,76.72,89.79,97.56,100.0,35.58,100,96.7,77.61,86.69,0,75.78,91.02,Advanced
S08839,7,25.19,43.34,59.37,30.91,67.9,86.82,46.4,26.29,33.82,0,68.0,39.7,Beginner
S08840,5,72.48,54.54,45.63,50.46,60.94,78.92,85.16,73.18,52.09,0,74.37,55.78,Intermediate
S08841,2,72.87,35.5,45.77,33.09,52.51,81.38,53.95,26.93,4.48,1,54.02,46.81,Beginner
S08842,2,57.49,65.46,65.16,60.06,71.84,84.06,91.21,69.01,27.26,0,99.06,62.04,Intermediate
S08843,5,72.27,77.85,70.28,76.57,49.57,97.26,100.0,87.17,67.62,0,100.0,74.24,Advanced
S08844,3,43.69,30.91,55.37,16.66,74.25,73.72,33.31,23.93,23.9,0,67.13,36.66,Beginner
S08845,3,66.08,39.46,33.52,39.46,58.5,89.21,52.35,37.72,50.71,0,74.59,44.63,Beginner
S08846,2,50.84,51.73,64.64,74.28,58.94,77.99,82.48,59.32,39.72,0,90.26,60.38,Advanced
S08847,4,60.96,50.39,66.32,46.97,55.93,90.93,76.47,59.12,69.27,0,83.57,56.16,Intermediate
S08848,3,69.03,97.48,44.11,52.84,61.0,80.37,91.89,64.89,76.73,0,50.99,65.86,Intermediate
S08849,2,59.37,57.56,72.32,80.59,56.46,100,85.06,56.66,44.06,2,95.34,67.46,Intermediate
S08850,1,73.84,62.97,59.55,46.24,67.56,65.74,70.12,42.28,42.14,1,83.35,60.65,Intermediate
S08851,5,48.25,61.9,51.33,54.48,66.61,89.71,59.86,34.38,7.75,0,74.51,53.99,Intermediate
S08852,4,64.36,64.52,90.43,80.34,54.11,78.86,83.47,43.75,23.26,0,95.07,74.91,Intermediate
S08853,6,45.84,56.48,53.3,87.88,83.73,75.39,70.61,39.8,48.28,2,76.91,60.87,Intermediate
S08854,2,65.25,48.76,66.22,55.18,43.77,100,79.92,62.27,39.91,0,75.46,58.85,Intermediate
S08855,2,38.16,42.47,58.36,55.43,85.79,68.0,52.05,51.95,47.48,3,99.5,48.6,Beginner
S08856,7,32.9,45.18,48.44,43.81,79.78,67.84,70.12,39.56,21.22,1,91.98,42.58,Beginner
S08857,2,10.23,22.36,35.0,32.14,86.97,76.97,45.69,33.64,4.53,0,87.37,24.93,Beginner
S08858,9,43.2,61.29,58.58,74.08,74.71,94.16,63.39,72.89,31.79,0,66.36,59.29,Intermediate
S08859,2,47.58,35.36,22.42,25.89,64.14,82.27,55.93,39.78,37.68,1,94.3,32.81,Intermediate
S08860,3,43.65,31.79,27.64,19.0,72.13,77.14,50.26,40.55,19.71,1,77.25,30.52,Beginner
S08861,2,44.42,57.5,27.44,29.84,86.65,96.19,78.0,39.15,40.69,0,78.54,39.8,Intermediate
S08862,5,40.24,55.66,60.88,64.89,52.66,91.0,64.35,73.23,45.68,0,78.85,55.42,Intermediate
S08863,2,53.44,54.65,45.46,79.52,73.63,73.45,81.74,45.0,33.5,1,74.96,58.27,Intermediate
S08864,4,83.44,41.21,61.91,52.99,48.8,84.12,62.66,40.84,44.65,0,64.02,59.89,Beginner
S08865,1,74.5,74.61,77.23,55.03,52.06,95.42,73.1,61.42,44.06,1,98.52,70.34,Advanced
S08866,1,46.46,45.49,47.07,59.79,96.84,83.36,62.78,54.68,13.9,0,92.24,49.7,Intermediate
S08867,3,65.2,71.75,40.86,52.61,58.44,90.29,74.43,61.65,46.25,0,86.56,57.6,Intermediate
S08868,6,79.81,66.82,49.74,55.02,59.21,95.22,60.36,66.98,32.29,1,86.25,62.85,Advanced
S08869,1,80.53,100.0,86.35,75.55,55.14,78.16,100.0,93.13,77.15,1,72.78,85.61,Advanced
S08870,2,25.95,40.98,50.69,10.73,71.25,95.5,41.16,32.97,9.92,1,65.85,32.09,Beginner
S08871,6,46.51,35.67,58.93,66.45,80.73,76.05,71.94,50.4,45.25,0,78.03,51.89,Intermediate
S08872,2,60.11,55.37,78.67,66.9,80.0,89.86,77.17,59.69,57.11,1,99.1,65.26,Advanced
S08873,3,96.24,97.21,100.0,100.0,40.62,93.17,96.5,91.24,75.73,0,89.86,98.36,Advanced
S08874,6,49.41,46.67,37.59,59.29,71.37,88.3,59.46,36.78,0.0,0,90.21,48.24,Beginner
S08875,3,17.36,9.11,15.93,25.0,80.21,81.91,50.85,40.77,14.42,1,84.0,16.85,Beginner
S08876,7,33.49,54.78,48.84,48.55,73.74,91.96,59.92,45.92,44.4,2,72.57,46.42,Intermediate
S08877,2,57.1,55.79,65.18,61.77,81.3,79.77,55.31,57.22,23.53,1,96.95,59.96,Intermediate
S08878,5,31.89,42.93,53.38,39.58,75.14,85.14,63.29,33.13,34.44,0,81.83,41.94,Beginner
S08879,2,94.05,69.01,65.26,72.74,59.88,94.85,100.0,91.48,65.3,0,74.92,75.26,Advanced
S08880,2,97.4,100.0,100.0,75.06,38.77,100,100.0,100.0,82.52,0,96.82,93.11,Advanced
S08881,2,71.02,49.68,76.47,58.53,69.52,92.92,77.16,68.11,64.21,0,65.75,63.93,Advanced
S08882,5,50.24,21.89,58.35,33.36,53.04,80.8,58.58,41.61,13.01,1,59.56,40.96,Intermediate
S08883,2,33.34,64.35,53.28,43.49,86.94,78.89,39.57,51.55,12.82,0,64.8,48.62,Intermediate
S08884,5,47.08,66.28,46.05,45.16,65.15,69.33,52.23,48.2,35.67,0,75.91,51.14,Intermediate
S08885,5,25.68,30.37,50.45,32.54,76.09,85.24,53.21,41.19,8.38,3,82.8,34.76,Beginner
S08886,1,75.7,68.8,76.77,95.3,73.37,85.55,94.43,62.74,48.53,0,82.98,79.14,Intermediate
S08887,4,55.22,57.81,66.9,43.62,47.32,78.75,76.15,63.56,31.34,0,70.08,55.89,Intermediate
S08888,3,52.62,45.1,69.57,52.1,74.66,73.46,65.9,40.3,21.98,0,90.62,54.85,Intermediate
S08889,3,60.93,58.57,66.79,49.74,81.49,78.65,56.51,45.77,41.3,0,95.83,59.01,Intermediate
S08890,6,43.08,50.94,59.47,57.27,46.53,85.76,64.62,67.52,50.92,0,90.75,52.69,Advanced
S08891,1,10.75,38.98,42.81,22.95,64.32,74.91,47.06,19.26,12.53,2,45.69,28.87,Beginner
S08892,5,31.0,27.86,30.35,14.24,82.8,70.52,31.97,27.52,14.14,2,85.05,25.86,Beginner
S08893,3,78.63,76.99,59.59,90.74,64.86,86.33,81.44,73.81,34.86,0,92.21,76.49,Advanced
S08894,3,58.39,52.02,53.74,30.46,52.65,88.67,53.84,46.78,34.24,1,82.37,48.65,Intermediate
S08895,6,79.08,80.48,59.3,57.99,67.21,86.85,75.47,63.77,61.23,0,95.57,69.21,Intermediate
S08896,4,47.32,52.5,55.29,52.24,66.58,83.76,81.1,56.9,24.99,0,99.06,51.84,Intermediate
S08897,4,100.0,99.92,87.73,96.92,36.29,82.42,100.0,91.0,95.76,0,97.94,96.14,Advanced
S08898,4,66.15,57.07,68.06,58.03,38.47,88.77,78.74,74.59,68.13,3,86.2,62.33,Advanced
S08899,9,39.38,47.99,57.03,44.56,67.52,83.13,65.24,55.29,40.33,1,96.84,47.24,Intermediate
S08900,6,57.27,54.0,62.87,71.15,61.35,82.9,84.68,57.45,43.58,0,95.67,61.32,Advanced
S08901,2,55.12,85.76,68.62,36.63,63.06,78.85,56.75,64.46,48.3,0,52.8,61.53,Advanced
S08902,1,67.29,92.6,58.69,86.48,51.0,91.46,92.9,81.46,56.27,0,52.21,76.27,Advanced
S08903,4,61.09,61.09,35.39,64.17,64.68,77.32,70.19,77.49,59.5,0,82.74,55.43,Intermediate
S08904,7,82.18,80.91,62.37,85.05,59.29,87.55,81.81,86.56,45.14,0,77.26,77.63,Advanced
S08905,1,17.97,35.95,35.15,33.59,74.24,82.92,56.31,49.1,36.52,1,77.02,30.67,Beginner
S08906,5,21.01,18.25,30.0,0.0,98.83,71.07,19.02,20.55,0.0,4,79.3,17.32,Beginner
S08907,3,9.45,22.09,3.05,52.3,75.1,77.05,28.73,42.2,0.0,3,60.31,21.72,Beginner
S08908,7,51.22,45.95,54.46,63.68,74.3,87.16,63.1,61.5,27.35,0,94.94,53.83,Intermediate
S08909,6,64.99,61.15,39.12,46.54,68.62,79.75,57.68,45.89,19.56,0,86.24,52.95,Intermediate
S08910,3,31.27,47.49,49.08,9.19,60.38,76.01,44.79,27.47,24.91,0,56.97,34.26,Beginner
S08911,7,75.55,68.04,83.26,75.1,41.37,86.92,88.31,84.65,41.97,0,78.0,75.49,Advanced
S08912,6,70.22,94.94,50.09,77.31,59.73,75.23,79.94,63.68,48.05,0,56.14,73.14,Advanced
S08913,3,81.29,81.03,81.58,70.07,44.75,88.35,90.69,80.02,62.0,0,92.64,78.49,Advanced
S08914,4,66.55,61.03,88.12,59.84,37.16,97.98,95.66,59.5,63.32,0,87.06,68.88,Advanced
S08915,1,38.36,34.63,59.21,51.52,63.97,79.66,65.83,38.75,21.01,0,90.45,45.93,Beginner
S08916,3,58.7,42.01,62.55,69.76,52.29,88.42,96.71,64.78,55.21,0,87.79,58.25,Intermediate
S08917,2,72.12,61.78,70.72,56.14,52.31,77.77,69.45,61.83,47.75,0,81.31,65.19,Intermediate
S08918,7,67.87,38.62,70.62,89.48,67.22,79.35,66.5,52.98,45.71,0,53.29,66.65,Advanced
S08919,3,46.86,59.01,47.57,36.59,79.82,94.3,67.9,61.42,15.0,0,85.96,47.51,Intermediate
S08920,5,45.98,54.49,65.49,73.56,75.96,76.23,72.88,61.18,56.76,0,84.37,59.88,Advanced
S08921,2,94.57,72.52,100.0,90.38,56.83,98.76,96.1,92.36,85.5,0,65.25,89.37,Advanced
S08922,1,61.44,57.6,68.76,50.32,58.07,98.98,73.7,71.63,52.02,2,77.45,59.53,Advanced
S08923,1,69.02,55.54,100.0,41.2,70.93,81.06,70.43,73.77,40.18,0,47.3,66.44,Advanced
S08924,1,61.35,48.82,66.17,67.51,62.76,79.88,77.9,34.6,40.86,1,99.12,60.96,Intermediate
S08925,3,30.89,55.08,29.31,34.75,65.85,82.18,61.74,43.11,27.96,2,69.43,37.51,Beginner
S08926,6,94.97,75.46,70.21,86.85,51.3,93.85,100.0,62.0,79.0,0,59.81,81.87,Advanced
S08927,7,50.4,52.21,44.23,41.65,81.94,92.51,59.26,46.7,48.24,0,100.0,47.12,Intermediate
S08928,4,46.51,53.82,23.39,77.44,45.36,86.64,76.12,43.56,25.93,0,54.75,50.29,Intermediate
S08929,3,86.8,89.63,78.81,77.22,63.64,96.38,89.84,86.64,55.95,0,100.0,83.12,Advanced
S08930,4,100.0,74.9,99.1,100.0,29.11,99.94,100.0,89.65,71.38,0,72.86,93.5,Advanced
S08931,5,45.78,60.94,62.0,51.35,67.42,92.13,69.99,64.54,23.62,0,68.91,55.02,Intermediate
S08932,7,36.59,35.25,49.71,43.71,71.69,73.52,79.18,58.38,8.94,0,98.37,41.32,Intermediate
S08933,4,27.35,38.32,70.76,40.92,72.73,83.95,53.48,52.3,32.84,0,69.15,44.34,Intermediate
S08934,6,55.17,49.86,62.09,66.82,74.25,96.09,51.21,42.63,24.25,0,84.79,58.48,Intermediate
S08935,5,60.41,75.11,73.28,57.92,79.54,80.22,71.5,69.76,58.19,0,82.38,66.68,Advanced
S08936,3,37.55,51.62,68.37,32.86,58.54,85.0,71.63,42.71,33.92,0,73.13,47.6,Intermediate
S08937,2,60.32,37.49,33.55,61.33,78.33,79.58,70.79,30.64,23.85,0,62.5,48.17,Beginner
S08938,5,69.7,51.72,60.47,65.98,76.94,84.88,64.61,56.66,36.76,1,77.5,61.97,Intermediate
S08939,1,38.46,67.12,69.92,37.21,75.83,100,66.3,46.37,36.16,1,48.26,53.18,Intermediate
S08940,6,30.31,46.1,68.23,36.57,74.7,85.3,43.02,56.89,28.88,0,55.9,45.3,Intermediate
S08941,4,58.17,47.76,56.23,31.31,57.81,77.58,67.59,49.28,32.95,0,74.18,48.37,Intermediate
S08942,4,76.12,55.81,75.58,74.79,56.3,86.66,93.06,65.91,61.8,0,79.26,70.57,Advanced
S08943,5,84.01,56.51,95.07,69.34,51.42,95.62,80.05,67.06,47.75,0,55.76,76.23,Advanced
S08944,1,42.46,53.97,25.44,50.11,73.18,78.6,55.76,59.23,37.51,0,62.89,43.0,Intermediate
S08945,3,92.27,59.04,52.84,77.14,42.6,82.04,76.65,60.12,66.39,0,48.95,70.32,Advanced
S08946,4,87.1,76.9,100.0,92.73,70.97,100,90.97,87.31,61.53,0,74.81,89.18,Advanced
S08947,4,51.95,44.45,44.08,33.21,56.24,88.31,74.66,39.44,23.59,2,86.62,43.43,Intermediate
S08948,3,63.92,61.54,51.42,71.49,48.57,89.99,76.79,87.29,45.65,0,85.96,62.09,Advanced
S08949,5,51.01,83.23,40.09,62.65,55.75,81.9,87.81,57.42,32.81,2,49.51,59.24,Intermediate
S08950,5,36.63,36.09,31.51,50.48,61.64,84.77,57.23,43.3,35.25,2,89.38,38.68,Intermediate
S08951,7,63.97,46.66,50.95,79.66,57.49,80.64,59.63,56.65,48.25,0,68.37,60.31,Advanced
S08952,7,79.9,79.23,59.35,83.47,79.54,90.9,97.39,58.45,43.26,0,87.09,75.49,Advanced
S08953,2,94.74,79.58,67.5,64.45,55.94,88.11,100.0,79.02,59.69,0,77.95,76.57,Advanced
S08954,3,71.28,72.42,66.38,55.51,69.89,85.96,72.16,67.96,44.05,1,90.52,66.4,Intermediate
S08955,6,74.53,62.93,59.51,81.02,47.76,84.47,74.07,50.09,54.15,0,62.67,69.5,Intermediate
S08956,8,36.96,55.41,54.69,60.41,82.85,82.61,46.66,55.67,20.06,1,75.48,51.87,Intermediate
S08957,2,66.49,62.49,54.95,74.06,52.7,90.39,73.83,77.91,28.96,0,80.56,64.5,Advanced
S08958,2,33.0,31.58,24.94,52.26,71.65,90.18,49.7,50.98,41.4,1,77.11,35.44,Intermediate
S08959,4,100.0,97.35,88.35,89.42,45.44,92.85,100.0,77.95,62.85,0,100.0,93.78,Advanced
S08960,1,56.08,35.47,21.64,48.4,86.72,84.26,33.34,39.42,10.24,2,65.11,40.4,Beginner
S08961,9,64.0,41.53,20.61,62.28,69.34,83.55,42.28,66.16,10.95,3,45.55,47.11,Intermediate
S08962,5,73.45,70.88,77.98,97.02,58.78,90.94,91.38,83.35,56.33,0,75.78,79.83,Advanced
S08963,1,37.13,58.47,22.52,43.32,65.09,88.61,56.53,62.36,31.62,1,65.26,40.36,Beginner
S08964,5,36.27,58.08,42.12,36.68,72.41,85.1,62.76,36.76,22.93,1,74.91,43.29,Intermediate
S08965,1,79.8,76.64,67.84,94.67,72.13,90.41,90.14,68.91,66.91,0,75.77,79.74,Advanced
S08966,5,77.78,71.17,70.0,89.95,53.24,77.92,95.73,68.73,40.62,1,82.65,77.22,Advanced
S08967,1,66.06,81.88,66.59,55.43,80.48,81.84,86.05,68.57,65.7,0,78.9,67.49,Advanced
S08968,8,73.17,50.19,52.52,35.07,44.86,97.08,80.11,79.22,49.71,0,64.39,52.74,Intermediate
S08969,3,58.77,53.6,49.27,25.79,66.22,79.47,34.61,40.61,17.79,1,70.99,46.85,Intermediate
S08970,1,82.9,67.89,85.84,55.49,51.54,88.23,74.13,88.1,61.06,0,62.48,73.03,Advanced
S08971,10,10.53,16.29,17.76,31.83,95.39,78.68,64.16,16.36,0.0,3,90.44,19.1,Beginner
S08972,2,51.68,60.74,61.59,74.58,77.31,100,79.11,87.06,62.21,1,87.3,62.15,Advanced
S08973,2,67.98,61.63,71.72,91.61,58.46,86.84,83.46,78.85,78.17,0,86.15,73.24,Advanced
S08974,4,74.69,84.42,78.12,64.84,73.82,81.45,87.19,58.69,51.46,1,79.87,75.52,Advanced
S08975,5,77.51,71.14,65.71,66.58,22.95,98.59,93.85,91.18,49.37,0,100.0,70.23,Advanced
S08976,4,34.78,61.77,63.95,80.04,66.61,96.99,69.81,65.65,47.58,0,71.67,60.13,Advanced
S08977,6,23.96,21.63,11.81,46.09,73.72,100,34.15,33.19,0.0,3,83.61,25.87,Beginner
S08978,3,64.71,74.12,64.83,50.95,45.93,89.32,66.73,49.17,31.05,1,74.0,63.65,Advanced
S08979,1,9.75,25.45,6.17,29.37,81.65,87.14,41.76,35.93,1.68,2,64.44,17.69,Beginner
S08980,1,64.7,48.07,70.47,59.03,64.99,96.88,67.65,73.3,17.7,1,57.75,60.56,Advanced
S08981,2,71.71,92.63,95.36,72.48,37.81,100,100.0,70.53,60.77,1,61.07,83.05,Advanced
S08982,9,20.59,26.84,42.71,8.47,79.66,72.09,52.13,26.45,7.39,1,75.09,24.65,Beginner
S08983,1,57.97,60.29,83.05,68.37,53.64,91.42,64.05,60.42,50.52,0,88.27,67.42,Intermediate
S08984,4,40.43,37.15,63.11,22.48,76.63,76.04,40.37,39.01,20.64,0,71.9,40.79,Beginner
S08985,1,46.28,70.08,53.01,74.6,73.28,87.74,86.19,77.31,75.15,0,61.13,60.99,Advanced
S08986,6,100.0,99.5,100.0,73.9,29.71,92.29,96.48,100.0,67.87,0,75.66,93.35,Advanced
S08987,1,23.87,38.32,44.57,27.18,67.9,90.06,58.48,58.99,30.14,1,71.28,33.48,Beginner
S08988,7,56.59,77.71,66.51,95.37,52.85,87.13,78.65,51.22,42.32,0,60.53,74.04,Intermediate
S08989,8,84.23,69.93,80.06,98.74,48.33,99.49,80.23,90.28,64.01,0,67.85,83.24,Advanced
S08990,1,70.73,65.34,60.88,74.58,50.32,84.05,94.99,73.0,40.49,0,92.76,67.88,Intermediate
S08991,6,49.85,84.39,100.0,69.29,47.06,91.75,73.03,83.61,50.59,0,48.0,75.88,Advanced
S08992,4,42.59,32.07,42.92,18.07,60.91,86.38,65.06,40.96,33.48,0,74.48,33.91,Beginner
S08993,8,55.19,51.51,64.87,38.87,79.31,88.13,68.58,40.98,37.75,1,73.87,52.61,Intermediate
S08994,3,74.26,60.15,65.86,33.35,74.44,96.8,72.72,62.82,44.51,1,74.66,58.41,Intermediate
S08995,3,23.04,24.71,25.24,40.09,81.25,93.59,53.7,20.45,0.0,1,89.49,28.27,Beginner
S08996,5,70.68,76.55,86.56,67.24,73.43,82.36,92.65,84.27,64.27,0,78.99,75.26,Advanced
S08997,1,47.78,74.93,55.54,49.5,59.05,91.55,83.65,51.69,32.61,0,71.14,56.94,Intermediate
S08998,5,73.51,95.22,82.86,89.36,62.54,89.31,84.87,79.26,62.17,1,90.69,85.24,Advanced
S08999,1,48.38,38.91,65.08,48.74,64.36,81.94,64.3,49.29,29.89,0,81.89,50.28,Beginner
S09000,4,41.64,55.25,45.92,53.96,57.84,100,76.17,55.31,31.77,1,83.89,49.19,Intermediate
S09001,2,46.5,44.7,24.84,30.92,60.93,74.77,50.71,38.82,24.27,4,100.0,36.74,Beginner
S09002,1,45.81,47.5,68.25,76.8,55.0,98.63,77.79,52.36,45.07,1,94.62,59.59,Intermediate
S09003,3,90.93,76.05,80.02,70.44,59.2,92.76,100.0,68.9,73.44,0,68.26,79.36,Advanced
S09004,7,53.67,72.44,57.54,64.44,70.88,86.18,92.77,66.26,44.14,0,81.34,62.02,Advanced
S09005,3,73.23,54.8,74.24,65.07,56.69,92.97,89.71,62.1,54.93,0,72.53,66.84,Advanced
S09006,8,62.75,65.05,68.74,74.26,64.32,100,85.18,51.13,64.52,0,92.93,67.7,Intermediate
S09007,8,68.16,65.57,29.79,49.79,57.16,81.44,66.02,48.6,47.13,1,90.23,53.33,Intermediate
S09008,1,67.6,58.76,44.98,33.77,53.21,80.29,54.22,78.46,46.24,1,93.21,51.28,Intermediate
S09009,2,83.28,100.0,61.14,90.57,31.32,96.01,100.0,100.0,60.32,0,61.94,83.75,Advanced
S09010,2,80.8,68.33,63.16,92.27,49.79,96.63,93.56,72.33,72.81,0,62.04,76.14,Advanced
S09011,5,50.84,58.32,44.74,35.91,76.12,81.34,80.41,43.78,31.89,2,86.98,47.45,Intermediate
S09012,1,3.84,35.51,13.88,47.7,96.09,74.99,38.18,20.16,1.33,3,46.37,25.23,Beginner
S09013,9,38.84,59.7,33.39,53.16,70.81,91.44,55.56,40.04,20.05,1,59.74,46.27,Beginner
S09014,4,57.55,54.55,62.11,40.91,52.23,87.59,69.61,53.34,56.79,1,79.31,53.78,Intermediate
S09015,3,91.13,66.71,91.71,79.7,66.28,85.93,91.19,84.54,73.72,0,73.63,82.31,Advanced
S09016,5,98.09,72.04,100.0,92.13,38.04,100,87.59,82.93,51.38,0,84.47,90.57,Advanced
S09017,8,55.89,34.17,86.16,27.73,67.67,90.7,61.63,54.88,33.42,0,36.24,50.99,Intermediate
S09018,5,91.39,84.42,87.23,70.21,55.64,100,97.49,77.76,64.73,0,83.25,83.31,Advanced
S09019,7,71.68,40.78,49.56,47.52,69.59,95.83,58.1,38.52,23.08,0,65.47,52.39,Intermediate
S09020,4,70.69,70.66,100.0,89.16,45.7,86.55,98.42,73.91,66.1,1,95.67,82.63,Advanced
S09021,1,58.22,46.11,60.73,60.3,87.19,79.68,76.78,53.74,40.06,0,87.67,56.34,Intermediate
S09022,1,32.45,34.25,48.0,20.88,57.06,81.72,40.87,31.93,8.23,1,84.47,33.9,Beginner
S09023,3,57.84,68.26,44.17,69.84,66.32,92.32,66.82,39.65,55.5,0,69.18,60.03,Intermediate
S09024,5,78.21,51.34,63.16,69.65,76.41,79.74,70.09,77.7,59.93,0,69.83,65.59,Advanced
S09025,7,56.63,55.25,45.43,63.82,81.25,91.49,68.52,56.79,30.49,0,93.07,55.28,Intermediate
S09026,5,53.57,36.53,66.29,35.55,74.81,92.09,80.9,51.46,62.2,0,64.93,47.98,Intermediate
S09027,7,57.21,47.43,51.69,75.12,52.8,95.37,70.53,79.68,40.73,1,80.45,57.86,Advanced
S09028,7,77.06,72.44,88.42,82.33,47.81,84.1,90.54,76.13,61.99,0,81.08,80.06,Advanced
S09029,2,35.3,53.14,27.28,35.55,79.67,78.76,56.26,28.27,27.67,0,82.3,37.82,Beginner
S09030,1,71.47,65.94,78.46,58.08,47.3,89.46,66.74,91.9,39.79,1,94.05,68.49,Advanced
S09031,5,36.36,61.6,50.93,47.78,76.18,83.44,55.12,48.51,39.76,0,79.68,49.17,Intermediate
S09032,3,49.53,59.57,78.6,60.35,85.82,77.83,74.09,68.31,38.85,0,78.39,62.01,Intermediate
S09033,5,95.44,86.08,100.0,100.0,45.98,98.33,100.0,100.0,95.28,1,77.86,95.38,Advanced
S09034,1,41.09,21.72,33.17,46.88,74.9,79.06,49.51,39.07,25.3,0,77.06,35.72,Beginner
S09035,1,41.58,60.08,62.41,64.44,80.88,96.05,63.76,52.67,50.91,0,69.92,57.13,Advanced
S09036,4,64.47,64.6,48.78,49.85,56.61,100,69.49,55.24,31.83,0,89.03,56.92,Intermediate
S09037,1,58.28,56.8,66.79,50.15,83.33,92.04,89.78,83.57,49.73,0,86.46,58.0,Intermediate
S09038,8,46.75,52.73,58.26,45.6,62.44,81.96,56.39,42.94,29.71,1,100.0,50.84,Intermediate
S09039,7,55.55,51.64,59.64,67.44,55.48,91.08,60.49,66.42,38.94,3,85.37,58.57,Intermediate
S09040,1,70.35,93.33,75.49,60.77,48.73,87.98,93.12,85.39,47.17,1,60.62,74.99,Advanced
S09041,5,56.07,45.98,28.87,21.73,51.09,84.0,55.38,59.94,19.86,0,93.35,38.16,Beginner
S09042,6,67.05,46.25,18.95,71.16,87.55,85.25,65.08,56.32,29.34,1,46.74,50.85,Intermediate
S09043,8,74.09,67.19,72.03,80.24,43.99,88.73,97.22,64.14,60.9,1,92.0,73.39,Advanced
S09044,2,79.97,61.9,96.45,73.9,57.89,100,79.87,72.16,44.78,0,74.34,78.05,Advanced
S09045,6,69.06,65.76,81.34,64.43,71.93,90.4,75.51,60.39,30.16,0,93.12,70.15,Advanced
S09046,2,47.22,70.74,65.79,42.45,56.37,80.89,75.4,44.77,34.55,0,47.89,56.55,Intermediate
S09047,7,23.52,36.85,15.99,28.6,103.52,75.8,48.63,32.04,10.98,2,66.87,26.24,Beginner
S09048,5,40.24,43.42,52.92,39.49,67.76,93.28,58.18,52.34,15.04,1,91.11,44.02,Beginner
S09049,4,83.46,93.7,100.0,82.49,46.64,100,97.75,88.47,76.06,0,83.7,89.91,Advanced
S09050,4,71.09,66.35,59.96,45.14,66.55,80.84,93.51,58.66,51.18,0,76.89,60.64,Intermediate
S09051,6,71.92,60.57,62.76,79.71,64.43,75.1,90.96,60.63,55.2,0,83.56,68.74,Intermediate
S09052,6,49.34,51.97,54.08,58.3,49.96,91.8,64.29,67.55,18.98,0,92.17,53.42,Intermediate
S09053,6,43.63,32.37,4.12,35.77,95.31,83.88,50.98,34.56,15.35,0,60.37,28.98,Beginner
S09054,8,50.56,55.26,53.5,48.27,50.22,94.98,78.22,73.42,87.36,0,97.75,51.9,Advanced
S09055,6,84.92,67.95,59.6,61.78,69.02,76.67,93.38,79.74,55.53,0,86.37,68.56,Advanced
S09056,5,48.76,22.11,15.66,50.4,61.27,88.81,61.02,33.66,30.0,1,52.15,34.24,Beginner
S09057,4,57.97,49.39,55.66,48.57,61.23,95.04,75.49,66.34,65.09,0,78.88,52.9,Advanced
S09058,5,81.04,98.3,64.83,54.4,46.51,100,84.96,67.5,43.9,0,68.07,74.65,Advanced
S09059,3,73.16,59.72,78.35,63.01,73.56,89.55,68.6,46.28,65.75,1,77.79,68.56,Intermediate
S09060,1,62.72,61.58,54.91,52.14,70.13,88.54,75.32,75.01,39.34,0,95.95,57.84,Intermediate
S09061,1,70.18,44.41,48.8,67.34,43.18,79.06,87.89,79.29,62.72,1,73.2,57.68,Intermediate
S09062,2,90.02,100.0,100.0,100.0,35.56,100,100.0,100.0,86.0,0,91.58,97.51,Advanced
S09063,1,62.53,81.0,49.46,54.78,36.5,100,79.4,77.93,33.57,0,87.86,61.94,Advanced
S09064,3,70.95,71.64,100.0,48.97,64.42,94.76,74.24,78.02,71.48,0,64.03,72.89,Advanced
S09065,5,56.56,32.2,47.43,48.04,78.61,97.94,69.64,30.22,31.41,0,85.94,46.06,Intermediate
S09066,2,77.54,90.69,71.5,88.08,53.45,94.52,96.3,85.36,67.67,0,74.03,81.95,Advanced
S09067,9,20.17,25.91,39.97,47.57,77.49,84.92,58.31,35.19,26.85,2,98.56,33.4,Beginner
S09068,3,40.55,45.42,30.55,51.27,73.62,77.66,53.38,32.71,12.01,2,80.64,41.95,Beginner
S09069,7,29.08,26.79,39.22,38.36,73.39,92.18,49.94,34.57,23.01,2,86.56,33.36,Beginner
S09070,10,97.19,80.66,84.71,86.81,54.48,95.54,100.0,82.68,86.91,0,84.55,87.34,Advanced
S09071,3,83.36,61.21,89.48,90.22,72.84,100,75.93,58.19,48.71,0,68.09,81.07,Advanced
S09072,6,35.65,42.4,50.96,41.95,74.6,91.8,65.83,52.77,35.89,0,90.89,42.74,Intermediate
S09073,1,53.45,38.67,45.23,41.19,80.85,91.26,55.62,65.12,31.13,0,70.82,44.63,Intermediate
S09074,4,77.17,77.95,59.78,92.76,63.09,98.11,83.08,70.51,55.4,1,73.65,76.92,Advanced
S09075,7,44.11,25.72,2.33,27.7,79.93,71.0,39.3,49.89,9.1,3,64.89,24.97,Beginner
S09076,2,67.79,70.02,60.11,51.33,64.06,81.91,68.29,60.84,37.94,0,94.2,62.31,Intermediate
S09077,6,71.72,50.64,45.99,76.24,47.79,85.39,73.51,54.13,42.4,0,55.88,61.15,Intermediate
S09078,7,66.39,89.52,56.51,58.32,62.7,88.08,88.79,76.46,42.3,0,84.45,67.69,Intermediate
S09079,2,56.61,58.14,70.98,42.36,72.56,81.81,76.35,46.22,30.22,0,98.02,57.02,Intermediate
S09080,1,68.27,72.59,43.08,43.63,79.68,84.04,49.05,44.18,24.12,1,89.1,56.89,Intermediate
S09081,4,52.26,83.41,93.69,82.2,52.59,96.5,81.75,58.96,70.01,0,58.48,77.89,Advanced
S09082,4,75.13,47.08,63.21,62.96,71.14,100,89.84,81.14,65.8,0,68.83,62.1,Intermediate
S09083,4,25.67,28.14,52.8,39.95,110.66,93.47,51.5,28.25,16.05,3,90.7,36.64,Beginner
S09084,4,23.26,55.04,48.09,68.84,72.89,79.69,80.11,57.34,34.62,1,63.75,48.81,Intermediate
S09085,2,94.68,89.55,90.15,96.41,37.55,100,97.44,100.0,90.25,0,92.18,92.7,Advanced
S09086,3,67.18,76.17,69.93,57.63,44.33,81.22,75.95,69.01,55.08,0,93.09,67.73,Advanced
S09087,3,47.26,45.14,40.25,23.09,52.56,94.84,72.73,44.51,36.23,0,90.9,38.93,Intermediate
S09088,1,66.89,54.3,64.49,72.16,31.55,92.35,83.19,76.14,41.49,0,86.49,64.46,Advanced
S09089,3,58.2,69.38,82.2,45.15,46.62,96.19,70.92,63.06,47.11,0,73.61,63.73,Advanced
S09090,7,23.08,33.0,18.98,42.22,71.75,76.04,46.12,44.19,0.38,0,85.44,29.32,Beginner
S09091,4,64.87,30.91,14.38,40.42,58.32,69.59,46.78,39.07,31.16,1,52.08,37.64,Beginner
S09092,4,54.46,52.05,44.53,46.6,66.23,81.95,68.07,64.74,42.89,0,95.95,49.41,Advanced
S09093,6,74.77,77.23,64.09,72.27,47.13,90.54,81.34,55.48,35.74,0,88.31,72.09,Advanced
S09094,6,44.96,38.65,32.21,35.23,45.16,70.36,43.11,43.85,22.92,3,80.95,37.76,Beginner
S09095,5,59.75,56.72,35.5,69.47,72.89,88.38,52.2,44.88,50.36,1,69.51,55.36,Advanced
S09096,1,88.85,96.23,68.41,53.47,74.73,99.62,97.45,87.12,77.71,0,89.68,76.74,Advanced
S09097,5,43.42,43.13,61.52,39.03,65.79,69.0,55.86,56.96,31.99,1,87.89,46.78,Intermediate
S09098,10,56.58,60.73,57.95,72.12,51.11,99.28,80.37,59.67,46.86,1,88.99,61.85,Intermediate
S09099,6,47.47,72.58,62.62,58.33,51.95,86.14,77.82,55.11,34.78,0,71.0,60.25,Intermediate
S09100,1,48.91,65.16,61.78,64.39,67.27,78.22,58.46,60.33,58.9,0,89.53,60.06,Intermediate
S09101,6,74.04,55.07,79.83,81.19,60.35,93.52,93.14,54.12,34.76,0,79.83,72.53,Advanced
S09102,5,70.0,60.7,66.02,56.99,76.55,92.77,68.87,56.56,30.18,0,83.79,63.43,Advanced
S09103,6,74.88,73.36,57.31,77.63,62.83,84.47,74.4,70.56,61.34,0,83.33,70.79,Advanced
S09104,2,47.26,64.0,71.33,75.19,69.43,79.52,66.35,59.66,53.63,0,69.59,64.44,Intermediate
S09105,5,65.63,42.93,54.54,62.19,61.2,86.77,75.99,50.93,48.69,0,75.67,56.32,Intermediate
S09106,3,69.8,71.99,40.46,83.97,78.03,92.1,83.62,65.46,43.87,1,70.39,66.55,Advanced
S09107,4,93.08,94.76,54.68,100.0,45.37,98.67,100.0,100.0,84.66,0,75.5,85.63,Advanced
S09108,1,93.88,100.0,99.77,98.01,54.45,87.0,100.0,72.72,69.19,0,99.36,97.92,Advanced
S09109,6,64.27,40.78,55.5,58.99,72.86,93.21,76.81,52.67,36.4,2,70.38,54.88,Intermediate
S09110,8,64.25,69.97,95.63,92.45,53.6,94.48,89.01,75.79,61.23,0,86.39,80.58,Advanced
S09111,4,55.6,27.38,30.29,33.14,72.83,77.54,35.57,36.78,5.67,2,62.66,36.6,Beginner
S09112,6,45.68,58.72,39.15,25.09,47.78,100,65.59,25.43,13.74,0,84.53,42.16,Beginner
S09113,6,92.59,69.7,91.84,81.5,58.54,88.8,100.0,92.76,68.6,0,62.14,83.91,Advanced
S09114,6,56.58,55.29,32.23,53.05,71.19,87.18,66.56,36.93,30.03,2,78.56,49.29,Beginner
S09115,3,20.82,36.71,7.16,7.61,80.81,81.17,44.94,30.4,34.62,2,86.6,18.07,Beginner
S09116,10,33.15,29.82,45.19,37.89,84.82,88.67,59.93,47.58,35.32,2,93.92,36.51,Beginner
S09117,3,44.56,27.58,30.5,0.0,73.41,85.51,56.13,24.35,30.54,3,53.76,25.66,Beginner
S09118,3,89.53,85.13,84.66,68.31,30.18,87.88,100.0,94.58,52.09,0,88.53,81.91,Advanced
S09119,9,68.32,50.12,65.12,60.12,80.23,93.9,85.31,74.97,57.57,1,69.31,60.92,Advanced
S09120,1,81.38,69.79,96.09,73.4,64.68,81.81,92.27,63.85,61.92,0,73.87,80.17,Advanced
S09121,3,56.2,64.46,57.5,51.73,78.42,81.57,49.97,56.0,21.8,1,97.15,57.47,Intermediate
S09122,5,25.26,43.9,39.16,48.68,84.59,78.34,59.09,57.11,17.8,1,72.96,39.25,Intermediate
S09123,4,32.46,15.24,36.09,5.75,96.16,69.02,36.26,2.68,0.0,3,59.65,22.38,Beginner
S09124,6,64.38,58.4,67.93,66.38,56.6,99.2,68.62,63.07,61.39,1,100.0,64.27,Advanced
S09125,3,29.87,34.18,75.75,42.26,72.42,74.53,69.99,47.56,42.33,0,67.09,45.51,Intermediate
S09126,8,43.08,62.07,48.78,53.01,69.75,75.9,71.61,46.4,27.32,3,74.46,51.73,Intermediate
S09127,6,74.52,62.34,75.13,57.26,64.94,92.08,92.64,57.67,49.94,0,69.07,67.31,Advanced
S09128,1,26.54,61.41,25.62,36.15,86.68,74.81,27.28,27.79,26.44,2,60.64,37.43,Beginner
S09129,2,32.05,66.39,56.08,28.88,67.81,69.3,79.48,58.95,47.83,2,60.37,45.85,Intermediate
S09130,6,63.49,56.55,61.51,77.36,35.1,76.51,72.85,62.81,42.74,1,81.8,64.73,Advanced
S09131,4,71.21,65.5,82.89,65.93,43.54,95.47,100.0,70.89,57.75,0,90.68,71.38,Advanced
S09132,4,30.3,56.01,33.59,43.36,62.28,78.66,33.97,46.97,31.71,1,63.49,40.81,Beginner
S09133,10,57.42,51.96,51.84,47.27,67.27,91.67,69.83,38.4,36.47,2,100.0,52.12,Intermediate
S09134,9,98.65,89.61,100.0,98.99,34.4,98.81,100.0,84.31,90.28,1,81.03,96.81,Advanced
S09135,4,52.98,62.53,71.76,52.07,83.07,90.69,73.9,55.37,46.58,0,63.64,59.84,Intermediate
S09136,3,75.23,73.19,84.43,72.34,62.18,94.11,92.08,34.79,50.21,0,86.53,76.3,Intermediate
S09137,7,65.96,67.59,55.67,66.57,46.76,99.06,52.91,59.66,51.1,0,96.83,63.95,Advanced
S09138,5,41.74,25.69,37.38,27.43,65.63,79.74,61.55,51.18,20.05,0,86.34,33.06,Beginner
S09139,5,71.14,40.91,56.61,72.76,45.12,96.61,45.91,40.68,34.99,1,54.63,60.36,Intermediate
S09140,6,59.73,45.27,56.03,54.96,79.64,69.85,57.12,54.79,36.2,1,77.41,54.0,Intermediate
S09141,3,62.27,38.26,42.6,43.14,71.51,93.49,54.21,49.35,5.15,2,67.36,46.57,Beginner
S09142,11,40.05,43.18,14.43,42.82,69.44,78.81,27.62,42.86,11.6,0,76.4,35.12,Beginner
S09143,6,59.59,90.27,83.92,74.54,52.39,88.78,94.39,96.46,64.41,0,60.34,77.08,Advanced
S09144,5,71.2,95.09,83.28,69.23,63.34,82.45,90.9,71.2,54.7,0,64.62,79.7,Advanced
S09145,7,31.64,43.69,42.02,32.63,63.93,80.01,61.56,41.76,12.34,1,80.49,37.49,Beginner
S09146,1,37.71,59.08,25.07,35.46,73.23,96.98,69.89,57.6,40.6,2,68.39,39.33,Intermediate
S09147,1,47.36,69.81,48.63,49.89,31.78,78.72,66.85,60.41,50.3,0,78.89,53.92,Intermediate
S09148,5,31.93,50.72,63.14,16.78,68.25,95.35,61.27,48.53,36.38,2,59.13,40.64,Intermediate
S09149,7,43.42,39.85,47.16,69.1,80.46,76.54,72.48,67.03,2.31,2,83.08,49.88,Intermediate
S09150,4,57.43,77.39,58.38,60.44,64.11,91.53,80.24,56.5,47.73,0,74.38,63.41,Advanced
S09151,4,76.52,74.12,84.48,91.8,37.79,100,74.1,100.0,59.25,0,88.83,81.73,Advanced
S09152,4,38.88,60.59,52.55,38.64,45.41,84.25,68.37,52.59,42.7,0,66.43,47.67,Intermediate
S09153,4,49.43,40.86,66.33,61.18,80.54,70.37,58.06,42.3,25.96,1,79.63,54.45,Intermediate
S09154,6,62.72,61.32,48.82,45.83,79.22,84.42,84.41,71.06,33.76,1,100.0,54.67,Advanced
S09155,4,66.86,76.38,94.94,68.83,46.22,97.47,88.89,88.79,74.36,0,76.58,76.75,Advanced
S09156,7,66.32,38.07,53.99,92.52,50.66,87.1,78.31,63.0,60.41,0,45.1,62.72,Intermediate
S09157,4,84.16,70.37,77.06,62.43,51.86,100,85.58,78.44,63.78,0,83.24,73.51,Advanced
S09158,7,62.87,68.19,49.42,71.25,62.79,85.36,72.0,55.95,28.38,1,77.34,62.93,Intermediate
S09159,3,59.44,38.36,57.5,52.97,54.71,99.83,76.93,49.25,32.77,1,81.56,52.07,Intermediate
S09160,3,45.16,81.4,87.04,50.76,46.94,100,85.41,63.72,57.93,0,38.62,66.09,Advanced
S09161,4,61.27,72.19,80.7,88.5,65.24,100,93.47,70.59,54.38,0,68.11,75.66,Advanced
S09162,5,66.73,74.22,75.92,64.0,49.3,87.36,79.28,49.97,47.93,1,78.53,70.22,Intermediate
S09163,3,46.21,30.31,42.45,36.24,74.54,78.76,52.21,35.68,27.01,0,78.3,38.8,Beginner
S09164,4,35.99,29.2,27.79,51.16,91.01,85.22,20.35,37.47,24.53,1,86.74,36.03,Intermediate
S09165,1,70.39,62.98,49.21,57.24,75.72,96.18,55.32,49.91,38.29,0,94.27,59.96,Intermediate
S09166,1,56.88,49.18,66.52,62.49,61.05,85.44,56.83,64.29,57.81,0,90.87,58.77,Intermediate
S09167,1,27.79,16.69,35.42,10.51,82.58,86.85,48.18,22.05,17.26,1,66.5,22.6,Beginner
S09168,3,40.45,19.42,30.26,3.95,64.33,68.81,63.2,40.2,27.58,1,70.69,23.52,Beginner
S09169,1,73.65,66.33,55.12,67.44,87.26,70.21,78.88,69.87,32.91,0,91.98,65.63,Intermediate
S09170,1,89.05,87.35,74.84,76.17,63.1,93.16,87.87,74.85,72.33,0,91.65,81.85,Advanced
S09171,1,41.4,51.79,55.38,48.74,63.64,83.37,54.83,37.21,32.1,0,88.44,49.33,Intermediate
S09172,7,47.86,42.97,85.78,77.82,50.75,88.89,64.67,55.64,44.19,1,83.12,63.61,Intermediate
S09173,1,48.73,30.37,31.8,42.57,77.67,75.1,51.48,35.9,20.35,0,77.17,38.37,Beginner
S09174,5,71.72,70.59,80.51,65.35,47.87,98.81,100.0,98.77,78.42,0,91.76,72.04,Advanced
S09175,5,76.32,68.34,83.66,88.12,38.08,82.69,75.01,49.57,57.03,0,94.75,79.11,Intermediate
S09176,3,31.33,23.99,50.67,40.23,89.4,78.7,53.36,28.36,21.98,1,96.88,36.56,Beginner
S09177,3,52.32,39.31,70.8,52.42,62.44,94.8,70.35,60.55,40.01,0,77.99,53.71,Intermediate
S09178,6,68.15,58.76,73.45,81.1,47.99,88.93,93.76,64.75,45.52,0,85.52,70.37,Advanced
S09179,2,51.51,49.72,40.32,42.06,58.87,88.36,59.66,45.45,42.64,0,99.16,45.9,Intermediate
S09180,3,44.21,34.31,47.18,32.22,75.71,83.82,66.37,57.28,37.27,0,90.21,39.48,Intermediate
S09181,1,100.0,73.41,72.14,89.98,53.63,96.92,96.23,88.9,42.51,0,57.07,83.88,Advanced
S09182,5,100.0,82.19,76.47,79.27,33.91,100,100.0,100.0,80.92,0,79.95,84.48,Advanced
S09183,4,100.0,80.91,96.79,87.72,47.07,84.63,88.02,73.48,58.79,2,75.31,91.35,Advanced
S09184,1,80.95,66.29,63.58,70.48,64.38,81.85,71.54,55.28,59.65,0,90.36,70.32,Intermediate
S09185,1,100.0,100.0,91.06,100.0,73.35,100,99.15,91.67,71.84,0,96.07,97.77,Advanced
S09186,4,57.99,47.63,57.66,32.67,90.08,87.85,47.84,64.43,16.99,1,78.51,48.99,Intermediate
S09187,3,44.96,61.69,40.82,40.64,55.25,91.18,68.01,56.33,35.77,0,88.19,47.03,Intermediate
S09188,4,40.66,40.84,23.08,28.02,70.99,88.27,61.6,26.84,19.87,1,93.8,33.15,Beginner
S09189,9,41.01,25.43,57.72,51.45,73.55,89.45,62.51,41.87,29.55,0,75.16,43.9,Intermediate
S09190,4,85.62,92.79,61.62,90.85,63.05,81.19,100.0,71.88,46.49,0,71.2,82.72,Advanced
S09191,8,82.72,78.08,53.19,53.99,62.41,91.28,79.33,79.78,41.56,0,92.9,66.99,Advanced
S09192,2,99.68,95.9,83.92,100.0,58.65,100,100.0,91.58,67.28,0,91.63,94.87,Advanced
S09193,1,62.89,75.86,81.4,74.57,67.94,82.52,83.63,66.8,48.86,0,82.12,73.68,Advanced
S09194,1,90.68,93.95,78.3,76.5,58.28,89.92,99.83,100.0,68.52,0,100.0,84.86,Advanced
S09195,6,56.32,69.18,74.87,66.86,51.39,98.55,94.49,87.48,62.28,1,82.3,66.81,Advanced
S09196,6,72.14,91.83,94.27,100.0,61.59,93.03,87.2,96.68,98.22,1,81.64,89.56,Advanced
S09197,8,61.14,50.91,48.71,52.83,50.58,90.75,72.52,56.27,44.93,0,82.58,53.4,Intermediate
S09198,1,56.09,58.6,56.72,37.0,33.25,92.0,61.53,58.61,32.38,0,88.5,52.1,Intermediate
S09199,5,67.26,47.2,76.86,48.69,72.93,60.29,86.42,65.19,29.65,0,66.46,60.0,Intermediate
S09200,5,68.66,60.36,54.1,52.78,71.62,98.59,60.64,38.83,44.15,1,89.95,58.97,Intermediate
S09201,5,82.9,76.14,88.27,100.0,43.94,100,100.0,80.68,75.67,0,76.83,86.83,Advanced
S09202,3,44.08,53.36,55.86,31.55,91.2,98.75,45.17,51.09,25.98,0,73.09,46.21,Intermediate
S09203,7,46.27,18.84,22.35,29.21,71.48,76.12,58.37,23.56,12.2,1,78.62,29.17,Beginner
S09204,7,56.54,82.05,53.25,87.16,41.49,70.19,78.56,53.49,66.62,0,58.07,69.75,Intermediate
S09205,3,66.5,53.55,36.87,37.05,68.01,80.52,59.27,62.19,8.68,2,77.6,48.49,Intermediate
S09206,7,44.07,51.07,48.91,59.44,47.7,94.38,72.87,65.63,46.88,1,92.88,50.87,Intermediate
S09207,3,19.21,20.45,1.54,36.43,88.25,88.38,59.81,47.35,19.22,1,71.28,19.41,Beginner
S09208,3,83.94,77.81,75.77,70.14,57.81,77.93,88.72,79.1,53.87,0,82.55,76.91,Advanced
S09209,2,51.78,36.87,33.64,43.13,73.63,97.36,57.81,78.4,32.8,2,76.38,41.35,Intermediate
S09210,3,52.31,62.15,72.14,31.1,47.26,82.05,72.71,76.66,49.17,1,72.01,54.42,Intermediate
S09211,6,86.14,61.53,47.06,85.07,48.47,83.77,82.01,45.24,66.12,0,53.35,69.95,Intermediate
S09212,5,75.1,41.28,47.82,58.12,65.28,93.42,78.77,53.31,40.38,2,46.63,55.58,Intermediate
S09213,1,55.88,69.48,75.24,78.84,68.43,71.49,85.24,68.14,42.21,0,87.43,69.86,Advanced
S09214,2,80.82,100.0,88.4,80.08,31.29,96.34,100.0,78.07,96.46,1,78.93,87.33,Advanced
S09215,8,59.23,51.95,31.39,28.65,67.39,82.7,56.59,40.78,25.96,0,93.35,42.81,Beginner
S09216,5,28.83,24.23,53.83,49.1,50.91,72.14,62.5,27.03,40.21,1,90.72,39.0,Beginner
S09217,8,31.65,57.32,41.26,51.26,50.32,67.58,52.22,25.96,24.77,1,76.63,45.37,Intermediate
S09218,7,10.4,23.09,15.64,9.69,74.23,67.58,5.3,25.82,0.0,2,76.08,14.7,Beginner
S09219,3,37.84,22.57,24.6,23.24,70.05,71.37,31.8,18.32,12.71,1,71.71,27.06,Beginner
S09220,8,55.37,65.84,56.74,46.59,55.04,99.48,79.1,57.59,55.27,2,77.6,56.13,Intermediate
S09221,1,46.67,63.11,58.63,32.99,58.7,100,66.82,54.9,42.73,1,62.8,50.35,Intermediate
S09222,9,49.63,58.28,51.46,52.63,62.44,91.21,72.01,49.24,36.48,0,100.0,53.0,Intermediate
S09223,7,58.08,83.41,52.17,48.86,43.67,79.38,73.58,47.49,29.94,0,72.99,60.63,Intermediate
S09224,4,78.79,75.29,67.93,60.66,43.68,98.87,85.42,64.79,50.19,0,91.07,70.67,Advanced
S09225,4,49.24,60.54,36.1,33.75,85.25,88.14,50.45,51.1,16.01,2,92.32,44.9,Intermediate
S09226,2,73.21,57.8,70.85,81.08,40.22,86.2,96.33,58.99,52.63,0,84.18,70.73,Intermediate
S09227,8,32.02,34.27,4.43,29.84,80.29,76.25,50.14,71.91,0.0,1,93.2,25.14,Beginner
S09228,1,47.97,65.32,42.45,56.77,48.86,83.49,66.21,45.86,33.76,0,78.5,53.13,Intermediate
S09229,7,53.43,29.82,45.48,44.85,59.41,90.84,73.8,55.19,38.0,0,83.72,43.39,Beginner
S09230,2,100.0,90.37,73.84,92.19,38.03,94.61,99.67,66.95,54.37,0,65.62,89.1,Advanced
S09231,3,61.4,53.62,40.55,50.13,36.3,74.06,74.8,39.76,48.95,0,81.48,51.43,Intermediate
S09232,6,77.01,66.74,62.94,68.65,55.79,79.91,75.22,58.51,27.01,0,79.24,68.84,Advanced
S09233,1,81.91,70.29,53.36,71.01,46.86,81.02,92.03,53.13,41.76,0,76.55,69.14,Intermediate
S09234,1,44.18,71.05,59.09,49.89,51.81,85.27,67.21,54.6,26.01,1,62.16,56.05,Intermediate
S09235,7,23.47,66.06,56.53,52.23,70.67,95.78,73.35,49.19,34.79,2,47.59,49.57,Intermediate
S09236,6,87.88,100.0,80.96,100.0,50.23,100,97.53,90.95,63.47,0,66.98,92.21,Advanced
S09237,3,66.51,68.9,49.52,69.38,51.08,82.72,68.77,60.82,52.89,1,84.08,63.58,Intermediate
S09238,3,38.78,44.92,22.35,61.53,81.58,95.75,56.26,36.38,14.3,1,81.51,41.9,Beginner
S09239,3,30.54,39.63,69.86,31.4,48.83,84.91,59.98,54.69,12.61,2,66.24,42.86,Beginner
S09240,6,100.0,90.89,100.0,86.15,53.94,96.44,94.97,71.03,79.24,0,86.98,94.26,Advanced
S09241,4,46.92,64.73,64.57,52.98,95.99,93.73,63.61,51.94,36.03,0,76.49,57.3,Intermediate
S09242,1,100.0,70.38,81.02,79.99,54.32,94.51,89.13,68.69,52.68,0,64.1,82.85,Advanced
S09243,3,78.85,95.0,57.33,47.11,68.8,77.23,100.0,79.36,74.39,0,76.26,69.57,Advanced
S09244,7,77.66,52.95,69.52,51.96,52.46,95.74,100.0,62.69,55.3,1,58.82,63.02,Intermediate
S09245,1,54.28,54.51,37.39,44.35,73.45,88.98,63.23,47.3,45.1,0,95.1,47.63,Intermediate
S09246,6,23.49,20.15,30.29,16.1,94.04,97.46,36.04,11.06,24.07,1,92.42,22.51,Beginner
S09247,2,53.67,64.71,50.32,39.64,84.32,76.42,66.95,64.31,28.93,2,77.25,52.09,Intermediate
S09248,6,57.67,63.43,100.0,91.72,69.18,86.34,99.05,83.0,43.07,0,83.3,78.21,Advanced
S09249,2,39.16,42.42,38.27,56.1,71.39,81.63,64.39,30.92,31.02,0,82.11,43.99,Intermediate
S09250,3,54.17,68.62,52.43,46.17,65.51,87.1,69.87,49.65,40.74,1,62.62,55.35,Intermediate
S09251,4,91.77,83.31,75.37,81.4,62.82,92.49,85.78,81.72,84.82,0,90.29,82.96,Advanced
S09252,4,49.24,30.84,72.48,49.95,101.51,89.24,52.4,30.17,35.24,1,76.31,50.63,Intermediate
S09253,3,72.27,81.39,90.73,80.01,48.46,85.15,100.0,79.06,62.75,0,77.78,81.1,Advanced
S09254,2,33.08,10.14,43.95,23.07,81.82,88.9,31.1,12.5,7.88,3,49.81,27.56,Beginner
S09255,1,53.92,43.28,78.93,53.98,81.06,76.4,64.71,33.49,47.41,0,78.29,57.53,Intermediate
S09256,6,40.61,42.81,38.52,16.8,58.5,81.11,39.36,51.65,10.24,1,85.46,34.68,Beginner
S09257,3,76.56,74.63,77.34,74.5,63.27,95.99,98.37,82.03,48.7,0,94.8,75.76,Advanced
S09258,2,12.71,22.51,34.12,28.91,100.67,85.98,26.29,29.0,0.0,1,85.49,24.56,Beginner
S09259,5,77.09,49.33,47.93,55.3,33.19,90.72,78.46,44.54,43.78,2,63.24,57.41,Beginner
S09260,3,68.05,65.94,69.76,57.98,61.02,84.68,70.13,72.78,40.9,1,100.0,65.43,Advanced
S09261,1,57.02,50.36,57.86,51.24,68.24,92.24,70.06,70.35,45.79,0,88.64,54.12,Intermediate
S09262,2,78.09,87.44,83.11,82.57,37.05,100,87.07,77.39,60.67,0,79.67,82.8,Advanced
S09263,2,37.46,53.1,39.75,66.03,76.43,92.69,81.17,54.92,26.86,0,61.09,49.09,Intermediate
S09264,3,82.69,80.82,84.64,100.0,40.94,99.83,100.0,87.76,74.06,1,91.33,87.04,Advanced
S09265,1,65.79,61.89,55.02,68.73,48.35,94.09,68.52,50.98,53.81,1,79.3,62.85,Intermediate
S09266,4,90.83,66.25,57.42,46.0,73.94,85.12,85.26,64.78,61.37,0,68.47,65.12,Advanced
S09267,3,65.87,82.86,51.91,40.0,55.99,100,76.56,62.35,42.5,2,81.02,60.16,Intermediate
S09268,6,45.7,66.06,36.3,37.02,73.99,83.79,58.98,34.96,22.75,2,71.41,46.27,Intermediate
S09269,4,55.6,68.53,87.19,48.12,49.65,84.53,87.49,80.03,51.58,0,52.78,64.86,Intermediate
S09270,7,41.0,62.32,78.04,52.33,62.32,78.88,73.7,66.01,31.01,0,70.2,58.42,Intermediate
S09271,5,77.85,58.65,80.95,78.23,50.03,79.43,95.84,73.51,72.57,0,75.59,73.92,Advanced
S09272,8,68.78,62.93,63.76,58.68,61.35,90.32,76.61,55.71,54.78,0,90.35,63.54,Intermediate
S09273,1,50.76,51.64,51.51,62.14,75.14,85.79,76.65,54.1,39.47,1,96.52,54.01,Intermediate
S09274,4,74.57,50.7,52.49,66.08,77.56,85.16,66.53,65.79,33.45,1,79.86,60.96,Intermediate
S09275,3,21.61,60.13,41.37,69.8,68.49,77.15,50.45,49.62,17.54,2,61.06,48.23,Intermediate
S09276,1,62.35,50.58,51.62,61.03,65.42,100,60.94,42.59,57.34,1,68.29,56.39,Intermediate
S09277,7,71.1,74.3,82.08,69.02,84.25,100,85.41,54.47,48.75,0,88.17,74.12,Advanced
S09278,1,32.02,44.46,16.73,41.74,71.3,82.31,46.07,46.39,11.49,2,75.67,33.74,Beginner
S09279,6,50.13,36.92,39.6,32.54,94.62,87.73,61.33,37.94,39.56,0,82.85,39.8,Intermediate
S09280,1,59.17,67.36,44.68,33.48,63.02,83.63,54.49,47.3,56.3,2,82.48,51.17,Intermediate
S09281,5,100.0,93.92,89.82,100.0,45.41,97.22,100.0,100.0,84.98,0,98.6,95.94,Advanced
S09282,1,90.73,81.45,78.27,99.38,44.54,90.51,100.0,73.3,62.0,0,87.49,87.46,Advanced
S09283,10,50.51,55.99,52.19,56.32,69.83,94.3,66.19,56.35,34.35,0,85.75,53.75,Intermediate
S09284,9,86.11,77.31,42.52,50.28,78.23,100,59.27,53.57,45.94,0,87.89,64.05,Intermediate
S09285,4,78.65,44.23,64.28,89.13,64.27,94.93,84.53,80.03,62.66,0,45.92,69.07,Advanced
S09286,6,40.93,46.81,40.41,20.88,60.72,76.02,56.11,30.99,41.97,0,85.01,37.26,Intermediate
S09287,1,70.43,57.86,52.74,71.84,69.59,97.35,73.9,46.23,53.52,0,77.55,63.22,Advanced
S09288,1,45.09,40.76,35.25,40.6,66.9,87.06,48.36,45.06,27.73,0,88.61,40.43,Beginner
S09289,3,55.02,38.99,25.02,29.88,66.1,79.54,67.66,40.51,17.59,0,72.53,37.23,Beginner
S09290,3,46.85,68.63,74.72,63.08,82.21,93.42,64.67,71.05,45.17,1,72.21,63.32,Intermediate
S09291,7,44.56,45.81,58.49,32.86,59.86,91.51,60.31,66.47,28.19,0,81.76,45.43,Intermediate
S09292,3,62.19,31.05,51.0,48.05,67.25,74.36,75.09,51.06,41.36,1,70.78,48.07,Intermediate
S09293,2,47.87,56.6,44.59,54.98,72.84,80.28,57.53,47.78,47.01,2,93.0,51.01,Intermediate
S09294,5,40.21,36.27,46.13,37.39,63.62,92.72,56.29,40.75,33.59,2,88.97,40.0,Beginner
S09295,3,54.71,50.11,37.55,70.2,80.74,85.93,74.95,41.02,34.25,1,75.37,53.14,Intermediate
S09296,12,59.03,59.14,69.49,65.41,49.97,81.21,80.12,48.38,40.69,0,96.06,63.27,Intermediate
S09297,1,64.97,49.39,64.31,73.85,30.46,95.33,81.56,76.2,81.0,0,75.6,63.13,Advanced
S09298,5,32.19,35.01,7.47,25.16,70.11,93.46,47.26,49.0,6.45,0,88.29,24.96,Beginner
S09299,5,60.78,53.62,49.49,47.14,53.83,96.99,42.05,44.55,32.45,0,81.15,52.76,Intermediate
S09300,4,52.94,72.79,71.85,91.0,78.71,90.6,76.96,73.61,39.71,0,78.37,72.14,Advanced
S09301,4,61.44,76.93,38.04,62.83,51.14,79.25,93.99,64.66,72.71,2,63.34,59.81,Intermediate
S09302,1,35.7,51.78,35.8,41.51,64.79,91.02,68.96,46.55,4.46,1,71.55,41.2,Intermediate
S09303,4,75.87,59.26,66.52,73.85,52.51,88.99,90.59,72.52,32.91,1,71.95,68.88,Advanced
S09304,3,60.81,61.83,49.16,53.83,71.66,83.02,77.04,67.22,56.0,2,99.52,56.41,Advanced
S09305,2,73.21,68.16,71.35,79.19,55.88,90.64,100.0,71.0,78.18,1,86.23,72.98,Advanced
S09306,5,63.58,54.58,51.15,58.61,60.04,93.76,70.25,48.26,62.09,1,77.55,56.98,Intermediate
S09307,5,47.05,41.29,47.41,47.74,79.19,76.56,54.16,47.29,34.27,4,92.01,45.87,Intermediate
S09308,7,77.64,76.64,69.13,61.48,58.96,98.18,77.1,73.4,53.31,1,99.56,71.23,Advanced
S09309,5,26.73,42.02,28.63,30.93,84.91,66.08,54.61,42.57,26.51,0,84.36,32.08,Beginner
S09310,1,61.95,46.95,66.52,47.36,76.44,91.92,67.86,62.59,35.12,2,60.3,55.7,Intermediate
S09311,1,73.9,48.92,56.03,78.46,56.29,81.06,92.87,82.12,49.18,0,58.94,64.33,Advanced
S09312,4,40.49,39.91,75.4,20.31,56.97,79.79,65.35,53.22,68.2,0,72.58,44.03,Intermediate
S09313,3,42.22,63.82,66.42,64.1,58.4,85.18,68.58,79.79,41.68,1,73.36,59.14,Intermediate
S09314,5,78.3,61.65,62.69,76.17,52.1,96.94,73.38,59.53,66.21,0,67.98,69.7,Advanced
S09315,2,35.86,52.91,42.26,51.84,70.85,85.83,75.57,52.82,50.22,3,71.84,45.72,Beginner
S09316,1,51.17,43.18,51.01,79.22,48.91,84.8,94.73,74.99,49.8,0,72.53,56.14,Intermediate
S09317,4,35.79,40.14,42.29,85.66,70.25,85.73,58.45,67.65,0.0,0,72.15,50.97,Intermediate
S09318,6,37.68,45.58,48.57,47.79,64.86,82.81,75.74,37.59,8.4,0,82.67,44.9,Intermediate
S09319,5,90.28,89.51,98.72,78.15,54.74,89.41,79.84,76.21,69.48,1,88.56,89.17,Advanced
S09320,5,75.43,75.33,46.21,47.85,57.66,99.61,62.7,53.67,49.52,1,100.0,61.2,Advanced
S09321,3,35.51,48.03,32.43,24.56,65.79,86.11,72.75,45.79,26.63,2,92.22,35.13,Intermediate
S09322,1,79.03,52.24,63.18,90.39,47.04,90.03,100.0,92.04,49.05,0,56.13,71.21,Advanced
S09323,3,60.65,33.49,45.16,61.03,71.88,82.14,62.47,37.16,30.58,1,67.65,50.08,Intermediate
S09324,5,47.23,97.42,80.83,83.04,60.4,96.0,89.81,70.97,48.81,0,32.91,77.13,Advanced
S09325,8,49.59,53.29,37.94,42.38,80.17,88.26,63.29,54.75,46.22,0,84.67,45.8,Intermediate
S09326,4,6.77,35.51,41.63,21.79,99.91,90.87,29.84,26.44,11.37,0,57.7,26.42,Beginner
S09327,5,49.57,69.18,63.71,47.05,61.8,80.99,62.96,66.63,42.62,0,75.17,57.38,Intermediate
S09328,3,64.16,82.08,52.15,69.04,57.88,90.42,96.96,43.93,54.73,0,71.08,66.86,Intermediate
S09329,8,93.12,81.02,92.45,97.33,34.09,100,100.0,100.0,93.39,0,84.0,90.98,Advanced
S09330,1,30.36,46.68,42.99,57.05,83.78,84.24,43.07,40.37,21.47,0,69.77,44.27,Intermediate
S09331,1,74.79,88.29,91.23,60.17,55.88,79.09,96.57,88.1,65.96,0,79.35,78.62,Advanced
S09332,1,52.72,41.86,53.59,48.6,61.21,87.64,73.48,44.39,32.2,0,76.77,49.19,Intermediate
S09333,4,33.16,41.32,44.56,52.5,54.79,86.24,48.74,39.17,30.04,1,80.6,42.89,Beginner
S09334,6,89.09,99.62,94.37,90.75,35.16,100,100.0,81.27,77.14,0,88.18,93.46,Advanced
S09335,4,70.54,78.58,83.3,61.74,61.75,81.7,85.29,67.09,56.7,0,81.99,73.54,Advanced
S09336,3,51.2,76.12,66.08,64.37,69.12,91.86,78.75,48.1,33.21,1,77.75,64.44,Intermediate
S09337,5,27.5,19.0,16.56,25.63,63.57,74.68,53.0,29.32,1.11,1,90.62,22.17,Beginner
S09338,1,66.74,94.83,62.84,45.19,75.3,93.79,69.22,59.87,37.19,0,63.63,67.4,Advanced
S09339,4,65.67,59.99,52.01,62.7,66.08,98.36,61.32,51.56,50.17,0,75.28,60.09,Intermediate
S09340,5,43.13,88.02,52.44,73.13,56.4,92.05,91.15,56.81,42.03,1,45.47,64.18,Intermediate
S09341,5,58.69,56.54,57.56,58.16,65.15,76.55,80.92,82.77,57.65,0,96.9,57.74,Advanced
S09342,1,77.8,73.91,56.89,70.68,60.58,99.23,69.97,71.45,31.62,0,80.63,69.82,Advanced
S09343,3,63.48,63.41,44.77,51.97,62.41,98.92,66.09,53.8,28.85,1,92.94,55.91,Intermediate
S09344,6,77.21,79.41,73.06,73.83,48.41,90.24,87.28,94.96,54.94,0,91.13,75.88,Advanced
S09345,7,55.34,71.88,65.53,81.34,40.01,89.73,73.73,83.12,34.76,1,62.18,68.52,Advanced
S09346,5,41.54,57.55,27.81,60.77,80.28,83.43,61.21,34.66,36.39,2,70.39,46.92,Intermediate
S09347,2,76.18,85.95,69.12,87.32,56.9,88.13,100.0,79.78,62.21,0,77.82,79.64,Advanced
S09348,5,38.39,39.72,19.6,30.03,84.69,94.39,49.53,43.77,25.52,0,83.64,31.93,Beginner
S09349,3,55.46,40.03,57.99,48.31,74.75,79.22,78.69,46.08,45.7,0,63.14,50.44,Intermediate
S09350,5,48.18,68.27,39.8,51.0,66.65,93.52,70.01,63.47,29.92,0,61.49,51.81,Intermediate
S09351,3,18.02,27.59,13.82,18.66,74.59,88.71,47.63,38.37,7.66,0,87.73,19.52,Beginner
S09352,4,35.19,36.31,44.13,37.21,60.9,76.05,49.7,30.89,17.32,2,92.95,38.21,Intermediate
S09353,6,42.88,38.88,36.93,30.85,76.35,76.15,35.03,44.9,14.25,1,88.8,37.39,Beginner
S09354,2,55.32,42.76,57.55,26.47,61.69,100,47.53,41.7,32.23,0,67.16,45.53,Beginner
S09355,3,41.75,49.46,41.66,47.3,93.53,81.05,55.57,27.04,9.24,1,76.29,45.04,Intermediate
S09356,9,38.88,52.99,52.08,46.63,73.7,87.45,54.51,52.23,30.63,0,89.53,47.64,Intermediate
S09357,1,43.35,23.0,25.9,5.72,77.38,89.57,48.96,49.87,25.37,2,67.28,24.49,Beginner
S09358,2,70.69,84.17,68.44,62.95,52.42,91.84,74.06,82.98,44.48,0,86.36,71.56,Advanced
S09359,1,60.33,52.99,61.29,55.66,88.24,82.72,65.72,51.0,25.15,0,72.97,57.57,Intermediate
S09360,11,73.04,76.2,78.72,84.65,37.25,91.73,100.0,78.46,61.87,0,92.45,78.15,Advanced
S09361,1,52.59,63.3,76.09,55.21,55.14,86.9,76.29,56.3,26.81,0,81.37,61.8,Intermediate
S09362,6,62.74,61.07,58.77,61.19,47.12,83.01,85.87,47.93,48.49,0,98.17,60.94,Advanced
S09363,1,77.39,68.17,79.61,83.01,73.2,91.83,83.51,82.61,48.39,0,91.25,77.04,Advanced
S09364,5,55.25,45.34,61.02,43.19,51.63,86.95,85.74,47.54,63.69,0,86.39,51.2,Intermediate
S09365,6,61.69,77.17,65.28,52.0,58.6,96.19,83.47,51.43,39.07,0,77.46,64.04,Intermediate
S09366,4,72.47,89.32,78.37,86.18,27.34,100,98.71,84.81,63.43,0,77.53,81.58,Advanced
S09367,5,100.0,100.0,100.0,99.47,39.88,100,100.0,85.28,84.38,0,92.92,99.87,Advanced
S09368,1,34.88,22.26,42.02,33.44,53.53,80.81,51.12,48.92,24.57,2,72.19,33.15,Beginner
S09369,1,65.29,54.65,62.92,70.75,55.59,90.89,100.0,64.76,36.59,0,75.09,63.4,Advanced
S09370,4,53.09,45.18,50.86,43.95,71.32,79.49,61.35,47.7,34.28,2,82.41,48.27,Intermediate
S09371,5,50.54,53.23,40.76,63.71,45.93,74.59,100.0,63.81,61.89,1,77.29,52.06,Intermediate
S09372,5,89.61,77.12,79.12,93.31,55.61,92.3,97.19,79.18,65.11,0,81.0,84.79,Advanced
S09373,5,64.41,91.81,79.2,54.73,45.2,89.42,83.71,82.92,46.24,0,68.67,72.54,Advanced
S09374,10,55.06,72.03,60.51,75.33,68.37,80.4,82.99,34.84,30.65,0,84.32,65.73,Advanced
S09375,1,74.53,53.25,68.41,39.35,81.53,84.85,72.08,59.37,30.01,0,63.66,58.88,Intermediate
S09376,1,75.3,89.13,59.62,50.19,55.81,85.01,99.43,66.15,41.63,0,93.9,68.56,Advanced
S09377,9,14.99,42.31,47.32,42.66,82.11,88.89,45.97,31.42,25.58,2,61.66,36.82,Beginner
S09378,2,67.78,64.54,69.19,64.4,61.24,88.41,75.1,70.05,37.99,0,92.29,66.48,Advanced
S09379,4,65.08,53.69,55.55,52.15,66.48,100,55.56,54.11,47.28,1,88.25,56.62,Advanced
S09380,1,88.33,76.86,73.59,75.73,40.59,80.66,97.82,89.82,64.93,0,89.66,78.63,Advanced
S09381,5,88.33,86.83,71.12,83.35,39.82,94.33,93.14,68.6,60.78,0,89.6,82.41,Advanced
S09382,1,31.5,29.39,31.44,58.69,87.13,78.56,45.92,25.54,11.1,3,76.73,37.76,Beginner
S09383,7,39.66,30.63,47.92,26.85,57.08,75.96,53.52,19.61,37.96,2,75.36,36.27,Beginner
S09384,4,57.91,33.25,41.69,57.41,98.5,84.79,64.32,45.94,28.04,0,64.45,47.57,Beginner
S09385,4,25.99,30.92,52.68,61.85,83.91,77.24,50.17,46.58,43.44,1,96.03,42.86,Beginner
S09386,5,49.93,31.94,49.9,26.72,115.39,89.86,46.86,11.42,22.36,2,72.62,39.62,Beginner
S09387,4,79.97,100.0,88.44,90.83,52.72,85.54,100.0,69.68,61.6,0,80.99,89.81,Advanced
S09388,4,71.14,97.32,66.48,69.41,62.07,96.57,94.54,89.89,58.84,0,70.75,76.09,Advanced
S09389,6,56.32,79.38,54.22,64.26,81.39,83.93,66.79,83.81,48.89,0,72.88,63.55,Advanced
S09390,1,29.13,14.63,9.06,13.26,87.17,70.29,38.89,20.31,8.48,3,86.46,16.52,Beginner
S09391,5,74.25,76.94,47.62,67.71,73.35,80.84,67.45,57.39,43.48,1,91.38,66.63,Intermediate
S09392,3,24.13,27.54,0.0,19.4,83.27,80.46,45.1,34.09,12.91,1,91.75,17.77,Beginner
S09393,3,74.29,66.29,68.6,45.12,46.62,78.33,40.97,52.49,43.34,1,68.52,63.58,Intermediate
S09394,5,98.94,84.71,79.48,79.84,47.78,90.1,91.09,51.34,36.16,0,81.97,85.74,Advanced
S09395,7,48.08,37.72,47.92,51.79,75.19,86.78,60.59,45.91,38.55,1,86.83,46.38,Intermediate
S09396,7,77.46,87.27,62.39,100.0,30.13,96.16,96.84,80.41,43.7,0,70.37,81.78,Advanced
S09397,7,70.28,86.05,87.72,61.65,51.62,100,95.86,85.33,57.73,0,71.93,76.42,Advanced
S09398,3,52.02,28.96,34.33,59.25,60.89,87.04,38.83,30.14,21.3,0,54.5,43.64,Beginner
S09399,6,55.38,62.77,44.21,46.52,63.29,79.99,74.28,35.73,27.35,1,95.92,52.22,Intermediate
S09400,8,87.59,87.61,76.33,80.54,29.38,86.87,81.2,82.32,67.98,0,100.0,83.02,Advanced
S09401,2,56.13,79.63,50.9,56.54,68.7,71.53,56.37,53.05,44.16,1,68.67,60.8,Intermediate
S09402,10,65.41,72.14,67.79,58.94,61.12,91.62,81.58,70.18,55.12,0,88.74,66.07,Advanced
S09403,6,23.1,28.9,28.66,40.22,74.76,77.83,39.56,29.63,26.11,1,89.92,30.22,Beginner
S09404,5,46.06,69.63,62.48,59.26,53.79,94.12,91.21,69.71,55.25,1,79.03,59.36,Advanced
S09405,1,64.62,89.99,72.99,75.52,48.45,91.64,89.83,74.69,48.89,0,69.59,75.78,Advanced
S09406,5,59.85,68.38,57.82,62.06,46.38,93.52,75.06,55.19,59.28,0,87.91,62.03,Intermediate
S09407,4,58.36,59.14,36.35,39.21,83.37,78.41,66.76,45.38,25.61,0,100.0,48.27,Intermediate
S09408,3,50.38,47.59,53.07,48.21,77.32,81.15,68.88,45.68,39.76,0,100.0,49.81,Intermediate
S09409,3,51.51,52.42,39.4,89.71,58.14,81.94,44.96,24.42,45.23,0,75.07,58.26,Beginner
S09410,6,28.03,50.05,37.19,34.41,78.07,78.05,40.48,7.23,17.94,0,87.57,37.42,Beginner
S09411,6,37.47,46.37,59.28,34.44,89.82,89.07,72.61,50.89,31.59,0,86.4,44.39,Intermediate
S09412,3,17.09,55.52,63.04,64.12,50.74,73.41,50.68,42.26,35.52,1,74.09,49.94,Advanced
S09413,1,46.78,60.93,46.84,24.64,84.09,72.46,68.52,49.96,18.91,0,63.0,44.8,Beginner
S09414,9,71.64,65.67,44.77,58.93,51.53,87.81,87.67,68.4,54.2,0,81.85,60.25,Advanced
S09415,2,37.61,23.25,40.19,37.99,73.84,81.04,33.8,20.43,28.16,2,86.09,34.76,Beginner
S09416,4,93.06,83.23,77.19,96.41,33.16,100,90.73,92.74,77.37,0,81.56,87.47,Advanced
S09417,5,59.79,41.78,43.47,57.85,59.43,78.4,57.22,51.55,18.82,1,83.45,50.72,Intermediate
S09418,3,68.21,59.15,71.41,54.35,59.58,95.63,85.61,49.86,48.01,0,86.88,63.28,Advanced
S09419,7,46.35,54.64,70.51,66.19,66.03,99.24,63.75,52.98,29.04,2,92.44,59.42,Intermediate
S09420,4,59.75,36.46,66.91,60.11,87.46,74.53,62.47,39.1,23.9,0,58.23,55.81,Intermediate
S09421,7,37.45,45.52,46.36,50.02,69.43,82.19,56.37,34.36,22.55,0,87.38,44.84,Intermediate
S09422,5,93.66,96.92,92.84,86.61,40.41,81.11,100.0,100.0,92.62,0,94.57,92.51,Advanced
S09423,1,49.72,38.28,39.83,52.88,72.81,69.04,54.91,45.49,29.1,0,75.68,45.18,Intermediate
S09424,4,36.94,37.54,57.74,30.85,69.82,95.56,62.58,58.87,24.61,0,77.68,40.77,Beginner
S09425,6,63.03,77.25,79.52,95.12,53.21,79.8,100.0,74.97,54.62,0,91.47,78.73,Advanced
S09426,3,50.25,66.94,34.06,32.2,69.32,79.9,56.32,47.55,15.55,2,78.23,45.86,Intermediate
S09427,5,66.66,59.05,48.58,61.32,69.38,86.11,54.89,59.37,44.89,0,80.76,58.9,Intermediate
S09428,3,53.44,38.75,46.63,60.72,59.36,81.04,47.06,51.66,23.97,0,77.55,49.89,Intermediate
S09429,4,82.59,65.56,75.38,61.54,43.59,100,100.0,88.16,52.88,0,67.87,71.27,Advanced
S09430,2,18.53,38.08,32.83,28.11,84.98,69.57,54.96,49.95,15.13,0,85.04,29.39,Beginner
S09431,3,72.83,64.02,69.3,51.78,60.26,79.62,66.83,69.27,29.59,0,85.91,64.48,Intermediate
S09432,1,70.73,75.28,79.98,50.64,66.27,91.36,76.39,58.27,67.21,0,84.32,69.16,Advanced
S09433,6,88.69,88.11,82.21,100.0,32.31,90.32,86.65,92.69,73.93,0,81.59,89.75,Advanced
S09434,6,80.81,100.0,95.29,98.12,66.91,100,100.0,95.89,74.7,0,91.16,93.55,Advanced
S09435,1,70.28,58.98,59.19,52.95,55.28,95.12,64.88,66.94,41.77,0,89.4,60.35,Intermediate
S09436,6,64.12,75.98,100.0,53.01,30.7,74.79,84.78,58.63,37.89,1,62.22,73.28,Intermediate
S09437,2,68.3,53.41,74.68,67.24,54.05,87.38,80.65,78.97,59.75,0,82.33,65.91,Advanced
S09438,1,90.56,74.21,75.52,63.75,35.56,100,90.5,75.08,64.79,0,73.87,76.01,Advanced
S09439,4,86.56,75.16,64.74,71.79,54.99,100,95.05,78.88,45.03,0,92.68,74.56,Advanced
S09440,1,86.69,74.64,62.47,76.83,80.58,87.76,72.53,55.89,45.16,0,85.53,75.16,Advanced
S09441,10,72.1,89.41,87.69,95.76,55.23,100,100.0,61.4,56.45,1,83.11,86.24,Advanced
S09442,3,35.64,61.76,37.81,49.11,47.8,79.53,62.12,36.26,41.45,0,64.29,46.08,Intermediate
S09443,1,93.29,88.92,85.52,71.48,71.04,95.03,74.92,78.38,62.84,0,83.35,84.8,Advanced
S09444,3,22.02,30.71,45.66,51.2,85.55,92.25,43.03,53.76,22.34,3,95.61,37.4,Beginner
S09445,5,29.26,47.49,50.54,51.42,60.58,90.57,67.64,42.4,45.76,0,83.41,44.68,Beginner
S09446,7,59.5,60.79,36.09,37.62,67.61,85.8,69.2,60.96,43.17,1,100.0,48.5,Beginner
S09447,1,57.33,65.47,65.92,44.52,73.21,85.87,57.25,57.94,47.94,0,58.62,58.31,Intermediate
S09448,1,57.56,60.11,91.28,76.51,64.47,78.32,89.55,54.07,43.83,0,84.02,71.36,Intermediate
S09449,1,29.7,32.54,47.89,62.78,62.02,97.53,45.53,19.77,41.55,1,91.9,43.23,Beginner
S09450,3,37.48,43.48,37.06,40.12,42.81,85.41,62.42,69.37,39.07,0,94.97,39.53,Beginner
S09451,3,52.51,66.09,30.14,78.84,77.72,83.69,75.95,66.56,51.44,0,54.13,56.9,Intermediate
S09452,6,87.43,68.88,68.14,75.13,44.3,91.26,97.77,88.45,54.44,1,79.71,74.89,Advanced
S09453,4,70.76,57.74,71.04,63.7,69.27,86.34,100.0,81.63,40.65,0,95.43,65.81,Advanced
S09454,2,20.75,33.28,19.16,46.25,74.81,77.68,49.29,15.26,26.68,1,64.85,29.86,Beginner
S09455,2,36.52,44.78,71.31,52.9,65.43,92.64,47.89,31.47,31.87,1,77.87,51.38,Intermediate
S09456,2,44.66,38.85,64.6,53.28,64.05,89.99,65.15,57.33,43.22,0,89.49,50.35,Intermediate
S09457,2,64.35,62.66,65.04,85.19,69.69,81.28,67.98,55.7,71.03,0,84.36,69.31,Advanced
S09458,4,54.66,46.16,48.24,69.94,46.73,84.99,55.86,46.47,29.43,1,91.79,54.75,Intermediate
S09459,11,47.56,59.96,74.89,54.65,45.22,89.85,68.78,77.51,35.44,0,72.01,59.27,Intermediate
S09460,1,82.89,82.16,62.58,75.0,46.38,87.24,89.91,100.0,51.58,0,82.31,75.66,Advanced
S09461,5,78.85,68.18,62.16,61.85,48.78,81.9,84.57,57.98,43.82,0,97.23,67.76,Advanced
S09462,1,67.05,66.43,68.63,50.58,81.18,87.3,80.46,44.33,38.55,0,92.48,63.17,Advanced
S09463,6,34.87,53.42,29.39,49.21,59.67,88.24,65.58,51.6,47.83,0,79.98,41.72,Intermediate
S09464,1,44.87,55.85,19.37,37.44,88.19,82.03,50.74,56.89,32.96,1,74.64,39.38,Intermediate
S09465,7,39.54,37.86,54.56,44.06,70.92,85.43,66.22,53.18,41.58,0,100.0,44.01,Intermediate
S09466,1,23.93,28.42,28.44,41.02,82.27,81.34,47.31,63.39,17.77,2,87.44,30.45,Beginner
S09467,4,66.67,39.21,65.46,62.69,60.46,70.67,60.26,57.61,54.4,0,74.15,58.51,Intermediate
S09468,7,83.67,87.54,52.66,82.98,54.39,97.53,90.81,65.42,54.5,0,89.15,76.71,Advanced
S09469,7,50.04,51.99,53.94,40.99,76.76,95.83,62.72,45.77,40.18,0,99.42,49.24,Intermediate
S09470,6,94.99,77.43,81.77,80.69,45.02,100,86.06,90.62,75.99,0,78.76,83.72,Advanced
S09471,2,41.16,30.48,48.42,55.79,66.32,93.06,50.88,58.05,18.37,2,87.97,43.96,Intermediate
S09472,3,73.86,70.4,73.62,81.71,62.37,87.82,76.93,61.17,50.82,0,93.27,74.9,Advanced
S09473,7,67.84,69.22,62.04,56.82,64.94,94.04,84.41,57.57,83.15,1,98.44,63.98,Advanced
S09474,4,76.57,66.41,74.5,54.74,63.0,75.38,92.24,86.33,69.36,0,70.25,68.06,Advanced
S09475,5,51.62,40.0,38.77,24.41,114.39,76.95,46.18,53.43,35.43,1,84.52,38.7,Beginner
S09476,1,42.21,37.32,29.75,47.23,78.3,68.17,44.29,26.95,0.0,3,80.77,39.13,Beginner
S09477,7,37.64,50.79,58.01,35.83,68.33,79.82,58.11,52.42,44.36,2,69.48,45.57,Intermediate
S09478,5,27.55,10.46,26.54,34.22,71.33,78.49,36.34,19.09,21.32,2,82.49,24.69,Beginner
S09479,9,80.35,69.65,97.35,94.5,21.52,88.06,100.0,83.75,62.96,1,82.83,85.46,Advanced
S09480,2,51.44,50.95,40.07,44.43,65.67,82.98,72.13,49.46,25.24,0,92.59,46.72,Intermediate
S09481,2,91.83,72.59,100.0,56.46,51.24,82.6,75.55,62.21,37.69,0,64.27,80.22,Advanced
S09482,8,37.18,39.34,27.71,25.31,75.27,71.71,82.47,50.42,41.81,2,100.0,32.39,Beginner
S09483,1,72.7,81.81,53.14,76.27,82.21,93.47,100.0,85.91,48.17,2,77.47,70.98,Advanced
S09484,7,87.19,86.29,79.84,77.97,52.1,100,100.0,75.03,86.62,0,95.68,82.82,Advanced
S09485,3,21.19,32.87,35.97,32.74,74.13,90.63,46.87,41.19,25.86,1,65.93,30.69,Beginner
S09486,2,47.41,46.39,57.59,51.72,81.41,68.45,41.38,34.72,27.74,2,88.07,50.78,Beginner
S09487,1,57.67,64.41,38.46,52.28,57.27,79.2,55.01,56.32,36.92,2,95.04,53.2,Intermediate
S09488,1,60.4,35.03,51.5,52.17,84.15,96.37,56.01,55.6,22.0,1,68.72,49.77,Beginner
S09489,5,53.46,53.09,51.83,42.74,52.26,78.99,77.07,56.75,19.92,0,91.41,50.28,Intermediate
S09490,7,53.26,52.86,32.82,49.25,59.78,83.83,62.66,39.32,39.88,2,100.0,47.05,Intermediate
S09491,9,73.53,48.2,62.55,34.68,77.43,79.35,64.95,41.48,43.78,0,61.58,54.74,Intermediate
S09492,1,96.51,83.4,83.12,83.47,55.34,92.27,100.0,100.0,81.83,1,92.32,86.62,Advanced
S09493,3,53.51,62.62,64.97,65.21,49.37,85.23,63.42,65.76,34.37,2,78.45,61.58,Intermediate
S09494,3,45.0,36.17,54.96,49.18,63.57,74.36,63.6,41.07,29.35,1,99.17,46.33,Intermediate
S09495,6,82.25,76.9,71.61,78.31,50.25,93.08,78.75,80.77,64.88,1,88.75,77.27,Advanced
S09496,4,58.97,51.59,36.73,18.88,80.08,80.23,42.86,40.67,25.3,0,72.64,41.54,Beginner
S09497,4,63.41,46.68,51.44,47.39,63.96,78.03,73.92,64.84,27.46,0,88.16,52.23,Intermediate
S09498,1,47.25,57.33,49.76,52.65,71.44,80.94,77.03,47.44,45.06,1,82.06,51.75,Intermediate
S09499,2,79.4,73.13,85.48,89.2,50.1,92.89,100.0,84.77,72.03,0,98.12,81.8,Advanced
S09500,3,100.0,60.67,100.0,83.56,29.38,93.21,100.0,84.23,74.0,0,47.21,86.06,Advanced
S09501,11,100.0,96.93,92.93,88.85,29.75,88.75,100.0,100.0,80.94,0,98.52,94.68,Advanced
S09502,4,47.3,29.68,22.4,42.92,88.39,80.83,43.28,41.18,25.63,2,73.43,35.58,Beginner
S09503,1,32.64,47.9,54.3,41.89,68.09,87.78,61.76,43.75,29.43,1,72.43,44.18,Intermediate
S09504,1,43.01,31.53,14.01,40.01,80.07,83.51,33.08,27.8,10.07,1,61.33,32.14,Beginner
S09505,4,11.25,22.22,4.3,25.04,89.01,90.78,32.54,33.15,2.11,2,73.37,15.7,Beginner
S09506,2,16.54,31.93,34.24,10.11,91.42,83.5,41.8,19.91,0.0,2,79.07,23.2,Beginner
S09507,2,54.08,38.38,39.43,39.42,56.5,91.78,61.98,49.69,10.11,1,77.71,42.83,Beginner
S09508,3,100.0,91.63,71.95,100.0,40.77,100,100.0,100.0,76.6,0,77.09,90.9,Advanced
S09509,3,36.97,24.67,27.9,26.06,75.85,89.21,22.81,11.26,23.44,1,77.12,28.9,Beginner
S09510,3,49.87,51.51,29.5,65.97,72.45,84.74,55.44,68.79,29.36,1,73.01,49.21,Intermediate
S09511,4,81.02,72.71,70.37,66.66,59.71,100,99.59,78.29,43.66,0,75.17,72.69,Advanced
S09512,2,45.94,45.87,72.61,46.2,63.32,87.26,66.73,47.48,21.36,0,81.42,52.65,Intermediate
S09513,1,40.36,41.84,42.89,47.77,52.77,74.65,54.75,47.07,33.51,3,97.28,43.22,Beginner
S09514,3,53.99,73.51,50.48,48.33,57.17,82.7,70.14,46.75,59.68,1,71.2,56.58,Intermediate
S09515,6,52.04,68.31,37.26,39.84,68.99,86.87,52.0,58.08,42.73,0,74.14,49.36,Intermediate
S09516,6,58.11,20.8,44.78,66.44,54.07,81.72,59.86,43.68,39.21,1,51.75,47.53,Beginner
S09517,1,81.48,56.84,79.29,69.54,35.22,87.88,84.22,61.14,61.38,0,57.25,71.79,Intermediate
S09518,4,55.6,43.38,46.65,58.07,83.23,82.85,56.87,38.35,3.09,0,72.55,50.93,Intermediate
S09519,4,93.55,88.13,100.0,87.03,27.04,92.47,100.0,93.31,78.58,1,77.1,92.18,Advanced
S09520,3,80.16,87.74,51.54,86.29,51.5,80.67,72.1,66.64,62.36,0,73.28,76.43,Advanced
S09521,6,35.04,26.08,36.28,7.21,64.46,86.85,46.64,55.38,2.47,2,70.97,26.15,Beginner
S09522,2,73.18,39.05,81.38,59.17,76.25,79.86,79.6,70.65,73.95,0,58.47,63.19,Advanced
S09523,1,62.1,66.88,71.81,80.34,66.11,82.91,87.74,68.18,42.56,0,84.12,70.28,Intermediate
S09524,4,31.44,39.12,34.5,67.14,62.86,76.08,63.83,50.57,14.78,0,72.47,43.05,Intermediate
S09525,5,39.51,38.84,48.07,55.03,72.29,88.22,60.03,34.37,22.98,0,98.21,45.36,Intermediate
S09526,2,61.24,60.28,61.52,91.74,43.76,86.48,97.56,46.72,70.77,0,76.0,68.7,Advanced
S09527,5,30.95,25.73,55.04,43.53,59.73,79.44,54.74,36.56,25.64,0,92.97,38.81,Beginner
S09528,10,64.48,77.37,48.89,65.04,61.84,100,70.95,73.67,43.38,0,71.62,63.94,Advanced
S09529,10,38.58,36.18,51.28,15.08,58.98,85.95,68.57,48.67,47.06,0,70.29,35.28,Beginner
S09530,5,44.04,57.64,54.18,25.24,53.47,79.08,66.16,46.22,26.72,1,65.45,45.27,Intermediate
S09531,3,32.97,21.34,4.2,26.07,77.12,87.81,35.1,21.04,0.0,3,76.65,21.15,Beginner
S09532,3,68.51,41.64,75.82,55.55,51.92,98.29,76.71,48.1,57.12,0,58.36,60.38,Advanced
S09533,5,78.61,79.56,100.0,89.15,63.26,95.59,94.21,77.87,54.26,0,93.81,86.83,Advanced
S09534,6,89.0,70.48,52.99,84.12,34.14,84.74,82.54,74.22,63.26,0,63.42,74.15,Advanced
S09535,7,62.58,51.66,25.09,70.74,62.34,91.54,68.97,37.88,53.23,0,65.88,52.52,Intermediate
S09536,6,45.45,72.89,42.91,79.08,70.75,87.09,79.16,63.84,44.63,0,47.88,60.08,Intermediate
S09537,7,56.78,32.69,39.08,62.33,74.0,82.93,66.76,68.26,20.92,1,56.41,47.72,Intermediate
S09538,3,61.94,73.26,79.67,71.23,50.17,80.26,88.12,87.41,36.51,1,76.19,71.53,Advanced
S09539,4,42.02,65.0,38.07,47.88,58.12,82.83,71.62,45.04,29.7,0,79.69,48.24,Beginner
S09540,6,72.39,54.25,41.04,45.78,75.0,97.74,74.51,43.17,41.56,2,66.08,53.37,Intermediate
S09541,6,48.66,70.39,96.2,82.18,55.52,85.85,80.3,69.23,57.34,0,69.04,74.36,Advanced
S09542,3,15.99,29.2,32.41,24.7,89.1,66.22,38.89,33.35,28.23,1,84.06,25.58,Beginner
S09543,4,64.94,64.33,58.91,63.52,84.64,82.13,80.45,83.76,53.3,2,100.0,62.93,Advanced
S09544,3,54.89,53.39,49.86,66.67,55.83,77.97,80.65,56.1,42.39,0,100.0,56.2,Intermediate
S09545,6,43.58,58.17,36.15,78.12,62.92,78.68,59.02,54.37,25.82,0,55.52,54.01,Intermediate
S09546,2,14.03,22.31,28.85,6.57,75.52,85.61,34.15,15.25,5.26,3,77.59,17.94,Beginner
S09547,8,45.58,73.93,48.13,38.09,78.29,88.85,76.27,61.45,21.43,2,62.98,51.43,Intermediate
S09548,5,92.3,64.96,92.05,83.28,55.91,90.32,100.0,78.05,91.55,0,68.56,83.15,Advanced
S09549,1,52.55,45.1,70.53,71.13,42.83,86.86,68.15,57.68,53.41,1,92.26,59.83,Advanced
S09550,1,80.56,65.77,85.27,70.14,47.03,95.66,90.15,55.18,55.64,0,72.14,75.44,Advanced
S09551,7,46.87,53.23,50.86,62.55,74.0,84.84,53.64,45.86,37.16,2,86.29,53.38,Intermediate
S09552,8,96.05,95.09,82.4,95.86,46.38,98.22,95.16,88.43,81.69,0,90.01,92.35,Advanced
S09553,4,69.87,89.47,91.26,56.32,65.25,77.06,91.51,97.26,75.52,0,52.1,76.73,Advanced
S09554,8,20.65,35.44,46.97,40.96,78.53,78.81,36.11,38.06,9.54,0,81.0,36.0,Intermediate
S09555,7,50.47,23.84,26.17,44.72,76.31,92.19,75.81,50.49,35.57,0,61.0,36.3,Beginner
S09556,1,56.49,88.3,57.13,58.53,59.48,79.88,68.69,49.22,33.25,0,65.47,65.11,Intermediate
S09557,3,82.34,74.37,84.03,80.75,37.37,78.66,96.06,69.79,41.79,0,83.31,80.37,Advanced
S09558,3,64.61,81.22,71.15,73.78,60.61,92.96,83.58,77.57,42.28,0,80.8,72.69,Intermediate
S09559,4,47.31,62.94,65.9,67.66,70.31,80.35,70.06,47.85,38.08,1,76.0,60.95,Intermediate
S09560,5,83.41,73.67,54.53,81.07,76.82,85.03,72.57,48.02,42.85,0,85.15,73.17,Advanced
S09561,9,44.61,52.09,35.29,36.34,76.05,81.16,51.87,61.25,26.59,1,97.9,42.08,Beginner
S09562,4,48.78,34.5,48.53,31.65,66.5,91.83,53.71,25.59,24.6,3,87.39,40.86,Intermediate
S09563,3,51.99,61.28,65.75,57.37,56.88,76.97,72.24,39.25,39.75,0,80.14,59.1,Intermediate
S09564,3,71.03,58.64,43.71,42.47,62.44,79.74,67.5,68.47,34.75,0,100.0,53.96,Advanced
S09565,5,74.07,99.02,82.14,68.09,52.15,94.56,86.85,75.51,53.07,0,72.35,80.83,Advanced
S09566,7,64.69,72.98,51.32,63.66,55.07,84.18,76.68,62.02,30.07,1,73.0,63.16,Intermediate
S09567,2,23.56,21.63,32.61,28.04,69.02,72.26,51.58,49.5,9.06,4,92.99,26.46,Beginner
S09568,1,60.31,64.39,43.13,73.32,50.84,75.23,78.14,60.08,47.68,0,83.08,60.29,Intermediate
S09569,7,67.49,64.18,54.2,77.64,52.16,83.82,52.92,64.14,38.68,0,79.62,65.88,Intermediate
S09570,5,78.85,71.18,82.71,71.58,57.39,98.12,78.47,71.57,56.96,0,100.0,76.08,Advanced
S09571,11,49.11,53.84,33.79,40.98,74.81,86.65,56.94,54.89,10.45,1,97.42,44.43,Intermediate
S09572,1,53.84,57.23,53.43,66.65,63.09,87.37,61.67,57.67,37.27,0,91.52,57.79,Intermediate
S09573,8,49.95,22.24,22.78,53.62,77.52,85.0,53.54,64.81,35.86,0,44.11,37.15,Beginner
S09574,3,59.42,67.83,45.84,53.96,75.08,100,77.89,64.74,69.68,2,84.69,56.76,Intermediate
S09575,5,53.55,69.15,43.01,52.22,54.27,82.29,61.1,54.35,43.18,0,71.74,54.48,Intermediate
S09576,9,43.81,29.91,59.44,57.71,45.21,73.69,61.86,61.75,34.94,0,96.45,47.72,Intermediate
S09577,6,70.37,43.27,50.5,58.52,68.82,65.33,60.65,40.53,13.98,1,79.75,55.66,Beginner
S09578,4,71.89,70.71,64.2,71.04,58.01,100,91.39,67.69,56.51,0,98.24,69.46,Advanced
S09579,1,69.65,63.27,79.28,64.33,32.55,92.35,91.44,79.03,68.08,1,83.66,69.13,Advanced
S09580,8,94.73,77.44,78.25,82.38,52.56,100,100.0,85.46,71.57,0,87.57,83.2,Advanced
S09581,4,39.83,48.8,55.26,72.54,81.27,79.05,67.85,47.21,28.69,2,69.45,54.11,Beginner
S09582,5,49.01,71.33,45.94,53.67,77.71,82.25,74.56,33.34,29.4,0,58.32,54.99,Beginner
S09583,1,44.55,42.95,78.74,44.89,54.74,83.05,64.81,58.93,45.8,2,80.11,52.78,Intermediate
S09584,2,96.89,100.0,83.73,98.12,42.6,92.25,100.0,100.0,74.22,1,82.27,94.69,Advanced
S09585,1,96.78,85.01,100.0,64.07,46.02,91.96,100.0,87.36,61.7,0,71.96,86.47,Advanced
S09586,1,78.5,82.14,66.49,90.93,80.09,74.82,77.91,66.2,47.03,0,75.52,79.51,Advanced
S09587,3,85.38,73.13,50.2,89.99,58.62,79.79,86.12,73.95,54.6,0,57.1,74.67,Advanced
S09588,5,70.82,64.47,63.04,76.6,58.25,99.06,83.17,71.25,45.68,0,84.42,68.73,Advanced
S09589,6,89.39,92.69,74.59,86.47,66.38,99.97,97.83,100.0,72.25,0,92.39,85.78,Advanced
S09590,8,38.85,38.2,56.33,55.08,54.11,69.04,68.79,46.54,48.04,2,98.41,47.12,Intermediate
S09591,1,67.28,75.26,74.19,68.95,43.34,89.84,89.68,82.88,42.93,0,91.55,71.42,Advanced
S09592,3,86.33,66.08,73.18,53.74,56.42,96.26,96.77,75.87,68.02,0,75.81,69.83,Advanced
S09593,9,85.18,83.19,100.0,85.7,46.98,91.38,99.05,100.0,75.32,0,85.69,88.52,Advanced
S09594,1,45.6,61.32,48.72,54.1,58.16,75.52,86.23,85.0,68.86,0,88.67,52.44,Advanced
S09595,5,69.38,42.76,41.7,57.6,76.5,77.06,68.04,39.29,31.07,1,76.89,52.86,Intermediate
S09596,6,42.44,44.35,36.73,58.92,63.28,88.27,54.72,66.66,26.36,0,75.96,45.61,Intermediate
S09597,1,44.77,40.04,32.75,45.92,93.98,69.3,41.82,40.38,21.55,2,74.26,40.87,Beginner
S09598,8,74.34,76.97,71.46,75.53,49.15,92.47,90.5,84.66,46.83,1,91.01,74.58,Advanced
S09599,2,76.79,79.86,83.48,81.08,61.56,91.72,100.0,79.97,59.56,0,96.91,80.3,Advanced
S09600,2,71.4,55.64,43.19,73.33,76.35,92.31,72.8,51.25,47.65,0,59.69,60.89,Intermediate
